birth_id,city,date,time,offset_min,any_changed,changed,asc_shift_deg,planet_house_changes
서울-1980-01-08-00:00,서울,1980-01-08,00:00,-120,1,hourPillar|minggongBranch|bodyPalaceBranch|soulStar|ascSign|mcSign|planetHouses,24.5500,11
서울-1980-01-08-00:00,서울,1980-01-08,00:00,-60,1,hourPillar|minggongBranch|bodyPalaceBranch|soulStar|ascSign|mcSign|planetHouses,12.3000,6
서울-1980-01-08-00:00,서울,1980-01-08,00:00,-30,1,hourPillar|minggongBranch|bodyPalaceBranch|soulStar|planetHouses,6.1500,1
서울-1980-01-08-00:00,서울,1980-01-08,00:00,-15,1,planetHouses,3.0667,1
서울-1980-01-08-00:00,서울,1980-01-08,00:00,-5,1,planetHouses,1.0333,1
서울-1980-01-08-00:00,서울,1980-01-08,00:00,5,1,planetHouses,1.0167,1
서울-1980-01-08-00:00,서울,1980-01-08,00:00,15,1,planetHouses,3.0667,1
서울-1980-01-08-00:00,서울,1980-01-08,00:00,30,1,planetHouses,6.1333,3
서울-1980-01-08-00:00,서울,1980-01-08,00:00,60,1,dayPillar|planetHouses,12.2500,5
서울-1980-01-08-00:00,서울,1980-01-08,00:00,120,1,dayPillar|hourPillar|minggongBranch|bodyPalaceBranch|soulStar|ascSign|mcSign|planetHouses,24.4167,11
서울-1980-01-08-02:14,서울,1980-01-08,02:14,-120,1,dayPillar|hourPillar|minggongBranch|bodyPalaceBranch|soulStar|ascSign|mcSign|planetHouses,24.3833,11
서울-1980-01-08-02:14,서울,1980-01-08,02:14,-60,1,hourPillar|minggongBranch|bodyPalaceBranch|soulStar|ascSign|mcSign|planetHouses,12.1500,4
서울-1980-01-08-02:14,서울,1980-01-08,02:14,-30,1,ascSign|planetHouses,6.0667,1
서울-1980-01-08-02:14,서울,1980-01-08,02:14,-15,1,planetHouses,3.0333,1
서울-1980-01-08-02:14,서울,1980-01-08,02:14,-5,0,,1.0167,0
서울-1980-01-08-02:14,서울,1980-01-08,02:14,5,0,,1.0000,0
서울-1980-01-08-02:14,서울,1980-01-08,02:14,15,1,planetHouses,3.0167,2
서울-1980-01-08-02:14,서울,1980-01-08,02:14,30,1,planetHouses,6.0333,3
서울-1980-01-08-02:14,서울,1980-01-08,02:14,60,1,planetHouses,12.0667,6
서울-1980-01-08-02:14,서울,1980-01-08,02:14,120,1,hourPillar|minggongBranch|bodyPalaceBranch|soulStar|mcSign|planetHouses,24.1500,12
서울-1980-01-08-04:28,서울,1980-01-08,04:28,-120,1,hourPillar|minggongBranch|bodyPalaceBranch|soulStar|ascSign|mcSign|planetHouses,24.1833,11
서울-1980-01-08-04:28,서울,1980-01-08,04:28,-60,1,hourPillar|minggongBranch|bodyPalaceBranch|soulStar|ascSign|mcSign|planetHouses,12.1167,5
서울-1980-01-08-04:28,서울,1980-01-08,04:28,-30,1,ascSign|planetHouses,6.0833,1
서울-1980-01-08-04:28,서울,1980-01-08,04:28,-15,1,ascSign,3.0500,0
서울-1980-01-08-04:28,서울,1980-01-08,04:28,-5,0,,1.0167,0
서울-1980-01-08-04:28,서울,1980-01-08,04:28,5,1,planetHouses,1.0167,1
서울-1980-01-08-04:28,서울,1980-01-08,04:28,15,1,planetHouses,3.0500,2
서울-1980-01-08-04:28,서울,1980-01-08,04:28,30,1,planetHouses,6.1333,4
서울-1980-01-08-04:28,서울,1980-01-08,04:28,60,1,mcSign|planetHouses,12.4000,7
서울-1980-01-08-04:28,서울,1980-01-08,04:28,120,1,hourPillar|minggongBranch|bodyPalaceBranch|soulStar|mcSign|planetHouses,25.4167,12
서울-1980-01-08-06:42,서울,1980-01-08,06:42,-120,1,hourPillar|minggongBranch|bodyPalaceBranch|soulStar|mcSign|planetHouses,25.7500,11
서울-1980-01-08-06:42,서울,1980-01-08,06:42,-60,1,planetHouses,13.2333,5
서울-1980-01-08-06:42,서울,1980-01-08,06:42,-30,1,planetHouses,6.7500,2
서울-1980-01-08-06:42,서울,1980-01-08,06:42,-15,1,planetHouses,3.4167,1
서울-1980-01-08-06:42,서울,1980-01-08,06:42,-5,0,,1.1500,0
서울-1980-01-08-06:42,서울,1980-01-08,06:42,5,1,ascSign|planetHouses,1.1500,1
서울-1980-01-08-06:42,서울,1980-01-08,06:42,15,1,ascSign|planetHouses,3.4833,2
서울-1980-01-08-06:42,서울,1980-01-08,06:42,30,1,ascSign|planetHouses,7.0500,2
서울-1980-01-08-06:42,서울,1980-01-08,06:42,60,1,hourPillar|minggongBranch|bodyPalaceBranch|soulStar|ascSign|mcSign|planetHouses,14.5167,7
서울-1980-01-08-06:42,서울,1980-01-08,06:42,120,1,hourPillar|minggongBranch|bodyPalaceBranch|soulStar|ascSign|mcSign|planetHouses,31.0667,11
서울-1980-01-08-08:56,서울,1980-01-08,08:56,-120,1,hourPillar|minggongBranch|bodyPalaceBranch|soulStar|ascSign|mcSign|planetHouses,32.0500,11
서울-1980-01-08-08:56,서울,1980-01-08,08:56,-60,1,ascSign|planetHouses,17.1333,7
서울-1980-01-08-08:56,서울,1980-01-08,08:56,-30,1,ascSign|planetHouses,8.9000,5
서울-1980-01-08-08:56,서울,1980-01-08,08:56,-15,1,planetHouses,4.5333,3
서울-1980-01-08-08:56,서울,1980-01-08,08:56,-5,1,planetHouses,1.5333,2
서울-1980-01-08-08:56,서울,1980-01-08,08:56,5,1,planetHouses,1.5500,1
서울-1980-01-08-08:56,서울,1980-01-08,08:56,15,1,planetHouses,4.7333,1
서울-1980-01-08-08:56,서울,1980-01-08,08:56,30,1,mcSign|planetHouses,9.6667,3
서울-1980-01-08-08:56,서울,1980-01-08,08:56,60,1,hourPillar|minggongBranch|bodyPalaceBranch|soulStar|mcSign|planetHouses,20.1333,5
서울-1980-01-08-08:56,서울,1980-01-08,08:56,120,1,hourPillar|minggongBranch|bodyPalaceBranch|soulStar|ascSign|mcSign|planetHouses,43.2833,12
서울-1980-01-08-10:10,서울,1980-01-08,10:10,-120,1,hourPillar|minggongBranch|bodyPalaceBranch|soulStar|ascSign|mcSign|planetHouses,38.6667,10
서울-1980-01-08-10:10,서울,1980-01-08,10:10,-60,1,hourPillar|minggongBranch|bodyPalaceBranch|soulStar|ascSign|mcSign|planetHouses,20.8833,4
서울-1980-01-08-10:10,서울,1980-01-08,10:10,-30,1,ascSign|planetHouses,10.8500,1
서울-1980-01-08-10:10,서울,1980-01-08,10:10,-15,1,ascSign,5.5333,0
서울-1980-01-08-10:10,서울,1980-01-08,10:10,-5,1,ascSign,1.8667,0
서울-1980-01-08-10:10,서울,1980-01-08,10:10,5,1,planetHouses,1.8833,2
서울-1980-01-08-10:10,서울,1980-01-08,10:10,15,1,planetHouses,5.7000,2
서울-1980-01-08-10:10,서울,1980-01-08,10:10,30,1,planetHouses,11.5833,6
서울-1980-01-08-10:10,서울,1980-01-08,10:10,60,1,planetHouses,23.6667,10
서울-1980-01-08-10:10,서울,1980-01-08,10:10,120,1,hourPillar|minggongBranch|bodyPalaceBranch|soulStar|ascSign|mcSign|planetHouses,48.0500,12
서울-1980-01-08-12:24,서울,1980-01-08,12:24,-120,1,hourPillar|minggongBranch|bodyPalaceBranch|soulStar|ascSign|mcSign|planetHouses,48.2167,12
서울-1980-01-08-12:24,서울,1980-01-08,12:24,-60,1,hourPillar|minggongBranch|bodyPalaceBranch|soulStar|ascSign|mcSign|planetHouses,24.1333,7
서울-1980-01-08-12:24,서울,1980-01-08,12:24,-30,1,planetHouses,11.8833,6
서울-1980-01-08-12:24,서울,1980-01-08,12:24,-15,1,planetHouses,5.8833,3
서울-1980-01-08-12:24,서울,1980-01-08,12:24,-5,1,planetHouses,1.9500,1
서울-1980-01-08-12:24,서울,1980-01-08,12:24,5,1,planetHouses,1.9167,1
서울-1980-01-08-12:24,서울,1980-01-08,12:24,15,1,planetHouses,5.7167,2
서울-1980-01-08-12:24,서울,1980-01-08,12:24,30,1,ascSign|planetHouses,11.2500,3
서울-1980-01-08-12:24,서울,1980-01-08,12:24,60,1,ascSign|planetHouses,21.7000,6
서울-1980-01-08-12:24,서울,1980-01-08,12:24,120,1,hourPillar|minggongBranch|bodyPalaceBranch|soulStar|ascSign|mcSign|planetHouses,40.2500,11
서울-1980-01-08-14:38,서울,1980-01-08,14:38,-120,1,hourPillar|minggongBranch|bodyPalaceBranch|soulStar|ascSign|mcSign|planetHouses,38.8333,12
서울-1980-01-08-14:38,서울,1980-01-08,14:38,-60,1,ascSign|planetHouses,17.8500,9
서울-1980-01-08-14:38,서울,1980-01-08,14:38,-30,1,ascSign|planetHouses,8.5667,4
서울-1980-01-08-14:38,서울,1980-01-08,14:38,-15,1,planetHouses,4.2000,2
서울-1980-01-08-14:38,서울,1980-01-08,14:38,-5,1,planetHouses,1.3833,1
서울-1980-01-08-14:38,서울,1980-01-08,14:38,5,0,,1.3667,0
서울-1980-01-08-14:38,서울,1980-01-08,14:38,15,0,,4.0500,0
서울-1980-01-08-14:38,서울,1980-01-08,14:38,30,1,planetHouses,7.9667,2
서울-1980-01-08-14:38,서울,1980-01-08,14:38,60,1,hourPillar|minggongBranch|bodyPalaceBranch|soulStar|mcSign|planetHouses,15.4167,5
서울-1980-01-08-14:38,서울,1980-01-08,14:38,120,1,hourPillar|minggongBranch|bodyPalaceBranch|soulStar|ascSign|mcSign|planetHouses,29.2167,12
서울-1980-01-08-16:52,서울,1980-01-08,16:52,-120,1,hourPillar|minggongBranch|bodyPalaceBranch|soulStar|ascSign|mcSign|planetHouses,28.4833,12
서울-1980-01-08-16:52,서울,1980-01-08,16:52,-60,1,ascSign|planetHouses,13.5000,6
서울-1980-01-08-16:52,서울,1980-01-08,16:52,-30,1,planetHouses,6.6167,4
서울-1980-01-08-16:52,서울,1980-01-08,16:52,-15,1,planetHouses,3.2833,2
서울-1980-01-08-16:52,서울,1980-01-08,16:52,-5,1,planetHouses,1.0833,1
서울-1980-01-08-16:52,서울,1980-01-08,16:52,5,0,,1.0833,0
서울-1980-01-08-16:52,서울,1980-01-08,16:52,15,1,planetHouses,3.2333,1
서울-1980-01-08-16:52,서울,1980-01-08,16:52,30,1,planetHouses,6.4000,2
서울-1980-01-08-16:52,서울,1980-01-08,16:52,60,1,hourPillar|minggongBranch|bodyPalaceBranch|soulStar|mcSign|planetHouses,12.6500,5
서울-1980-01-08-16:52,서울,1980-01-08,16:52,120,1,hourPillar|minggongBranch|bodyPalaceBranch|soulStar|ascSign|mcSign|planetHouses,24.8833,11
서울-1980-01-08-18:06,서울,1980-01-08,18:06,-120,1,hourPillar|minggongBranch|bodyPalaceBranch|soulStar|ascSign|mcSign|planetHouses,25.7833,12
서울-1980-01-08-18:06,서울,1980-01-08,18:06,-60,1,hourPillar|minggongBranch|bodyPalaceBranch|soulStar|mcSign|planetHouses,12.5167,6
서울-1980-01-08-18:06,서울,1980-01-08,18:06,-30,1,planetHouses,6.2000,2
서울-1980-01-08-18:06,서울,1980-01-08,18:06,-15,1,planetHouses,3.0833,2
서울-1980-01-08-18:06,서울,1980-01-08,18:06,-5,1,planetHouses,1.0333,1
서울-1980-01-08-18:06,서울,1980-01-08,18:06,5,0,,1.0167,0
서울-1980-01-08-18:06,서울,1980-01-08,18:06,15,0,,3.0667,0
서울-1980-01-08-18:06,서울,1980-01-08,18:06,30,1,ascSign|planetHouses,6.1167,3
서울-1980-01-08-18:06,서울,1980-01-08,18:06,60,1,ascSign|planetHouses,12.1667,5
서울-1980-01-08-18:06,서울,1980-01-08,18:06,120,1,hourPillar|minggongBranch|bodyPalaceBranch|soulStar|ascSign|mcSign|planetHouses,24.2333,11
서울-1980-01-08-20:20,서울,1980-01-08,20:20,-120,1,hourPillar|minggongBranch|bodyPalaceBranch|soulStar|ascSign|mcSign|planetHouses,24.1833,12
서울-1980-01-08-20:20,서울,1980-01-08,20:20,-60,1,hourPillar|minggongBranch|bodyPalaceBranch|soulStar|planetHouses,12.0667,5
서울-1980-01-08-20:20,서울,1980-01-08,20:20,-30,1,planetHouses,6.0333,4
서울-1980-01-08-20:20,서울,1980-01-08,20:20,-15,1,planetHouses,3.0167,3
서울-1980-01-08-20:20,서울,1980-01-08,20:20,-5,1,planetHouses,1.0167,2
서울-1980-01-08-20:20,서울,1980-01-08,20:20,5,0,,1.0000,0
서울-1980-01-08-20:20,서울,1980-01-08,20:20,15,0,,3.0167,0
서울-1980-01-08-20:20,서울,1980-01-08,20:20,30,0,,6.0500,0
서울-1980-01-08-20:20,서울,1980-01-08,20:20,60,1,ascSign|mcSign|planetHouses,12.1167,6
서울-1980-01-08-20:20,서울,1980-01-08,20:20,120,1,hourPillar|minggongBranch|bodyPalaceBranch|soulStar|ascSign|mcSign|planetHouses,24.3333,10
서울-1980-01-08-22:34,서울,1980-01-08,22:34,-120,1,hourPillar|minggongBranch|bodyPalaceBranch|soulStar|ascSign|mcSign|planetHouses,24.3667,11
서울-1980-01-08-22:34,서울,1980-01-08,22:34,-60,1,planetHouses,12.2333,5
서울-1980-01-08-22:34,서울,1980-01-08,22:34,-30,1,planetHouses,6.1167,3
서울-1980-01-08-22:34,서울,1980-01-08,22:34,-15,1,planetHouses,3.0500,1
서울-1980-01-08-22:34,서울,1980-01-08,22:34,-5,0,,1.0167,0
서울-1980-01-08-22:34,서울,1980-01-08,22:34,5,0,,1.0333,0
서울-1980-01-08-22:34,서울,1980-01-08,22:34,15,1,planetHouses,3.0833,1
서울-1980-01-08-22:34,서울,1980-01-08,22:34,30,1,planetHouses,6.1500,2
서울-1980-01-08-22:34,서울,1980-01-08,22:34,60,1,hourPillar|minggongBranch|bodyPalaceBranch|soulStar|ascSign|mcSign|planetHouses,12.3000,7
서울-1980-01-08-22:34,서울,1980-01-08,22:34,120,1,dayPillar|hourPillar|minggongBranch|bodyPalaceBranch|soulStar|ascSign|mcSign|planetHouses,24.5667,10
서울-1980-02-15-00:00,서울,1980-02-15,00:00,-120,1,hourPillar|minggongBranch|bodyPalaceBranch|soulStar|ascSign|mcSign|planetHouses,24.3333,12
서울-1980-02-15-00:00,서울,1980-02-15,00:00,-60,1,hourPillar|minggongBranch|bodyPalaceBranch|soulStar|ascSign|mcSign|planetHouses,12.1167,6
서울-1980-02-15-00:00,서울,1980-02-15,00:00,-30,1,hourPillar|minggongBranch|bodyPalaceBranch|soulStar|planetHouses,6.0500,2
서울-1980-02-15-00:00,서울,1980-02-15,00:00,-15,0,,3.0333,0
서울-1980-02-15-00:00,서울,1980-02-15,00:00,-5,0,,1.0167,0
서울-1980-02-15-00:00,서울,1980-02-15,00:00,5,0,,1.0000,0
서울-1980-02-15-00:00,서울,1980-02-15,00:00,15,0,,3.0167,0
서울-1980-02-15-00:00,서울,1980-02-15,00:00,30,0,,6.0333,0
서울-1980-02-15-00:00,서울,1980-02-15,00:00,60,1,dayPillar|planetHouses,12.0667,3
서울-1980-02-15-00:00,서울,1980-02-15,00:00,120,1,dayPillar|hourPillar|minggongBranch|bodyPalaceBranch|soulStar|ascSign|mcSign|planetHouses,24.1833,12
서울-1980-02-15-02:14,서울,1980-02-15,02:14,-120,1,dayPillar|hourPillar|minggongBranch|bodyPalaceBranch|soulStar|ascSign|mcSign|planetHouses,24.2333,12
서울-1980-02-15-02:14,서울,1980-02-15,02:14,-60,1,hourPillar|minggongBranch|bodyPalaceBranch|soulStar|ascSign|planetHouses,12.1667,7
서울-1980-02-15-02:14,서울,1980-02-15,02:14,-30,1,ascSign|planetHouses,6.1167,1
서울-1980-02-15-02:14,서울,1980-02-15,02:14,-15,0,,3.0667,0
서울-1980-02-15-02:14,서울,1980-02-15,02:14,-5,0,,1.0333,0
서울-1980-02-15-02:14,서울,1980-02-15,02:14,5,0,,1.0167,0
서울-1980-02-15-02:14,서울,1980-02-15,02:14,15,1,planetHouses,3.0833,1
서울-1980-02-15-02:14,서울,1980-02-15,02:14,30,1,planetHouses,6.1833,2
서울-1980-02-15-02:14,서울,1980-02-15,02:14,60,1,mcSign|planetHouses,12.5167,4
서울-1980-02-15-02:14,서울,1980-02-15,02:14,120,1,hourPillar|minggongBranch|bodyPalaceBranch|soulStar|mcSign|planetHouses,25.7667,12
서울-1980-02-15-04:28,서울,1980-02-15,04:28,-120,1,hourPillar|minggongBranch|bodyPalaceBranch|soulStar|ascSign|mcSign|planetHouses,26.1500,12
서울-1980-02-15-04:28,서울,1980-02-15,04:28,-60,1,hourPillar|minggongBranch|bodyPalaceBranch|soulStar|ascSign|planetHouses,13.5000,6
서울-1980-02-15-04:28,서울,1980-02-15,04:28,-30,1,ascSign|planetHouses,6.8833,2
서울-1980-02-15-04:28,서울,1980-02-15,04:28,-15,1,ascSign|planetHouses,3.4833,1
서울-1980-02-15-04:28,서울,1980-02-15,04:28,-5,0,,1.1667,0
서울-1980-02-15-04:28,서울,1980-02-15,04:28,5,0,,1.1833,0
서울-1980-02-15-04:28,서울,1980-02-15,04:28,15,1,planetHouses,3.5833,1
서울-1980-02-15-04:28,서울,1980-02-15,04:28,30,1,mcSign|planetHouses,7.2667,2
서울-1980-02-15-04:28,서울,1980-02-15,04:28,60,1,mcSign|planetHouses,14.9667,7
서울-1980-02-15-04:28,서울,1980-02-15,04:28,120,1,hourPillar|minggongBranch|bodyPalaceBranch|soulStar|ascSign|mcSign|planetHouses,32.1667,12
서울-1980-02-15-06:42,서울,1980-02-15,06:42,-120,1,hourPillar|minggongBranch|bodyPalaceBranch|soulStar|ascSign|mcSign|planetHouses,33.2667,12
서울-1980-02-15-06:42,서울,1980-02-15,06:42,-60,1,ascSign|planetHouses,17.8500,6
서울-1980-02-15-06:42,서울,1980-02-15,06:42,-30,1,planetHouses,9.2833,2
서울-1980-02-15-06:42,서울,1980-02-15,06:42,-15,1,planetHouses,4.7333,1
서울-1980-02-15-06:42,서울,1980-02-15,06:42,-5,0,,1.6000,0
서울-1980-02-15-06:42,서울,1980-02-15,06:42,5,1,planetHouses,1.6167,1
서울-1980-02-15-06:42,서울,1980-02-15,06:42,15,1,mcSign|planetHouses,4.9333,2
서울-1980-02-15-06:42,서울,1980-02-15,06:42,30,1,mcSign|planetHouses,10.0667,2
서울-1980-02-15-06:42,서울,1980-02-15,06:42,60,1,hourPillar|minggongBranch|bodyPalaceBranch|soulStar|ascSign|mcSign|planetHouses,20.9667,6
서울-1980-02-15-06:42,서울,1980-02-15,06:42,120,1,hourPillar|minggongBranch|bodyPalaceBranch|soulStar|ascSign|mcSign|planetHouses,44.6833,12
서울-1980-02-15-08:56,서울,1980-02-15,08:56,-120,1,hourPillar|minggongBranch|bodyPalaceBranch|soulStar|ascSign|mcSign|planetHouses,45.8167,12
서울-1980-02-15-08:56,서울,1980-02-15,08:56,-60,1,ascSign|mcSign|planetHouses,24.1167,8
서울-1980-02-15-08:56,서울,1980-02-15,08:56,-30,1,ascSign|mcSign|planetHouses,12.2333,1
서울-1980-02-15-08:56,서울,1980-02-15,08:56,-15,1,ascSign|mcSign|planetHouses,6.1500,1
서울-1980-02-15-08:56,서울,1980-02-15,08:56,-5,1,ascSign|mcSign,2.0500,0
서울-1980-02-15-08:56,서울,1980-02-15,08:56,5,0,,2.0500,0
서울-1980-02-15-08:56,서울,1980-02-15,08:56,15,1,planetHouses,6.1333,1
서울-1980-02-15-08:56,서울,1980-02-15,08:56,30,1,planetHouses,12.2333,2
서울-1980-02-15-08:56,서울,1980-02-15,08:56,60,1,hourPillar|minggongBranch|bodyPalaceBranch|soulStar|planetHouses,24.0833,9
서울-1980-02-15-08:56,서울,1980-02-15,08:56,120,1,hourPillar|minggongBranch|bodyPalaceBranch|soulStar|ascSign|planetHouses,45.7333,12
서울-1980-02-15-10:10,서울,1980-02-15,10:10,-120,1,hourPillar|minggongBranch|bodyPalaceBranch|soulStar|ascSign|mcSign|planetHouses,48.0500,12
서울-1980-02-15-10:10,서울,1980-02-15,10:10,-60,1,hourPillar|minggongBranch|bodyPalaceBranch|soulStar|planetHouses,23.6833,10
서울-1980-02-15-10:10,서울,1980-02-15,10:10,-30,1,planetHouses,11.5833,7
서울-1980-02-15-10:10,서울,1980-02-15,10:10,-15,1,planetHouses,5.7167,3
서울-1980-02-15-10:10,서울,1980-02-15,10:10,-5,1,planetHouses,1.8833,1
서울-1980-02-15-10:10,서울,1980-02-15,10:10,5,1,ascSign,1.8667,0
서울-1980-02-15-10:10,서울,1980-02-15,10:10,15,1,ascSign,5.5167,0
서울-1980-02-15-10:10,서울,1980-02-15,10:10,30,1,ascSign,10.8500,0
서울-1980-02-15-10:10,서울,1980-02-15,10:10,60,1,ascSign|mcSign|planetHouses,20.9000,2
서울-1980-02-15-10:10,서울,1980-02-15,10:10,120,1,hourPillar|minggongBranch|bodyPalaceBranch|soulStar|ascSign|mcSign|planetHouses,38.7000,12
서울-1980-02-15-12:24,서울,1980-02-15,12:24,-120,1,hourPillar|minggongBranch|bodyPalaceBranch|soulStar|ascSign|mcSign|planetHouses,37.3000,12
서울-1980-02-15-12:24,서울,1980-02-15,12:24,-60,1,hourPillar|minggongBranch|bodyPalaceBranch|soulStar|ascSign|planetHouses,17.1500,7
서울-1980-02-15-12:24,서울,1980-02-15,12:24,-30,1,planetHouses,8.2500,2
서울-1980-02-15-12:24,서울,1980-02-15,12:24,-15,0,,4.0500,0
서울-1980-02-15-12:24,서울,1980-02-15,12:24,-5,0,,1.3333,0
서울-1980-02-15-12:24,서울,1980-02-15,12:24,5,0,,1.3167,0
서울-1980-02-15-12:24,서울,1980-02-15,12:24,15,0,,3.9000,0
서울-1980-02-15-12:24,서울,1980-02-15,12:24,30,1,planetHouses,7.6833,2
서울-1980-02-15-12:24,서울,1980-02-15,12:24,60,1,mcSign|planetHouses,14.9167,7
서울-1980-02-15-12:24,서울,1980-02-15,12:24,120,1,hourPillar|minggongBranch|bodyPalaceBranch|soulStar|ascSign|mcSign|planetHouses,28.4000,12
서울-1980-02-15-14:38,서울,1980-02-15,14:38,-120,1,hourPillar|minggongBranch|bodyPalaceBranch|soulStar|ascSign|mcSign|planetHouses,27.7667,12
서울-1980-02-15-14:38,서울,1980-02-15,14:38,-60,1,planetHouses,13.2500,5
서울-1980-02-15-14:38,서울,1980-02-15,14:38,-30,1,planetHouses,6.5000,1
서울-1980-02-15-14:38,서울,1980-02-15,14:38,-15,1,planetHouses,3.2333,1
서울-1980-02-15-14:38,서울,1980-02-15,14:38,-5,0,,1.0667,0
서울-1980-02-15-14:38,서울,1980-02-15,14:38,5,1,planetHouses,1.0667,1
서울-1980-02-15-14:38,서울,1980-02-15,14:38,15,1,planetHouses,3.1667,3
서울-1980-02-15-14:38,서울,1980-02-15,14:38,30,1,mcSign|planetHouses,6.3167,4
서울-1980-02-15-14:38,서울,1980-02-15,14:38,60,1,hourPillar|minggongBranch|bodyPalaceBranch|soulStar|mcSign|planetHouses,12.5000,8
서울-1980-02-15-14:38,서울,1980-02-15,14:38,120,1,hourPillar|minggongBranch|bodyPalaceBranch|soulStar|ascSign|mcSign|planetHouses,24.6667,12
서울-1980-02-15-16:52,서울,1980-02-15,16:52,-120,1,hourPillar|minggongBranch|bodyPalaceBranch|soulStar|ascSign|mcSign|planetHouses,24.5167,12
서울-1980-02-15-16:52,서울,1980-02-15,16:52,-60,1,ascSign|mcSign|planetHouses,12.1167,6
서울-1980-02-15-16:52,서울,1980-02-15,16:52,-30,1,mcSign|planetHouses,6.0333,3
서울-1980-02-15-16:52,서울,1980-02-15,16:52,-15,1,mcSign,3.0167,0
서울-1980-02-15-16:52,서울,1980-02-15,16:52,-5,0,,1.0000,0
서울-1980-02-15-16:52,서울,1980-02-15,16:52,5,1,planetHouses,1.0000,1
서울-1980-02-15-16:52,서울,1980-02-15,16:52,15,1,planetHouses,3.0167,1
서울-1980-02-15-16:52,서울,1980-02-15,16:52,30,1,planetHouses,6.0333,3
서울-1980-02-15-16:52,서울,1980-02-15,16:52,60,1,hourPillar|minggongBranch|bodyPalaceBranch|soulStar|planetHouses,12.0667,5
서울-1980-02-15-16:52,서울,1980-02-15,16:52,120,1,hourPillar|minggongBranch|bodyPalaceBranch|soulStar|ascSign|mcSign|planetHouses,24.1833,12
서울-1980-02-15-18:06,서울,1980-02-15,18:06,-120,1,hourPillar|minggongBranch|bodyPalaceBranch|soulStar|mcSign|planetHouses,24.1667,12
서울-1980-02-15-18:06,서울,1980-02-15,18:06,-60,1,hourPillar|minggongBranch|bodyPalaceBranch|soulStar|planetHouses,12.0667,6
서울-1980-02-15-18:06,서울,1980-02-15,18:06,-30,1,planetHouses,6.0333,3
서울-1980-02-15-18:06,서울,1980-02-15,18:06,-15,1,planetHouses,3.0167,2
서울-1980-02-15-18:06,서울,1980-02-15,18:06,-5,1,planetHouses,1.0000,1
서울-1980-02-15-18:06,서울,1980-02-15,18:06,5,0,,1.0167,0
서울-1980-02-15-18:06,서울,1980-02-15,18:06,15,0,,3.0333,0
서울-1980-02-15-18:06,서울,1980-02-15,18:06,30,1,ascSign|planetHouses,6.0667,5
서울-1980-02-15-18:06,서울,1980-02-15,18:06,60,1,ascSign|mcSign|planetHouses,12.1500,6
서울-1980-02-15-18:06,서울,1980-02-15,18:06,120,1,hourPillar|minggongBranch|bodyPalaceBranch|soulStar|ascSign|mcSign|planetHouses,24.3833,10
서울-1980-02-15-20:20,서울,1980-02-15,20:20,-120,1,hourPillar|minggongBranch|bodyPalaceBranch|soulStar|ascSign|mcSign|planetHouses,24.4167,12
서울-1980-02-15-20:20,서울,1980-02-15,20:20,-60,1,hourPillar|minggongBranch|bodyPalaceBranch|soulStar|planetHouses,12.2667,4
서울-1980-02-15-20:20,서울,1980-02-15,20:20,-30,1,planetHouses,6.1333,2
서울-1980-02-15-20:20,서울,1980-02-15,20:20,-15,1,planetHouses,3.0833,2
서울-1980-02-15-20:20,서울,1980-02-15,20:20,-5,1,planetHouses,1.0333,2
서울-1980-02-15-20:20,서울,1980-02-15,20:20,5,0,,1.0167,0
서울-1980-02-15-20:20,서울,1980-02-15,20:20,15,1,planetHouses,3.0667,2
서울-1980-02-15-20:20,서울,1980-02-15,20:20,30,1,planetHouses,6.1333,5
서울-1980-02-15-20:20,서울,1980-02-15,20:20,60,1,ascSign|mcSign|planetHouses,12.2833,6
서울-1980-02-15-20:20,서울,1980-02-15,20:20,120,1,hourPillar|minggongBranch|bodyPalaceBranch|soulStar|ascSign|mcSign|planetHouses,24.5500,10
서울-1980-02-15-22:34,서울,1980-02-15,22:34,-120,1,hourPillar|minggongBranch|bodyPalaceBranch|soulStar|ascSign|mcSign|planetHouses,24.5333,10
서울-1980-02-15-22:34,서울,1980-02-15,22:34,-60,1,planetHouses,12.2500,4
서울-1980-02-15-22:34,서울,1980-02-15,22:34,-30,1,planetHouses,6.1167,2
서울-1980-02-15-22:34,서울,1980-02-15,22:34,-15,1,planetHouses,3.0667,2
서울-1980-02-15-22:34,서울,1980-02-15,22:34,-5,1,planetHouses,1.0167,2
서울-1980-02-15-22:34,서울,1980-02-15,22:34,5,0,,1.0167,0
서울-1980-02-15-22:34,서울,1980-02-15,22:34,15,1,planetHouses,3.0500,4
서울-1980-02-15-22:34,서울,1980-02-15,22:34,30,1,mcSign|planetHouses,6.0833,4
서울-1980-02-15-22:34,서울,1980-02-15,22:34,60,1,hourPillar|minggongBranch|bodyPalaceBranch|soulStar|ascSign|mcSign|planetHouses,12.1500,8
서울-1980-02-15-22:34,서울,1980-02-15,22:34,120,1,dayPillar|hourPillar|bodyPalaceBranch|sihua|ascSign|mcSign|planetHouses,24.2167,10
서울-1980-03-22-00:00,서울,1980-03-22,00:00,-120,1,hourPillar|minggongBranch|bodyPalaceBranch|soulStar|ascSign|mcSign|planetHouses,24.2500,11
서울-1980-03-22-00:00,서울,1980-03-22,00:00,-60,1,hourPillar|minggongBranch|bodyPalaceBranch|soulStar|ascSign|planetHouses,12.1833,2
서울-1980-03-22-00:00,서울,1980-03-22,00:00,-30,1,hourPillar|minggongBranch|bodyPalaceBranch|soulStar|ascSign,6.1167,0
서울-1980-03-22-00:00,서울,1980-03-22,00:00,-15,0,,3.0667,0
서울-1980-03-22-00:00,서울,1980-03-22,00:00,-5,0,,1.0167,0
서울-1980-03-22-00:00,서울,1980-03-22,00:00,5,1,planetHouses,1.0333,1
서울-1980-03-22-00:00,서울,1980-03-22,00:00,15,1,planetHouses,3.1000,4
서울-1980-03-22-00:00,서울,1980-03-22,00:00,30,1,planetHouses,6.2333,4
서울-1980-03-22-00:00,서울,1980-03-22,00:00,60,1,dayPillar|mcSign|planetHouses,12.6000,9
서울-1980-03-22-00:00,서울,1980-03-22,00:00,120,1,dayPillar|hourPillar|minggongBranch|bodyPalaceBranch|soulStar|ascSign|mcSign|planetHouses,25.9833,12
서울-1980-03-22-02:14,서울,1980-03-22,02:14,-120,1,dayPillar|hourPillar|minggongBranch|bodyPalaceBranch|soulStar|ascSign|mcSign|planetHouses,26.3833,12
서울-1980-03-22-02:14,서울,1980-03-22,02:14,-60,1,hourPillar|minggongBranch|bodyPalaceBranch|soulStar|ascSign|planetHouses,13.6500,6
서울-1980-03-22-02:14,서울,1980-03-22,02:14,-30,1,ascSign|planetHouses,6.9833,4
서울-1980-03-22-02:14,서울,1980-03-22,02:14,-15,1,planetHouses,3.5333,1
서울-1980-03-22-02:14,서울,1980-03-22,02:14,-5,1,planetHouses,1.2000,1
서울-1980-03-22-02:14,서울,1980-03-22,02:14,5,0,,1.1833,0
서울-1980-03-22-02:14,서울,1980-03-22,02:14,15,1,mcSign|planetHouses,3.6167,1
서울-1980-03-22-02:14,서울,1980-03-22,02:14,30,1,mcSign|planetHouses,7.3500,2
서울-1980-03-22-02:14,서울,1980-03-22,02:14,60,1,mcSign|planetHouses,15.1833,7
서울-1980-03-22-02:14,서울,1980-03-22,02:14,120,1,hourPillar|minggongBranch|bodyPalaceBranch|soulStar|ascSign|mcSign|planetHouses,32.7333,11
서울-1980-03-22-04:28,서울,1980-03-22,04:28,-120,1,hourPillar|minggongBranch|bodyPalaceBranch|soulStar|ascSign|mcSign|planetHouses,33.8833,12
서울-1980-03-22-04:28,서울,1980-03-22,04:28,-60,1,hourPillar|minggongBranch|bodyPalaceBranch|soulStar|ascSign|mcSign|planetHouses,18.2000,6
서울-1980-03-22-04:28,서울,1980-03-22,04:28,-30,1,mcSign|planetHouses,9.4667,2
서울-1980-03-22-04:28,서울,1980-03-22,04:28,-15,1,mcSign|planetHouses,4.8333,1
서울-1980-03-22-04:28,서울,1980-03-22,04:28,-5,1,mcSign,1.6333,0
서울-1980-03-22-04:28,서울,1980-03-22,04:28,5,1,planetHouses,1.6667,1
서울-1980-03-22-04:28,서울,1980-03-22,04:28,15,1,planetHouses,5.0500,2
서울-1980-03-22-04:28,서울,1980-03-22,04:28,30,1,planetHouses,10.2833,2
서울-1980-03-22-04:28,서울,1980-03-22,04:28,60,1,ascSign|planetHouses,21.3667,8
서울-1980-03-22-04:28,서울,1980-03-22,04:28,120,1,hourPillar|minggongBranch|bodyPalaceBranch|soulStar|ascSign|planetHouses,45.3167,12
서울-1980-03-22-06:42,서울,1980-03-22,06:42,-120,1,hourPillar|minggongBranch|bodyPalaceBranch|soulStar|ascSign|mcSign|planetHouses,46.3500,12
서울-1980-03-22-06:42,서울,1980-03-22,06:42,-60,1,ascSign|mcSign|planetHouses,24.2667,4
서울-1980-03-22-06:42,서울,1980-03-22,06:42,-30,1,ascSign|mcSign|planetHouses,12.2667,2
서울-1980-03-22-06:42,서울,1980-03-22,06:42,-15,1,ascSign|mcSign|planetHouses,6.1333,1
서울-1980-03-22-06:42,서울,1980-03-22,06:42,-5,1,planetHouses,2.0500,1
서울-1980-03-22-06:42,서울,1980-03-22,06:42,5,0,,2.0500,0
서울-1980-03-22-06:42,서울,1980-03-22,06:42,15,1,planetHouses,6.1333,2
서울-1980-03-22-06:42,서울,1980-03-22,06:42,30,1,planetHouses,12.1833,5
서울-1980-03-22-06:42,서울,1980-03-22,06:42,60,1,hourPillar|minggongBranch|bodyPalaceBranch|soulStar|planetHouses,23.9000,10
서울-1980-03-22-06:42,서울,1980-03-22,06:42,120,1,hourPillar|minggongBranch|bodyPalaceBranch|soulStar|ascSign|planetHouses,45.1333,12
서울-1980-03-22-08:56,서울,1980-03-22,08:56,-120,1,hourPillar|minggongBranch|bodyPalaceBranch|soulStar|ascSign|mcSign|planetHouses,43.9167,12
서울-1980-03-22-08:56,서울,1980-03-22,08:56,-60,1,mcSign|planetHouses,20.5000,7
서울-1980-03-22-08:56,서울,1980-03-22,08:56,-30,1,mcSign|planetHouses,9.8500,6
서울-1980-03-22-08:56,서울,1980-03-22,08:56,-15,1,mcSign|planetHouses,4.8167,3
서울-1980-03-22-08:56,서울,1980-03-22,08:56,-5,0,,1.5833,0
서울-1980-03-22-08:56,서울,1980-03-22,08:56,5,0,,1.5667,0
서울-1980-03-22-08:56,서울,1980-03-22,08:56,15,1,planetHouses,4.6167,3
서울-1980-03-22-08:56,서울,1980-03-22,08:56,30,1,ascSign|planetHouses,9.0667,4
서울-1980-03-22-08:56,서울,1980-03-22,08:56,60,1,hourPillar|minggongBranch|bodyPalaceBranch|soulStar|ascSign|planetHouses,17.4333,5
서울-1980-03-22-08:56,서울,1980-03-22,08:56,120,1,hourPillar|minggongBranch|bodyPalaceBranch|soulStar|ascSign|mcSign|planetHouses,32.5667,12
서울-1980-03-22-10:10,서울,1980-03-22,10:10,-120,1,hourPillar|minggongBranch|bodyPalaceBranch|soulStar|ascSign|mcSign|planetHouses,36.5833,12
서울-1980-03-22-10:10,서울,1980-03-22,10:10,-60,1,hourPillar|minggongBranch|bodyPalaceBranch|soulStar|ascSign|planetHouses,16.8333,4
서울-1980-03-22-10:10,서울,1980-03-22,10:10,-30,1,planetHouses,8.1000,1
서울-1980-03-22-10:10,서울,1980-03-22,10:10,-15,1,planetHouses,3.9833,1
서울-1980-03-22-10:10,서울,1980-03-22,10:10,-5,1,planetHouses,1.3167,1
서울-1980-03-22-10:10,서울,1980-03-22,10:10,5,1,planetHouses,1.2833,1
서울-1980-03-22-10:10,서울,1980-03-22,10:10,15,1,planetHouses,3.8333,1
서울-1980-03-22-10:10,서울,1980-03-22,10:10,30,1,planetHouses,7.5667,5
서울-1980-03-22-10:10,서울,1980-03-22,10:10,60,1,mcSign|planetHouses,14.7000,8
서울-1980-03-22-10:10,서울,1980-03-22,10:10,120,1,hourPillar|minggongBranch|bodyPalaceBranch|soulStar|ascSign|mcSign|planetHouses,28.0500,11
서울-1980-03-22-12:24,서울,1980-03-22,12:24,-120,1,hourPillar|minggongBranch|bodyPalaceBranch|soulStar|ascSign|mcSign|planetHouses,27.4500,11
서울-1980-03-22-12:24,서울,1980-03-22,12:24,-60,1,hourPillar|minggongBranch|bodyPalaceBranch|soulStar|planetHouses,13.1167,5
서울-1980-03-22-12:24,서울,1980-03-22,12:24,-30,1,planetHouses,6.4500,4
서울-1980-03-22-12:24,서울,1980-03-22,12:24,-15,1,planetHouses,3.2000,3
서울-1980-03-22-12:24,서울,1980-03-22,12:24,-5,1,planetHouses,1.0667,2
서울-1980-03-22-12:24,서울,1980-03-22,12:24,5,0,,1.0500,0
서울-1980-03-22-12:24,서울,1980-03-22,12:24,15,1,mcSign|planetHouses,3.1500,2
서울-1980-03-22-12:24,서울,1980-03-22,12:24,30,1,mcSign|planetHouses,6.2833,3
서울-1980-03-22-12:24,서울,1980-03-22,12:24,60,1,mcSign|planetHouses,12.4500,6
서울-1980-03-22-12:24,서울,1980-03-22,12:24,120,1,hourPillar|minggongBranch|bodyPalaceBranch|soulStar|ascSign|mcSign|planetHouses,24.5833,12
서울-1980-03-22-14:38,서울,1980-03-22,14:38,-120,1,hourPillar|minggongBranch|bodyPalaceBranch|soulStar|ascSign|mcSign|planetHouses,24.4500,11
서울-1980-03-22-14:38,서울,1980-03-22,14:38,-60,1,mcSign|planetHouses,12.1000,7
서울-1980-03-22-14:38,서울,1980-03-22,14:38,-30,1,mcSign|planetHouses,6.0333,1
서울-1980-03-22-14:38,서울,1980-03-22,14:38,-15,1,mcSign|planetHouses,3.0167,1
서울-1980-03-22-14:38,서울,1980-03-22,14:38,-5,0,,1.0000,0
서울-1980-03-22-14:38,서울,1980-03-22,14:38,5,1,planetHouses,1.0000,1
서울-1980-03-22-14:38,서울,1980-03-22,14:38,15,1,planetHouses,3.0167,2
서울-1980-03-22-14:38,서울,1980-03-22,14:38,30,1,planetHouses,6.0333,3
서울-1980-03-22-14:38,서울,1980-03-22,14:38,60,1,hourPillar|minggongBranch|bodyPalaceBranch|soulStar|planetHouses,12.0667,5
서울-1980-03-22-14:38,서울,1980-03-22,14:38,120,1,hourPillar|minggongBranch|bodyPalaceBranch|soulStar|ascSign|mcSign|planetHouses,24.2000,12
서울-1980-03-22-16:52,서울,1980-03-22,16:52,-120,1,hourPillar|minggongBranch|bodyPalaceBranch|soulStar|ascSign|mcSign|planetHouses,24.2333,12
서울-1980-03-22-16:52,서울,1980-03-22,16:52,-60,1,ascSign|mcSign|planetHouses,12.1667,8
서울-1980-03-22-16:52,서울,1980-03-22,16:52,-30,1,mcSign|planetHouses,6.1000,2
서울-1980-03-22-16:52,서울,1980-03-22,16:52,-15,1,planetHouses,3.0500,2
서울-1980-03-22-16:52,서울,1980-03-22,16:52,-5,0,,1.0167,0
서울-1980-03-22-16:52,서울,1980-03-22,16:52,5,0,,1.0167,0
서울-1980-03-22-16:52,서울,1980-03-22,16:52,15,0,,3.0500,0
서울-1980-03-22-16:52,서울,1980-03-22,16:52,30,0,,6.1000,0
서울-1980-03-22-16:52,서울,1980-03-22,16:52,60,1,hourPillar|minggongBranch|bodyPalaceBranch|soulStar|planetHouses,12.2333,2
서울-1980-03-22-16:52,서울,1980-03-22,16:52,120,1,hourPillar|minggongBranch|bodyPalaceBranch|soulStar|ascSign|mcSign|planetHouses,24.5333,12
서울-1980-03-22-18:06,서울,1980-03-22,18:06,-120,1,hourPillar|minggongBranch|bodyPalaceBranch|soulStar|mcSign|planetHouses,24.4333,10
서울-1980-03-22-18:06,서울,1980-03-22,18:06,-60,1,hourPillar|minggongBranch|bodyPalaceBranch|soulStar|planetHouses,12.2500,7
서울-1980-03-22-18:06,서울,1980-03-22,18:06,-30,1,planetHouses,6.1333,7
서울-1980-03-22-18:06,서울,1980-03-22,18:06,-15,1,planetHouses,3.0667,5
서울-1980-03-22-18:06,서울,1980-03-22,18:06,-5,1,planetHouses,1.0167,3
서울-1980-03-22-18:06,서울,1980-03-22,18:06,5,1,planetHouses,1.0333,1
서울-1980-03-22-18:06,서울,1980-03-22,18:06,15,1,planetHouses,3.0833,1
서울-1980-03-22-18:06,서울,1980-03-22,18:06,30,1,ascSign|mcSign|planetHouses,6.1500,3
서울-1980-03-22-18:06,서울,1980-03-22,18:06,60,1,ascSign|mcSign|planetHouses,12.3000,5
서울-1980-03-22-18:06,서울,1980-03-22,18:06,120,1,hourPillar|minggongBranch|bodyPalaceBranch|soulStar|ascSign|mcSign|planetHouses,24.5500,6
서울-1980-03-22-20:20,서울,1980-03-22,20:20,-120,1,hourPillar|minggongBranch|bodyPalaceBranch|soulStar|ascSign|mcSign|planetHouses,24.5333,11
서울-1980-03-22-20:20,서울,1980-03-22,20:20,-60,1,hourPillar|minggongBranch|bodyPalaceBranch|soulStar|planetHouses,12.2333,7
서울-1980-03-22-20:20,서울,1980-03-22,20:20,-30,1,planetHouses,6.1167,7
서울-1980-03-22-20:20,서울,1980-03-22,20:20,-15,1,planetHouses,3.0500,6
서울-1980-03-22-20:20,서울,1980-03-22,20:20,-5,1,planetHouses,1.0167,3
서울-1980-03-22-20:20,서울,1980-03-22,20:20,5,0,,1.0167,0
서울-1980-03-22-20:20,서울,1980-03-22,20:20,15,1,planetHouses,3.0333,1
서울-1980-03-22-20:20,서울,1980-03-22,20:20,30,1,mcSign|planetHouses,6.0833,4
서울-1980-03-22-20:20,서울,1980-03-22,20:20,60,1,ascSign|mcSign|planetHouses,12.1333,5
서울-1980-03-22-20:20,서울,1980-03-22,20:20,120,1,hourPillar|minggongBranch|bodyPalaceBranch|soulStar|ascSign|mcSign|planetHouses,24.2000,7
서울-1980-03-22-22:34,서울,1980-03-22,22:34,-120,1,hourPillar|minggongBranch|bodyPalaceBranch|soulStar|ascSign|mcSign|planetHouses,24.1833,10
서울-1980-03-22-22:34,서울,1980-03-22,22:34,-60,1,planetHouses,12.0667,6
서울-1980-03-22-22:34,서울,1980-03-22,22:34,-30,1,planetHouses,6.0333,5
서울-1980-03-22-22:34,서울,1980-03-22,22:34,-15,1,planetHouses,3.0167,4
서울-1980-03-22-22:34,서울,1980-03-22,22:34,-5,1,planetHouses,1.0000,3
서울-1980-03-22-22:34,서울,1980-03-22,22:34,5,0,,1.0167,0
서울-1980-03-22-22:34,서울,1980-03-22,22:34,15,1,mcSign|planetHouses,3.0167,3
서울-1980-03-22-22:34,서울,1980-03-22,22:34,30,1,mcSign|planetHouses,6.0500,4
서울-1980-03-22-22:34,서울,1980-03-22,22:34,60,1,hourPillar|minggongBranch|bodyPalaceBranch|soulStar|ascSign|mcSign|planetHouses,12.1333,6
서울-1980-03-22-22:34,서울,1980-03-22,22:34,120,1,dayPillar|hourPillar|minggongBranch|bodyPalaceBranch|soulStar|ascSign|mcSign|planetHouses,24.5333,9
서울-1980-04-02-00:00,서울,1980-04-02,00:00,-120,1,hourPillar|minggongBranch|bodyPalaceBranch|soulStar|ascSign|mcSign|planetHouses,24.5833,10
서울-1980-04-02-00:00,서울,1980-04-02,00:00,-60,1,hourPillar|minggongBranch|bodyPalaceBranch|soulStar|mcSign|planetHouses,12.4333,4
서울-1980-04-02-00:00,서울,1980-04-02,00:00,-30,1,hourPillar|minggongBranch|bodyPalaceBranch|soulStar|mcSign|planetHouses,6.2833,1
서울-1980-04-02-00:00,서울,1980-04-02,00:00,-15,1,mcSign|planetHouses,3.1500,1
서울-1980-04-02-00:00,서울,1980-04-02,00:00,-5,1,planetHouses,1.0500,1
서울-1980-04-02-00:00,서울,1980-04-02,00:00,5,1,planetHouses,1.0667,3
서울-1980-04-02-00:00,서울,1980-04-02,00:00,15,1,planetHouses,3.2000,3
서울-1980-04-02-00:00,서울,1980-04-02,00:00,30,1,planetHouses,6.4500,5
서울-1980-04-02-00:00,서울,1980-04-02,00:00,60,1,dayPillar|planetHouses,13.1167,7
서울-1980-04-02-00:00,서울,1980-04-02,00:00,120,1,dayPillar|hourPillar|minggongBranch|bodyPalaceBranch|soulStar|ascSign|mcSign|planetHouses,27.4333,11
서울-1980-04-02-02:14,서울,1980-04-02,02:14,-120,1,dayPillar|hourPillar|minggongBranch|bodyPalaceBranch|soulStar|ascSign|mcSign|planetHouses,28.0333,10
서울-1980-04-02-02:14,서울,1980-04-02,02:14,-60,1,hourPillar|minggongBranch|bodyPalaceBranch|soulStar|mcSign|planetHouses,14.7000,6
서울-1980-04-02-02:14,서울,1980-04-02,02:14,-30,1,planetHouses,7.5667,3
서울-1980-04-02-02:14,서울,1980-04-02,02:14,-15,1,planetHouses,3.8333,2
서울-1980-04-02-02:14,서울,1980-04-02,02:14,-5,1,planetHouses,1.3000,2
서울-1980-04-02-02:14,서울,1980-04-02,02:14,5,1,planetHouses,1.3000,2
서울-1980-04-02-02:14,서울,1980-04-02,02:14,15,1,planetHouses,3.9667,3
서울-1980-04-02-02:14,서울,1980-04-02,02:14,30,1,planetHouses,8.0833,4
서울-1980-04-02-02:14,서울,1980-04-02,02:14,60,1,ascSign|planetHouses,16.8000,7
서울-1980-04-02-02:14,서울,1980-04-02,02:14,120,1,hourPillar|minggongBranch|bodyPalaceBranch|soulStar|ascSign|mcSign|planetHouses,36.5167,11
서울-1980-04-02-04:28,서울,1980-04-02,04:28,-120,1,hourPillar|minggongBranch|bodyPalaceBranch|soulStar|ascSign|mcSign|planetHouses,37.8833,11
서울-1980-04-02-04:28,서울,1980-04-02,04:28,-60,1,hourPillar|minggongBranch|bodyPalaceBranch|soulStar|mcSign|planetHouses,20.4667,7
서울-1980-04-02-04:28,서울,1980-04-02,04:28,-30,1,planetHouses,10.6333,4
서울-1980-04-02-04:28,서울,1980-04-02,04:28,-15,1,planetHouses,5.4167,4
서울-1980-04-02-04:28,서울,1980-04-02,04:28,-5,1,planetHouses,1.8333,4
서울-1980-04-02-04:28,서울,1980-04-02,04:28,5,0,,1.8500,0
서울-1980-04-02-04:28,서울,1980-04-02,04:28,15,1,ascSign|planetHouses,5.6167,1
서울-1980-04-02-04:28,서울,1980-04-02,04:28,30,1,ascSign|planetHouses,11.4000,2
서울-1980-04-02-04:28,서울,1980-04-02,04:28,60,1,ascSign|planetHouses,23.4000,7
서울-1980-04-02-04:28,서울,1980-04-02,04:28,120,1,hourPillar|minggongBranch|bodyPalaceBranch|soulStar|ascSign|mcSign|planetHouses,47.8500,12
서울-1980-04-02-06:42,서울,1980-04-02,06:42,-120,1,hourPillar|minggongBranch|bodyPalaceBranch|soulStar|ascSign|mcSign|planetHouses,48.1500,12
서울-1980-04-02-06:42,서울,1980-04-02,06:42,-60,1,ascSign|mcSign|planetHouses,24.2833,7
서울-1980-04-02-06:42,서울,1980-04-02,06:42,-30,1,planetHouses,12.0000,6
서울-1980-04-02-06:42,서울,1980-04-02,06:42,-15,1,planetHouses,5.9500,2
서울-1980-04-02-06:42,서울,1980-04-02,06:42,-5,1,planetHouses,1.9667,2
서울-1980-04-02-06:42,서울,1980-04-02,06:42,5,0,,1.9667,0
서울-1980-04-02-06:42,서울,1980-04-02,06:42,15,1,planetHouses,5.8167,3
서울-1980-04-02-06:42,서울,1980-04-02,06:42,30,1,ascSign|planetHouses,11.4333,4
서울-1980-04-02-06:42,서울,1980-04-02,06:42,60,1,hourPillar|minggongBranch|bodyPalaceBranch|soulStar|ascSign|planetHouses,22.1167,5
서울-1980-04-02-06:42,서울,1980-04-02,06:42,120,1,hourPillar|minggongBranch|bodyPalaceBranch|soulStar|ascSign|mcSign|planetHouses,41.0667,11
서울-1980-04-02-08:56,서울,1980-04-02,08:56,-120,1,hourPillar|minggongBranch|bodyPalaceBranch|soulStar|ascSign|mcSign|planetHouses,39.6167,12
서울-1980-04-02-08:56,서울,1980-04-02,08:56,-60,1,ascSign|mcSign|planetHouses,18.2333,9
서울-1980-04-02-08:56,서울,1980-04-02,08:56,-30,1,ascSign|planetHouses,8.7500,3
서울-1980-04-02-08:56,서울,1980-04-02,08:56,-15,1,planetHouses,4.2833,1
서울-1980-04-02-08:56,서울,1980-04-02,08:56,-5,0,,1.4000,0
서울-1980-04-02-08:56,서울,1980-04-02,08:56,5,1,planetHouses,1.4000,1
서울-1980-04-02-08:56,서울,1980-04-02,08:56,15,1,planetHouses,4.1333,2
서울-1980-04-02-08:56,서울,1980-04-02,08:56,30,1,planetHouses,8.1167,3
서울-1980-04-02-08:56,서울,1980-04-02,08:56,60,1,hourPillar|minggongBranch|bodyPalaceBranch|soulStar|planetHouses,15.7000,6
서울-1980-04-02-08:56,서울,1980-04-02,08:56,120,1,hourPillar|minggongBranch|bodyPalaceBranch|soulStar|ascSign|mcSign|planetHouses,29.6500,11
서울-1980-04-02-10:10,서울,1980-04-02,10:10,-120,1,hourPillar|minggongBranch|bodyPalaceBranch|soulStar|ascSign|mcSign|planetHouses,32.7833,12
서울-1980-04-02-10:10,서울,1980-04-02,10:10,-60,1,hourPillar|minggongBranch|bodyPalaceBranch|soulStar|mcSign|planetHouses,15.2167,6
서울-1980-04-02-10:10,서울,1980-04-02,10:10,-30,1,mcSign|planetHouses,7.3667,5
서울-1980-04-02-10:10,서울,1980-04-02,10:10,-15,1,mcSign|planetHouses,3.6333,2
서울-1980-04-02-10:10,서울,1980-04-02,10:10,-5,0,,1.2000,0
서울-1980-04-02-10:10,서울,1980-04-02,10:10,5,0,,1.1833,0
서울-1980-04-02-10:10,서울,1980-04-02,10:10,15,0,,3.5333,0
서울-1980-04-02-10:10,서울,1980-04-02,10:10,30,1,ascSign|planetHouses,6.9833,2
서울-1980-04-02-10:10,서울,1980-04-02,10:10,60,1,ascSign|planetHouses,13.6500,5
서울-1980-04-02-10:10,서울,1980-04-02,10:10,120,1,hourPillar|minggongBranch|bodyPalaceBranch|soulStar|ascSign|mcSign|planetHouses,26.4000,11
서울-1980-04-02-12:24,서울,1980-04-02,12:24,-120,1,hourPillar|minggongBranch|bodyPalaceBranch|soulStar|ascSign|mcSign|planetHouses,25.9833,11
서울-1980-04-02-12:24,서울,1980-04-02,12:24,-60,1,hourPillar|minggongBranch|bodyPalaceBranch|soulStar|mcSign|planetHouses,12.6000,5
서울-1980-04-02-12:24,서울,1980-04-02,12:24,-30,0,,6.2333,0
서울-1980-04-02-12:24,서울,1980-04-02,12:24,-15,0,,3.1000,0
서울-1980-04-02-12:24,서울,1980-04-02,12:24,-5,0,,1.0333,0
서울-1980-04-02-12:24,서울,1980-04-02,12:24,5,1,planetHouses,1.0333,1
서울-1980-04-02-12:24,서울,1980-04-02,12:24,15,1,planetHouses,3.0667,2
서울-1980-04-02-12:24,서울,1980-04-02,12:24,30,1,ascSign|planetHouses,6.1333,3
서울-1980-04-02-12:24,서울,1980-04-02,12:24,60,1,ascSign|planetHouses,12.2000,10
서울-1980-04-02-12:24,서울,1980-04-02,12:24,120,1,hourPillar|minggongBranch|bodyPalaceBranch|soulStar|ascSign|mcSign|planetHouses,24.2667,12
서울-1980-04-02-14:38,서울,1980-04-02,14:38,-120,1,hourPillar|minggongBranch|bodyPalaceBranch|soulStar|ascSign|mcSign|planetHouses,24.2167,10
서울-1980-04-02-14:38,서울,1980-04-02,14:38,-60,1,mcSign|planetHouses,12.0667,2
서울-1980-04-02-14:38,서울,1980-04-02,14:38,-30,0,,6.0333,0
서울-1980-04-02-14:38,서울,1980-04-02,14:38,-15,0,,3.0167,0
서울-1980-04-02-14:38,서울,1980-04-02,14:38,-5,0,,1.0167,0
서울-1980-04-02-14:38,서울,1980-04-02,14:38,5,1,planetHouses,1.0000,2
서울-1980-04-02-14:38,서울,1980-04-02,14:38,15,1,planetHouses,3.0167,3
서울-1980-04-02-14:38,서울,1980-04-02,14:38,30,1,planetHouses,6.0333,6
서울-1980-04-02-14:38,서울,1980-04-02,14:38,60,1,hourPillar|minggongBranch|bodyPalaceBranch|soulStar|ascSign|planetHouses,12.1000,11
서울-1980-04-02-14:38,서울,1980-04-02,14:38,120,1,hourPillar|minggongBranch|bodyPalaceBranch|soulStar|ascSign|mcSign|planetHouses,24.3000,12
서울-1980-04-02-16:52,서울,1980-04-02,16:52,-120,1,hourPillar|minggongBranch|bodyPalaceBranch|soulStar|ascSign|mcSign|planetHouses,24.3500,11
서울-1980-04-02-16:52,서울,1980-04-02,16:52,-60,1,planetHouses,12.2333,3
서울-1980-04-02-16:52,서울,1980-04-02,16:52,-30,1,planetHouses,6.1333,2
서울-1980-04-02-16:52,서울,1980-04-02,16:52,-15,1,planetHouses,3.0667,1
서울-1980-04-02-16:52,서울,1980-04-02,16:52,-5,0,,1.0167,0
서울-1980-04-02-16:52,서울,1980-04-02,16:52,5,0,,1.0167,0
서울-1980-04-02-16:52,서울,1980-04-02,16:52,15,0,,3.0667,0
서울-1980-04-02-16:52,서울,1980-04-02,16:52,30,1,planetHouses,6.1333,6
서울-1980-04-02-16:52,서울,1980-04-02,16:52,60,1,hourPillar|minggongBranch|bodyPalaceBranch|soulStar|ascSign|mcSign|planetHouses,12.2833,8
서울-1980-04-02-16:52,서울,1980-04-02,16:52,120,1,hourPillar|minggongBranch|bodyPalaceBranch|soulStar|ascSign|mcSign|planetHouses,24.5667,12
서울-1980-04-02-18:06,서울,1980-04-02,18:06,-120,1,hourPillar|minggongBranch|bodyPalaceBranch|soulStar|ascSign|mcSign|planetHouses,24.5333,11
서울-1980-04-02-18:06,서울,1980-04-02,18:06,-60,1,hourPillar|minggongBranch|bodyPalaceBranch|soulStar|ascSign|mcSign|planetHouses,12.2833,9
서울-1980-04-02-18:06,서울,1980-04-02,18:06,-30,1,ascSign|mcSign|planetHouses,6.1500,3
서울-1980-04-02-18:06,서울,1980-04-02,18:06,-15,1,planetHouses,3.0667,1
서울-1980-04-02-18:06,서울,1980-04-02,18:06,-5,0,,1.0333,0
서울-1980-04-02-18:06,서울,1980-04-02,18:06,5,0,,1.0167,0
서울-1980-04-02-18:06,서울,1980-04-02,18:06,15,1,planetHouses,3.0667,1
서울-1980-04-02-18:06,서울,1980-04-02,18:06,30,1,planetHouses,6.1333,1
서울-1980-04-02-18:06,서울,1980-04-02,18:06,60,1,planetHouses,12.2667,3
서울-1980-04-02-18:06,서울,1980-04-02,18:06,120,1,hourPillar|minggongBranch|bodyPalaceBranch|soulStar|mcSign|planetHouses,24.4667,11
서울-1980-04-02-20:20,서울,1980-04-02,20:20,-120,1,hourPillar|minggongBranch|bodyPalaceBranch|soulStar|ascSign|mcSign|planetHouses,24.4167,11
서울-1980-04-02-20:20,서울,1980-04-02,20:20,-60,1,hourPillar|minggongBranch|bodyPalaceBranch|soulStar|ascSign|mcSign|planetHouses,12.1667,8
서울-1980-04-02-20:20,서울,1980-04-02,20:20,-30,1,ascSign|mcSign|planetHouses,6.0667,2
서울-1980-04-02-20:20,서울,1980-04-02,20:20,-15,1,ascSign|planetHouses,3.0333,1
서울-1980-04-02-20:20,서울,1980-04-02,20:20,-5,1,ascSign|planetHouses,1.0000,1
서울-1980-04-02-20:20,서울,1980-04-02,20:20,5,0,,1.0167,0
서울-1980-04-02-20:20,서울,1980-04-02,20:20,15,1,planetHouses,3.0333,1
서울-1980-04-02-20:20,서울,1980-04-02,20:20,30,1,planetHouses,6.0500,3
서울-1980-04-02-20:20,서울,1980-04-02,20:20,60,1,planetHouses,12.0833,4
서울-1980-04-02-20:20,서울,1980-04-02,20:20,120,1,hourPillar|minggongBranch|bodyPalaceBranch|soulStar|mcSign|planetHouses,24.1667,10
서울-1980-04-02-22:34,서울,1980-04-02,22:34,-120,1,hourPillar|minggongBranch|bodyPalaceBranch|soulStar|mcSign|planetHouses,24.1500,11
서울-1980-04-02-22:34,서울,1980-04-02,22:34,-60,1,mcSign|planetHouses,12.0833,7
서울-1980-04-02-22:34,서울,1980-04-02,22:34,-30,1,planetHouses,6.0500,3
서울-1980-04-02-22:34,서울,1980-04-02,22:34,-15,1,planetHouses,3.0167,2
서울-1980-04-02-22:34,서울,1980-04-02,22:34,-5,0,,1.0000,0
서울-1980-04-02-22:34,서울,1980-04-02,22:34,5,1,planetHouses,1.0167,1
서울-1980-04-02-22:34,서울,1980-04-02,22:34,15,1,ascSign|planetHouses,3.0500,2
서울-1980-04-02-22:34,서울,1980-04-02,22:34,30,1,ascSign|planetHouses,6.1167,3
서울-1980-04-02-22:34,서울,1980-04-02,22:34,60,1,hourPillar|minggongBranch|bodyPalaceBranch|soulStar|ascSign|planetHouses,12.3000,5
서울-1980-04-02-22:34,서울,1980-04-02,22:34,120,1,dayPillar|hourPillar|minggongBranch|bodyPalaceBranch|soulStar|ascSign|mcSign|planetHouses,25.1167,12
서울-1980-05-09-00:00,서울,1980-05-09,00:00,-120,1,hourPillar|minggongBranch|bodyPalaceBranch|soulStar|ascSign|mcSign|planetHouses,28.5667,11
서울-1980-05-09-00:00,서울,1980-05-09,00:00,-60,1,hourPillar|minggongBranch|bodyPalaceBranch|soulStar|mcSign|planetHouses,15.0167,6
서울-1980-05-09-00:00,서울,1980-05-09,00:00,-30,1,hourPillar|minggongBranch|bodyPalaceBranch|soulStar|planetHouses,7.7333,5
서울-1980-05-09-00:00,서울,1980-05-09,00:00,-15,1,planetHouses,3.9333,2
서울-1980-05-09-00:00,서울,1980-05-09,00:00,-5,1,planetHouses,1.3167,1
서울-1980-05-09-00:00,서울,1980-05-09,00:00,5,1,planetHouses,1.3500,1
서울-1980-05-09-00:00,서울,1980-05-09,00:00,15,1,planetHouses,4.0833,3
서울-1980-05-09-00:00,서울,1980-05-09,00:00,30,1,planetHouses,8.3167,4
서울-1980-05-09-00:00,서울,1980-05-09,00:00,60,1,dayPillar|ascSign|planetHouses,17.3167,7
서울-1980-05-09-00:00,서울,1980-05-09,00:00,120,1,dayPillar|hourPillar|minggongBranch|bodyPalaceBranch|soulStar|ascSign|mcSign|planetHouses,37.6500,10
서울-1980-05-09-02:14,서울,1980-05-09,02:14,-120,1,dayPillar|hourPillar|minggongBranch|bodyPalaceBranch|soulStar|ascSign|mcSign|planetHouses,39.0500,12
서울-1980-05-09-02:14,서울,1980-05-09,02:14,-60,1,hourPillar|minggongBranch|bodyPalaceBranch|soulStar|ascSign|mcSign|planetHouses,21.0833,9
서울-1980-05-09-02:14,서울,1980-05-09,02:14,-30,1,ascSign|planetHouses,10.9500,7
서울-1980-05-09-02:14,서울,1980-05-09,02:14,-15,1,ascSign|planetHouses,5.5667,4
서울-1980-05-09-02:14,서울,1980-05-09,02:14,-5,1,ascSign|planetHouses,1.8833,3
서울-1980-05-09-02:14,서울,1980-05-09,02:14,5,0,,1.9000,0
서울-1980-05-09-02:14,서울,1980-05-09,02:14,15,1,planetHouses,5.7500,1
서울-1980-05-09-02:14,서울,1980-05-09,02:14,30,1,planetHouses,11.6500,2
서울-1980-05-09-02:14,서울,1980-05-09,02:14,60,1,planetHouses,23.8000,4
서울-1980-05-09-02:14,서울,1980-05-09,02:14,120,1,hourPillar|minggongBranch|bodyPalaceBranch|soulStar|ascSign|mcSign|planetHouses,48.1167,12
서울-1980-05-09-04:28,서울,1980-05-09,04:28,-120,1,hourPillar|minggongBranch|bodyPalaceBranch|soulStar|ascSign|mcSign|planetHouses,48.2000,12
서울-1980-05-09-04:28,서울,1980-05-09,04:28,-60,1,hourPillar|minggongBranch|bodyPalaceBranch|soulStar|planetHouses,24.0333,10
서울-1980-05-09-04:28,서울,1980-05-09,04:28,-30,1,planetHouses,11.8167,6
서울-1980-05-09-04:28,서울,1980-05-09,04:28,-15,1,planetHouses,5.8500,2
서울-1980-05-09-04:28,서울,1980-05-09,04:28,-5,1,planetHouses,1.9333,1
서울-1980-05-09-04:28,서울,1980-05-09,04:28,5,0,,1.9000,0
서울-1980-05-09-04:28,서울,1980-05-09,04:28,15,1,ascSign,5.6667,0
서울-1980-05-09-04:28,서울,1980-05-09,04:28,30,1,ascSign|planetHouses,11.1500,2
서울-1980-05-09-04:28,서울,1980-05-09,04:28,60,1,ascSign|planetHouses,21.5167,3
서울-1980-05-09-04:28,서울,1980-05-09,04:28,120,1,hourPillar|minggongBranch|bodyPalaceBranch|soulStar|ascSign|mcSign|planetHouses,39.8833,12
서울-1980-05-09-06:42,서울,1980-05-09,06:42,-120,1,hourPillar|minggongBranch|bodyPalaceBranch|soulStar|ascSign|mcSign|planetHouses,38.4667,12
서울-1980-05-09-06:42,서울,1980-05-09,06:42,-60,1,ascSign|planetHouses,17.7000,7
서울-1980-05-09-06:42,서울,1980-05-09,06:42,-30,1,planetHouses,8.5000,2
서울-1980-05-09-06:42,서울,1980-05-09,06:42,-15,0,,4.1667,0
서울-1980-05-09-06:42,서울,1980-05-09,06:42,-5,0,,1.3667,0
서울-1980-05-09-06:42,서울,1980-05-09,06:42,5,0,,1.3500,0
서울-1980-05-09-06:42,서울,1980-05-09,06:42,15,1,planetHouses,4.0167,1
서울-1980-05-09-06:42,서울,1980-05-09,06:42,30,1,planetHouses,7.8833,1
서울-1980-05-09-06:42,서울,1980-05-09,06:42,60,1,hourPillar|minggongBranch|bodyPalaceBranch|soulStar|mcSign|planetHouses,15.3000,7
서울-1980-05-09-06:42,서울,1980-05-09,06:42,120,1,hourPillar|minggongBranch|bodyPalaceBranch|soulStar|ascSign|mcSign|planetHouses,29.0000,12
서울-1980-05-09-08:56,서울,1980-05-09,08:56,-120,1,hourPillar|minggongBranch|bodyPalaceBranch|soulStar|ascSign|mcSign|planetHouses,28.3000,12
서울-1980-05-09-08:56,서울,1980-05-09,08:56,-60,1,ascSign|planetHouses,13.4500,4
서울-1980-05-09-08:56,서울,1980-05-09,08:56,-30,1,planetHouses,6.5833,2
서울-1980-05-09-08:56,서울,1980-05-09,08:56,-15,1,planetHouses,3.2667,1
서울-1980-05-09-08:56,서울,1980-05-09,08:56,-5,0,,1.0833,0
서울-1980-05-09-08:56,서울,1980-05-09,08:56,5,1,planetHouses,1.0667,2
서울-1980-05-09-08:56,서울,1980-05-09,08:56,15,1,planetHouses,3.2167,2
서울-1980-05-09-08:56,서울,1980-05-09,08:56,30,1,mcSign|planetHouses,6.3833,3
서울-1980-05-09-08:56,서울,1980-05-09,08:56,60,1,hourPillar|minggongBranch|bodyPalaceBranch|soulStar|mcSign|planetHouses,12.6167,6
서울-1980-05-09-08:56,서울,1980-05-09,08:56,120,1,hourPillar|minggongBranch|bodyPalaceBranch|soulStar|ascSign|mcSign|planetHouses,24.8167,12
서울-1980-05-09-10:10,서울,1980-05-09,10:10,-120,1,hourPillar|minggongBranch|bodyPalaceBranch|soulStar|mcSign|planetHouses,25.6833,10
서울-1980-05-09-10:10,서울,1980-05-09,10:10,-60,1,hourPillar|minggongBranch|bodyPalaceBranch|soulStar|mcSign|planetHouses,12.4833,6
서울-1980-05-09-10:10,서울,1980-05-09,10:10,-30,1,planetHouses,6.1833,3
서울-1980-05-09-10:10,서울,1980-05-09,10:10,-15,1,planetHouses,3.0833,2
서울-1980-05-09-10:10,서울,1980-05-09,10:10,-5,1,planetHouses,1.0167,1
서울-1980-05-09-10:10,서울,1980-05-09,10:10,5,0,,1.0333,0
서울-1980-05-09-10:10,서울,1980-05-09,10:10,15,1,planetHouses,3.0667,1
서울-1980-05-09-10:10,서울,1980-05-09,10:10,30,1,ascSign|planetHouses,6.1000,3
서울-1980-05-09-10:10,서울,1980-05-09,10:10,60,1,ascSign|planetHouses,12.1500,6
서울-1980-05-09-10:10,서울,1980-05-09,10:10,120,1,hourPillar|minggongBranch|bodyPalaceBranch|soulStar|ascSign|mcSign|planetHouses,24.2167,10
서울-1980-05-09-12:24,서울,1980-05-09,12:24,-120,1,hourPillar|minggongBranch|bodyPalaceBranch|soulStar|ascSign|mcSign|planetHouses,24.1667,11
서울-1980-05-09-12:24,서울,1980-05-09,12:24,-60,1,hourPillar|minggongBranch|bodyPalaceBranch|soulStar|planetHouses,12.0667,3
서울-1980-05-09-12:24,서울,1980-05-09,12:24,-30,1,planetHouses,6.0333,2
서울-1980-05-09-12:24,서울,1980-05-09,12:24,-15,1,planetHouses,3.0167,1
서울-1980-05-09-12:24,서울,1980-05-09,12:24,-5,1,planetHouses,1.0000,1
서울-1980-05-09-12:24,서울,1980-05-09,12:24,5,1,planetHouses,1.0167,1
서울-1980-05-09-12:24,서울,1980-05-09,12:24,15,1,planetHouses,3.0333,3
서울-1980-05-09-12:24,서울,1980-05-09,12:24,30,1,planetHouses,6.0500,7
서울-1980-05-09-12:24,서울,1980-05-09,12:24,60,1,ascSign|mcSign|planetHouses,12.1333,9
서울-1980-05-09-12:24,서울,1980-05-09,12:24,120,1,hourPillar|minggongBranch|bodyPalaceBranch|soulStar|ascSign|mcSign|planetHouses,24.3500,10
서울-1980-05-09-14:38,서울,1980-05-09,14:38,-120,1,hourPillar|minggongBranch|bodyPalaceBranch|soulStar|ascSign|mcSign|planetHouses,24.3833,8
서울-1980-05-09-14:38,서울,1980-05-09,14:38,-60,1,planetHouses,12.2500,2
서울-1980-05-09-14:38,서울,1980-05-09,14:38,-30,1,planetHouses,6.1333,2
서울-1980-05-09-14:38,서울,1980-05-09,14:38,-15,1,planetHouses,3.0667,2
서울-1980-05-09-14:38,서울,1980-05-09,14:38,-5,1,planetHouses,1.0333,1
서울-1980-05-09-14:38,서울,1980-05-09,14:38,5,0,,1.0167,0
서울-1980-05-09-14:38,서울,1980-05-09,14:38,15,1,planetHouses,3.0667,5
서울-1980-05-09-14:38,서울,1980-05-09,14:38,30,1,planetHouses,6.1333,5
서울-1980-05-09-14:38,서울,1980-05-09,14:38,60,1,hourPillar|minggongBranch|bodyPalaceBranch|soulStar|ascSign|mcSign|planetHouses,12.2833,9
서울-1980-05-09-14:38,서울,1980-05-09,14:38,120,1,hourPillar|minggongBranch|bodyPalaceBranch|soulStar|ascSign|mcSign|planetHouses,24.5500,10
서울-1980-05-09-16:52,서울,1980-05-09,16:52,-120,1,hourPillar|minggongBranch|bodyPalaceBranch|soulStar|ascSign|mcSign|planetHouses,24.5333,7
서울-1980-05-09-16:52,서울,1980-05-09,16:52,-60,1,planetHouses,12.2500,2
서울-1980-05-09-16:52,서울,1980-05-09,16:52,-30,1,planetHouses,6.1167,2
서울-1980-05-09-16:52,서울,1980-05-09,16:52,-15,1,planetHouses,3.0500,2
서울-1980-05-09-16:52,서울,1980-05-09,16:52,-5,0,,1.0167,0
서울-1980-05-09-16:52,서울,1980-05-09,16:52,5,0,,1.0333,0
서울-1980-05-09-16:52,서울,1980-05-09,16:52,15,1,planetHouses,3.0667,4
서울-1980-05-09-16:52,서울,1980-05-09,16:52,30,1,planetHouses,6.1000,6
서울-1980-05-09-16:52,서울,1980-05-09,16:52,60,1,hourPillar|minggongBranch|bodyPalaceBranch|soulStar|ascSign|mcSign|planetHouses,12.1833,9
서울-1980-05-09-16:52,서울,1980-05-09,16:52,120,1,hourPillar|minggongBranch|bodyPalaceBranch|soulStar|ascSign|mcSign|planetHouses,24.2667,11
서울-1980-05-09-18:06,서울,1980-05-09,18:06,-120,1,hourPillar|minggongBranch|bodyPalaceBranch|soulStar|ascSign|mcSign|planetHouses,24.3833,12
서울-1980-05-09-18:06,서울,1980-05-09,18:06,-60,1,hourPillar|minggongBranch|bodyPalaceBranch|soulStar|ascSign|mcSign|planetHouses,12.1500,6
서울-1980-05-09-18:06,서울,1980-05-09,18:06,-30,1,ascSign|planetHouses,6.0500,2
서울-1980-05-09-18:06,서울,1980-05-09,18:06,-15,1,planetHouses,3.0167,1
서울-1980-05-09-18:06,서울,1980-05-09,18:06,-5,0,,1.0000,0
서울-1980-05-09-18:06,서울,1980-05-09,18:06,5,0,,1.0167,0
서울-1980-05-09-18:06,서울,1980-05-09,18:06,15,0,,3.0333,0
서울-1980-05-09-18:06,서울,1980-05-09,18:06,30,0,,6.0500,0
서울-1980-05-09-18:06,서울,1980-05-09,18:06,60,1,planetHouses,12.0833,3
서울-1980-05-09-18:06,서울,1980-05-09,18:06,120,1,hourPillar|minggongBranch|bodyPalaceBranch|soulStar|mcSign|planetHouses,24.1667,10
서울-1980-05-09-20:20,서울,1980-05-09,20:20,-120,1,hourPillar|minggongBranch|bodyPalaceBranch|soulStar|ascSign|mcSign|planetHouses,24.1667,12
서울-1980-05-09-20:20,서울,1980-05-09,20:20,-60,1,hourPillar|minggongBranch|bodyPalaceBranch|soulStar|ascSign|mcSign|planetHouses,12.1000,7
서울-1980-05-09-20:20,서울,1980-05-09,20:20,-30,1,ascSign|planetHouses,6.0667,2
서울-1980-05-09-20:20,서울,1980-05-09,20:20,-15,1,ascSign|planetHouses,3.0333,2
서울-1980-05-09-20:20,서울,1980-05-09,20:20,-5,1,ascSign,1.0167,0
서울-1980-05-09-20:20,서울,1980-05-09,20:20,5,0,,1.0167,0
서울-1980-05-09-20:20,서울,1980-05-09,20:20,15,0,,3.0667,0
서울-1980-05-09-20:20,서울,1980-05-09,20:20,30,1,planetHouses,6.1333,3
서울-1980-05-09-20:20,서울,1980-05-09,20:20,60,1,planetHouses,12.3667,4
서울-1980-05-09-20:20,서울,1980-05-09,20:20,120,1,hourPillar|minggongBranch|bodyPalaceBranch|soulStar|mcSign|planetHouses,25.3333,11
서울-1980-05-09-22:34,서울,1980-05-09,22:34,-120,1,hourPillar|minggongBranch|bodyPalaceBranch|soulStar|mcSign|planetHouses,25.6333,12
서울-1980-05-09-22:34,서울,1980-05-09,22:34,-60,1,planetHouses,13.1500,6
서울-1980-05-09-22:34,서울,1980-05-09,22:34,-30,1,planetHouses,6.6833,4
서울-1980-05-09-22:34,서울,1980-05-09,22:34,-15,1,planetHouses,3.3667,3
서울-1980-05-09-22:34,서울,1980-05-09,22:34,-5,1,planetHouses,1.1333,1
서울-1980-05-09-22:34,서울,1980-05-09,22:34,5,1,planetHouses,1.1500,1
서울-1980-05-09-22:34,서울,1980-05-09,22:34,15,1,ascSign|planetHouses,3.4667,2
서울-1980-05-09-22:34,서울,1980-05-09,22:34,30,1,ascSign|planetHouses,7.0167,3
서울-1980-05-09-22:34,서울,1980-05-09,22:34,60,1,hourPillar|minggongBranch|bodyPalaceBranch|soulStar|ascSign|mcSign|planetHouses,14.4000,4
서울-1980-05-09-22:34,서울,1980-05-09,22:34,120,1,dayPillar|hourPillar|minggongBranch|bodyPalaceBranch|soulStar|ascSign|mcSign|planetHouses,30.7833,12
서울-1980-06-16-00:00,서울,1980-06-16,00:00,-120,1,hourPillar|minggongBranch|bodyPalaceBranch|soulStar|ascSign|mcSign|planetHouses,40.6000,12
서울-1980-06-16-00:00,서울,1980-06-16,00:00,-60,1,hourPillar|minggongBranch|bodyPalaceBranch|soulStar|ascSign|planetHouses,21.8833,7
서울-1980-06-16-00:00,서울,1980-06-16,00:00,-30,1,hourPillar|minggongBranch|bodyPalaceBranch|soulStar|ascSign|planetHouses,11.3167,4
서울-1980-06-16-00:00,서울,1980-06-16,00:00,-15,1,planetHouses,5.7500,4
서울-1980-06-16-00:00,서울,1980-06-16,00:00,-5,1,planetHouses,1.9333,1
서울-1980-06-16-00:00,서울,1980-06-16,00:00,5,0,,1.9667,0
서울-1980-06-16-00:00,서울,1980-06-16,00:00,15,0,,5.9167,0
서울-1980-06-16-00:00,서울,1980-06-16,00:00,30,1,planetHouses,11.9500,2
서울-1980-06-16-00:00,서울,1980-06-16,00:00,60,1,dayPillar|ascSign|mcSign|planetHouses,24.2000,6
서울-1980-06-16-00:00,서울,1980-06-16,00:00,120,1,dayPillar|hourPillar|minggongBranch|bodyPalaceBranch|soulStar|ascSign|mcSign|planetHouses,48.2000,12
서울-1980-06-16-02:14,서울,1980-06-16,02:14,-120,1,dayPillar|hourPillar|minggongBranch|bodyPalaceBranch|soulStar|ascSign|mcSign|planetHouses,47.9667,12
서울-1980-06-16-02:14,서울,1980-06-16,02:14,-60,1,hourPillar|minggongBranch|bodyPalaceBranch|soulStar|ascSign|planetHouses,23.5500,7
서울-1980-06-16-02:14,서울,1980-06-16,02:14,-30,1,ascSign|planetHouses,11.5000,3
서울-1980-06-16-02:14,서울,1980-06-16,02:14,-15,1,ascSign|planetHouses,5.6667,2
서울-1980-06-16-02:14,서울,1980-06-16,02:14,-5,1,ascSign,1.8667,0
서울-1980-06-16-02:14,서울,1980-06-16,02:14,5,1,planetHouses,1.8500,2
서울-1980-06-16-02:14,서울,1980-06-16,02:14,15,1,planetHouses,5.4833,3
서울-1980-06-16-02:14,서울,1980-06-16,02:14,30,1,planetHouses,10.7667,3
서울-1980-06-16-02:14,서울,1980-06-16,02:14,60,1,mcSign|planetHouses,20.7000,6
서울-1980-06-16-02:14,서울,1980-06-16,02:14,120,1,hourPillar|minggongBranch|bodyPalaceBranch|soulStar|ascSign|mcSign|planetHouses,38.3333,12
서울-1980-06-16-04:28,서울,1980-06-16,04:28,-120,1,hourPillar|minggongBranch|bodyPalaceBranch|soulStar|ascSign|mcSign|planetHouses,36.9500,12
서울-1980-06-16-04:28,서울,1980-06-16,04:28,-60,1,hourPillar|minggongBranch|bodyPalaceBranch|soulStar|ascSign|planetHouses,16.9833,7
서울-1980-06-16-04:28,서울,1980-06-16,04:28,-30,1,planetHouses,8.1667,2
서울-1980-06-16-04:28,서울,1980-06-16,04:28,-15,1,planetHouses,4.0000,1
서울-1980-06-16-04:28,서울,1980-06-16,04:28,-5,1,planetHouses,1.3167,1
서울-1980-06-16-04:28,서울,1980-06-16,04:28,5,0,,1.3167,0
서울-1980-06-16-04:28,서울,1980-06-16,04:28,15,1,planetHouses,3.8833,2
서울-1980-06-16-04:28,서울,1980-06-16,04:28,30,1,planetHouses,7.6333,3
서울-1980-06-16-04:28,서울,1980-06-16,04:28,60,1,mcSign|planetHouses,14.8167,7
서울-1980-06-16-04:28,서울,1980-06-16,04:28,120,1,hourPillar|minggongBranch|bodyPalaceBranch|soulStar|ascSign|mcSign|planetHouses,28.2333,12
서울-1980-06-16-06:42,서울,1980-06-16,06:42,-120,1,hourPillar|minggongBranch|bodyPalaceBranch|soulStar|ascSign|mcSign|planetHouses,27.6167,12
서울-1980-06-16-06:42,서울,1980-06-16,06:42,-60,1,planetHouses,13.1833,6
서울-1980-06-16-06:42,서울,1980-06-16,06:42,-30,1,planetHouses,6.4833,4
서울-1980-06-16-06:42,서울,1980-06-16,06:42,-15,1,planetHouses,3.2167,1
서울-1980-06-16-06:42,서울,1980-06-16,06:42,-5,0,,1.0667,0
서울-1980-06-16-06:42,서울,1980-06-16,06:42,5,0,,1.0500,0
서울-1980-06-16-06:42,서울,1980-06-16,06:42,15,1,mcSign,3.1667,0
서울-1980-06-16-06:42,서울,1980-06-16,06:42,30,1,mcSign|planetHouses,6.3000,2
서울-1980-06-16-06:42,서울,1980-06-16,06:42,60,1,hourPillar|minggongBranch|bodyPalaceBranch|soulStar|mcSign|planetHouses,12.4833,5
서울-1980-06-16-06:42,서울,1980-06-16,06:42,120,1,hourPillar|minggongBranch|bodyPalaceBranch|soulStar|ascSign|mcSign|planetHouses,24.6333,12
서울-1980-06-16-08:56,서울,1980-06-16,08:56,-120,1,hourPillar|minggongBranch|bodyPalaceBranch|soulStar|ascSign|mcSign|planetHouses,24.4833,12
서울-1980-06-16-08:56,서울,1980-06-16,08:56,-60,1,ascSign|mcSign|planetHouses,12.1000,6
서울-1980-06-16-08:56,서울,1980-06-16,08:56,-30,1,mcSign,6.0333,0
서울-1980-06-16-08:56,서울,1980-06-16,08:56,-15,1,mcSign,3.0167,0
서울-1980-06-16-08:56,서울,1980-06-16,08:56,-5,0,,1.0000,0
서울-1980-06-16-08:56,서울,1980-06-16,08:56,5,1,planetHouses,1.0167,1
서울-1980-06-16-08:56,서울,1980-06-16,08:56,15,1,planetHouses,3.0167,1
서울-1980-06-16-08:56,서울,1980-06-16,08:56,30,1,planetHouses,6.0333,1
서울-1980-06-16-08:56,서울,1980-06-16,08:56,60,1,hourPillar|minggongBranch|bodyPalaceBranch|soulStar|planetHouses,12.0667,6
서울-1980-06-16-08:56,서울,1980-06-16,08:56,120,1,hourPillar|minggongBranch|bodyPalaceBranch|soulStar|ascSign|mcSign|planetHouses,24.2000,12
서울-1980-06-16-10:10,서울,1980-06-16,10:10,-120,1,hourPillar|minggongBranch|bodyPalaceBranch|soulStar|mcSign|planetHouses,24.1667,10
서울-1980-06-16-10:10,서울,1980-06-16,10:10,-60,1,hourPillar|minggongBranch|bodyPalaceBranch|soulStar|planetHouses,12.0833,7
서울-1980-06-16-10:10,서울,1980-06-16,10:10,-30,1,planetHouses,6.0500,6
서울-1980-06-16-10:10,서울,1980-06-16,10:10,-15,1,planetHouses,3.0333,3
서울-1980-06-16-10:10,서울,1980-06-16,10:10,-5,1,planetHouses,1.0167,1
서울-1980-06-16-10:10,서울,1980-06-16,10:10,5,1,planetHouses,1.0000,3
서울-1980-06-16-10:10,서울,1980-06-16,10:10,15,1,planetHouses,3.0167,3
서울-1980-06-16-10:10,서울,1980-06-16,10:10,30,1,ascSign|planetHouses,6.0500,3
서울-1980-06-16-10:10,서울,1980-06-16,10:10,60,1,ascSign|mcSign|planetHouses,12.1500,5
서울-1980-06-16-10:10,서울,1980-06-16,10:10,120,1,hourPillar|minggongBranch|bodyPalaceBranch|soulStar|ascSign|mcSign|planetHouses,24.3833,9
서울-1980-06-16-12:24,서울,1980-06-16,12:24,-120,1,hourPillar|minggongBranch|bodyPalaceBranch|soulStar|ascSign|mcSign|planetHouses,24.4333,9
서울-1980-06-16-12:24,서울,1980-06-16,12:24,-60,1,hourPillar|minggongBranch|bodyPalaceBranch|soulStar|planetHouses,12.2667,7
서울-1980-06-16-12:24,서울,1980-06-16,12:24,-30,1,planetHouses,6.1333,6
서울-1980-06-16-12:24,서울,1980-06-16,12:24,-15,1,planetHouses,3.0667,2
서울-1980-06-16-12:24,서울,1980-06-16,12:24,-5,1,planetHouses,1.0333,1
서울-1980-06-16-12:24,서울,1980-06-16,12:24,5,1,planetHouses,1.0167,1
서울-1980-06-16-12:24,서울,1980-06-16,12:24,15,1,planetHouses,3.0667,3
서울-1980-06-16-12:24,서울,1980-06-16,12:24,30,1,ascSign|mcSign|planetHouses,6.1500,3
서울-1980-06-16-12:24,서울,1980-06-16,12:24,60,1,ascSign|mcSign|planetHouses,12.2833,5
서울-1980-06-16-12:24,서울,1980-06-16,12:24,120,1,hourPillar|minggongBranch|bodyPalaceBranch|soulStar|ascSign|mcSign|planetHouses,24.5500,10
서울-1980-06-16-14:38,서울,1980-06-16,14:38,-120,1,hourPillar|minggongBranch|bodyPalaceBranch|soulStar|ascSign|mcSign|planetHouses,24.5333,8
서울-1980-06-16-14:38,서울,1980-06-16,14:38,-60,1,planetHouses,12.2500,6
서울-1980-06-16-14:38,서울,1980-06-16,14:38,-30,1,planetHouses,6.1167,5
서울-1980-06-16-14:38,서울,1980-06-16,14:38,-15,1,planetHouses,3.0667,1
서울-1980-06-16-14:38,서울,1980-06-16,14:38,-5,0,,1.0167,0
서울-1980-06-16-14:38,서울,1980-06-16,14:38,5,1,planetHouses,1.0167,1
서울-1980-06-16-14:38,서울,1980-06-16,14:38,15,1,planetHouses,3.0333,3
서울-1980-06-16-14:38,서울,1980-06-16,14:38,30,1,mcSign|planetHouses,6.0833,5
서울-1980-06-16-14:38,서울,1980-06-16,14:38,60,1,hourPillar|minggongBranch|bodyPalaceBranch|soulStar|ascSign|mcSign|planetHouses,12.1333,6
서울-1980-06-16-14:38,서울,1980-06-16,14:38,120,1,hourPillar|minggongBranch|bodyPalaceBranch|soulStar|ascSign|mcSign|planetHouses,24.2167,11
서울-1980-06-16-16:52,서울,1980-06-16,16:52,-120,1,hourPillar|minggongBranch|bodyPalaceBranch|soulStar|ascSign|mcSign|planetHouses,24.2000,11
서울-1980-06-16-16:52,서울,1980-06-16,16:52,-60,1,planetHouses,12.0667,6
서울-1980-06-16-16:52,서울,1980-06-16,16:52,-30,1,planetHouses,6.0333,3
서울-1980-06-16-16:52,서울,1980-06-16,16:52,-15,1,planetHouses,3.0167,1
서울-1980-06-16-16:52,서울,1980-06-16,16:52,-5,0,,1.0167,0
서울-1980-06-16-16:52,서울,1980-06-16,16:52,5,0,,1.0000,0
서울-1980-06-16-16:52,서울,1980-06-16,16:52,15,1,mcSign|planetHouses,3.0167,1
서울-1980-06-16-16:52,서울,1980-06-16,16:52,30,1,mcSign|planetHouses,6.0333,4
서울-1980-06-16-16:52,서울,1980-06-16,16:52,60,1,hourPillar|minggongBranch|bodyPalaceBranch|soulStar|ascSign|mcSign|planetHouses,12.1000,5
서울-1980-06-16-16:52,서울,1980-06-16,16:52,120,1,hourPillar|minggongBranch|bodyPalaceBranch|soulStar|ascSign|mcSign|planetHouses,24.4833,11
서울-1980-06-16-18:06,서울,1980-06-16,18:06,-120,1,hourPillar|minggongBranch|bodyPalaceBranch|soulStar|ascSign|mcSign|planetHouses,24.2167,12
서울-1980-06-16-18:06,서울,1980-06-16,18:06,-60,1,hourPillar|minggongBranch|bodyPalaceBranch|soulStar|ascSign|planetHouses,12.1500,6
서울-1980-06-16-18:06,서울,1980-06-16,18:06,-30,1,ascSign|planetHouses,6.1000,2
서울-1980-06-16-18:06,서울,1980-06-16,18:06,-15,1,planetHouses,3.0667,2
서울-1980-06-16-18:06,서울,1980-06-16,18:06,-5,1,planetHouses,1.0333,1
서울-1980-06-16-18:06,서울,1980-06-16,18:06,5,1,planetHouses,1.0167,1
서울-1980-06-16-18:06,서울,1980-06-16,18:06,15,1,planetHouses,3.0667,2
서울-1980-06-16-18:06,서울,1980-06-16,18:06,30,1,planetHouses,6.1667,2
서울-1980-06-16-18:06,서울,1980-06-16,18:06,60,1,mcSign|planetHouses,12.4833,5
서울-1980-06-16-18:06,서울,1980-06-16,18:06,120,1,hourPillar|minggongBranch|bodyPalaceBranch|soulStar|mcSign|planetHouses,25.6667,10
서울-1980-06-16-20:20,서울,1980-06-16,20:20,-120,1,hourPillar|minggongBranch|bodyPalaceBranch|soulStar|ascSign|mcSign|planetHouses,26.0333,10
서울-1980-06-16-20:20,서울,1980-06-16,20:20,-60,1,hourPillar|minggongBranch|bodyPalaceBranch|soulStar|ascSign|planetHouses,13.4333,6
서울-1980-06-16-20:20,서울,1980-06-16,20:20,-30,1,ascSign|planetHouses,6.8500,3
서울-1980-06-16-20:20,서울,1980-06-16,20:20,-15,1,ascSign|planetHouses,3.4667,1
서울-1980-06-16-20:20,서울,1980-06-16,20:20,-5,0,,1.1667,0
서울-1980-06-16-20:20,서울,1980-06-16,20:20,5,1,planetHouses,1.1667,2
서울-1980-06-16-20:20,서울,1980-06-16,20:20,15,1,planetHouses,3.5500,3
서울-1980-06-16-20:20,서울,1980-06-16,20:20,30,1,mcSign|planetHouses,7.1833,3
서울-1980-06-16-20:20,서울,1980-06-16,20:20,60,1,mcSign|planetHouses,14.8167,7
서울-1980-06-16-20:20,서울,1980-06-16,20:20,120,1,hourPillar|minggongBranch|bodyPalaceBranch|soulStar|ascSign|mcSign|planetHouses,31.8333,12
서울-1980-06-16-22:34,서울,1980-06-16,22:34,-120,1,hourPillar|minggongBranch|bodyPalaceBranch|soulStar|ascSign|mcSign|planetHouses,32.9167,11
서울-1980-06-16-22:34,서울,1980-06-16,22:34,-60,1,ascSign|planetHouses,17.6500,5
서울-1980-06-16-22:34,서울,1980-06-16,22:34,-30,1,ascSign|planetHouses,9.1833,3
서울-1980-06-16-22:34,서울,1980-06-16,22:34,-15,1,planetHouses,4.6833,1
서울-1980-06-16-22:34,서울,1980-06-16,22:34,-5,0,,1.5833,0
서울-1980-06-16-22:34,서울,1980-06-16,22:34,5,0,,1.6000,0
서울-1980-06-16-22:34,서울,1980-06-16,22:34,15,1,mcSign|planetHouses,4.8667,2
서울-1980-06-16-22:34,서울,1980-06-16,22:34,30,1,mcSign|planetHouses,9.9500,4
서울-1980-06-16-22:34,서울,1980-06-16,22:34,60,1,hourPillar|minggongBranch|bodyPalaceBranch|soulStar|mcSign|planetHouses,20.7167,7
서울-1980-06-16-22:34,서울,1980-06-16,22:34,120,1,dayPillar|hourPillar|minggongBranch|bodyPalaceBranch|soulStar|ascSign|mcSign|planetHouses,44.2833,12
서울-1980-07-23-00:00,서울,1980-07-23,00:00,-120,1,hourPillar|minggongBranch|bodyPalaceBranch|soulStar|ascSign|mcSign|planetHouses,47.5833,12
서울-1980-07-23-00:00,서울,1980-07-23,00:00,-60,1,hourPillar|minggongBranch|bodyPalaceBranch|soulStar|ascSign|planetHouses,23.1167,8
서울-1980-07-23-00:00,서울,1980-07-23,00:00,-30,1,hourPillar|minggongBranch|bodyPalaceBranch|soulStar|ascSign|planetHouses,11.2333,2
서울-1980-07-23-00:00,서울,1980-07-23,00:00,-15,1,ascSign,5.5333,0
서울-1980-07-23-00:00,서울,1980-07-23,00:00,-5,0,,1.8167,0
서울-1980-07-23-00:00,서울,1980-07-23,00:00,5,0,,1.8000,0
서울-1980-07-23-00:00,서울,1980-07-23,00:00,15,1,planetHouses,5.3167,1
서울-1980-07-23-00:00,서울,1980-07-23,00:00,30,1,planetHouses,10.4500,3
서울-1980-07-23-00:00,서울,1980-07-23,00:00,60,1,dayPillar|mcSign|planetHouses,20.0833,8
서울-1980-07-23-00:00,서울,1980-07-23,00:00,120,1,dayPillar|hourPillar|minggongBranch|bodyPalaceBranch|soulStar|ascSign|mcSign|planetHouses,37.1833,12
서울-1980-07-23-02:14,서울,1980-07-23,02:14,-120,1,dayPillar|hourPillar|minggongBranch|bodyPalaceBranch|soulStar|ascSign|mcSign|planetHouses,35.8500,12
서울-1980-07-23-02:14,서울,1980-07-23,02:14,-60,1,hourPillar|minggongBranch|bodyPalaceBranch|soulStar|ascSign|planetHouses,16.5167,5
서울-1980-07-23-02:14,서울,1980-07-23,02:14,-30,1,planetHouses,7.9500,3
서울-1980-07-23-02:14,서울,1980-07-23,02:14,-15,1,planetHouses,3.9167,3
서울-1980-07-23-02:14,서울,1980-07-23,02:14,-5,0,,1.2833,0
서울-1980-07-23-02:14,서울,1980-07-23,02:14,5,1,planetHouses,1.2667,1
서울-1980-07-23-02:14,서울,1980-07-23,02:14,15,1,planetHouses,3.7833,1
서울-1980-07-23-02:14,서울,1980-07-23,02:14,30,1,mcSign|planetHouses,7.4500,3
서울-1980-07-23-02:14,서울,1980-07-23,02:14,60,1,ascSign|mcSign|planetHouses,14.4833,6
서울-1980-07-23-02:14,서울,1980-07-23,02:14,120,1,hourPillar|minggongBranch|bodyPalaceBranch|soulStar|ascSign|mcSign|planetHouses,27.7167,12
서울-1980-07-23-04:28,서울,1980-07-23,04:28,-120,1,hourPillar|minggongBranch|bodyPalaceBranch|soulStar|ascSign|mcSign|planetHouses,27.1333,12
서울-1980-07-23-04:28,서울,1980-07-23,04:28,-60,1,hourPillar|minggongBranch|bodyPalaceBranch|soulStar|planetHouses,13.0000,7
서울-1980-07-23-04:28,서울,1980-07-23,04:28,-30,1,planetHouses,6.4000,2
서울-1980-07-23-04:28,서울,1980-07-23,04:28,-15,1,planetHouses,3.1667,1
서울-1980-07-23-04:28,서울,1980-07-23,04:28,-5,0,,1.0500,0
서울-1980-07-23-04:28,서울,1980-07-23,04:28,5,1,mcSign,1.0500,0
서울-1980-07-23-04:28,서울,1980-07-23,04:28,15,1,mcSign,3.1500,0
서울-1980-07-23-04:28,서울,1980-07-23,04:28,30,1,mcSign|planetHouses,6.2500,3
서울-1980-07-23-04:28,서울,1980-07-23,04:28,60,1,mcSign|planetHouses,12.4000,5
서울-1980-07-23-04:28,서울,1980-07-23,04:28,120,1,hourPillar|minggongBranch|bodyPalaceBranch|soulStar|ascSign|mcSign|planetHouses,24.5167,11
서울-1980-07-23-06:42,서울,1980-07-23,06:42,-120,1,hourPillar|minggongBranch|bodyPalaceBranch|soulStar|ascSign|mcSign|planetHouses,24.4000,11
서울-1980-07-23-06:42,서울,1980-07-23,06:42,-60,1,mcSign|planetHouses,12.1000,2
서울-1980-07-23-06:42,서울,1980-07-23,06:42,-30,1,mcSign,6.0333,0
서울-1980-07-23-06:42,서울,1980-07-23,06:42,-15,0,,3.0167,0
서울-1980-07-23-06:42,서울,1980-07-23,06:42,-5,0,,1.0000,0
서울-1980-07-23-06:42,서울,1980-07-23,06:42,5,1,planetHouses,1.0000,1
서울-1980-07-23-06:42,서울,1980-07-23,06:42,15,1,planetHouses,3.0167,1
서울-1980-07-23-06:42,서울,1980-07-23,06:42,30,1,planetHouses,6.0333,3
서울-1980-07-23-06:42,서울,1980-07-23,06:42,60,1,hourPillar|minggongBranch|bodyPalaceBranch|soulStar|planetHouses,12.0667,7
서울-1980-07-23-06:42,서울,1980-07-23,06:42,120,1,hourPillar|minggongBranch|bodyPalaceBranch|soulStar|ascSign|mcSign|planetHouses,24.2167,12
서울-1980-07-23-08:56,서울,1980-07-23,08:56,-120,1,hourPillar|minggongBranch|bodyPalaceBranch|soulStar|ascSign|mcSign|planetHouses,24.2500,11
서울-1980-07-23-08:56,서울,1980-07-23,08:56,-60,1,ascSign|mcSign|planetHouses,12.1667,3
서울-1980-07-23-08:56,서울,1980-07-23,08:56,-30,1,planetHouses,6.1000,1
서울-1980-07-23-08:56,서울,1980-07-23,08:56,-15,1,planetHouses,3.0500,1
서울-1980-07-23-08:56,서울,1980-07-23,08:56,-5,0,,1.0167,0
서울-1980-07-23-08:56,서울,1980-07-23,08:56,5,1,planetHouses,1.0167,1
서울-1980-07-23-08:56,서울,1980-07-23,08:56,15,1,planetHouses,3.0500,2
서울-1980-07-23-08:56,서울,1980-07-23,08:56,30,1,planetHouses,6.1167,2
서울-1980-07-23-08:56,서울,1980-07-23,08:56,60,1,hourPillar|minggongBranch|bodyPalaceBranch|soulStar|planetHouses,12.2500,8
서울-1980-07-23-08:56,서울,1980-07-23,08:56,120,1,hourPillar|minggongBranch|bodyPalaceBranch|soulStar|ascSign|mcSign|planetHouses,24.5333,11
서울-1980-07-23-10:10,서울,1980-07-23,10:10,-120,1,hourPillar|minggongBranch|bodyPalaceBranch|soulStar|mcSign|planetHouses,24.4667,11
서울-1980-07-23-10:10,서울,1980-07-23,10:10,-60,1,hourPillar|minggongBranch|bodyPalaceBranch|soulStar|planetHouses,12.2667,7
서울-1980-07-23-10:10,서울,1980-07-23,10:10,-30,1,planetHouses,6.1500,5
서울-1980-07-23-10:10,서울,1980-07-23,10:10,-15,1,planetHouses,3.0667,2
서울-1980-07-23-10:10,서울,1980-07-23,10:10,-5,0,,1.0333,0
서울-1980-07-23-10:10,서울,1980-07-23,10:10,5,0,,1.0167,0
서울-1980-07-23-10:10,서울,1980-07-23,10:10,15,1,planetHouses,3.0667,1
서울-1980-07-23-10:10,서울,1980-07-23,10:10,30,1,ascSign|mcSign|planetHouses,6.1500,1
서울-1980-07-23-10:10,서울,1980-07-23,10:10,60,1,ascSign|mcSign|planetHouses,12.2833,4
서울-1980-07-23-10:10,서울,1980-07-23,10:10,120,1,hourPillar|minggongBranch|bodyPalaceBranch|soulStar|ascSign|mcSign|planetHouses,24.5333,9
서울-1980-07-23-12:24,서울,1980-07-23,12:24,-120,1,hourPillar|minggongBranch|bodyPalaceBranch|soulStar|ascSign|mcSign|planetHouses,24.5000,11
서울-1980-07-23-12:24,서울,1980-07-23,12:24,-60,1,hourPillar|minggongBranch|bodyPalaceBranch|soulStar|planetHouses,12.2167,8
서울-1980-07-23-12:24,서울,1980-07-23,12:24,-30,1,planetHouses,6.1000,5
서울-1980-07-23-12:24,서울,1980-07-23,12:24,-15,1,planetHouses,3.0333,3
서울-1980-07-23-12:24,서울,1980-07-23,12:24,-5,1,planetHouses,1.0000,1
서울-1980-07-23-12:24,서울,1980-07-23,12:24,5,0,,1.0167,0
서울-1980-07-23-12:24,서울,1980-07-23,12:24,15,1,mcSign|planetHouses,3.0500,1
서울-1980-07-23-12:24,서울,1980-07-23,12:24,30,1,mcSign|planetHouses,6.0833,1
서울-1980-07-23-12:24,서울,1980-07-23,12:24,60,1,ascSign|mcSign|planetHouses,12.1333,4
서울-1980-07-23-12:24,서울,1980-07-23,12:24,120,1,hourPillar|minggongBranch|bodyPalaceBranch|soulStar|ascSign|mcSign|planetHouses,24.2000,9
서울-1980-07-23-14:38,서울,1980-07-23,14:38,-120,1,hourPillar|minggongBranch|bodyPalaceBranch|soulStar|ascSign|mcSign|planetHouses,24.1667,11
서울-1980-07-23-14:38,서울,1980-07-23,14:38,-60,1,mcSign|planetHouses,12.0667,7
서울-1980-07-23-14:38,서울,1980-07-23,14:38,-30,1,mcSign|planetHouses,6.0333,2
서울-1980-07-23-14:38,서울,1980-07-23,14:38,-15,1,mcSign|planetHouses,3.0167,2
서울-1980-07-23-14:38,서울,1980-07-23,14:38,-5,1,mcSign|planetHouses,1.0000,2
서울-1980-07-23-14:38,서울,1980-07-23,14:38,5,1,planetHouses,1.0000,1
서울-1980-07-23-14:38,서울,1980-07-23,14:38,15,1,planetHouses,3.0167,1
서울-1980-07-23-14:38,서울,1980-07-23,14:38,30,1,planetHouses,6.0500,3
서울-1980-07-23-14:38,서울,1980-07-23,14:38,60,1,hourPillar|minggongBranch|bodyPalaceBranch|soulStar|ascSign|planetHouses,12.1500,4
서울-1980-07-23-14:38,서울,1980-07-23,14:38,120,1,hourPillar|minggongBranch|bodyPalaceBranch|soulStar|ascSign|mcSign|planetHouses,24.6000,10
서울-1980-07-23-16:52,서울,1980-07-23,16:52,-120,1,hourPillar|minggongBranch|bodyPalaceBranch|soulStar|ascSign|mcSign|planetHouses,24.7833,10
서울-1980-07-23-16:52,서울,1980-07-23,16:52,-60,1,mcSign|planetHouses,12.5833,5
서울-1980-07-23-16:52,서울,1980-07-23,16:52,-30,1,mcSign|planetHouses,6.3667,2
서울-1980-07-23-16:52,서울,1980-07-23,16:52,-15,0,,3.2000,0
서울-1980-07-23-16:52,서울,1980-07-23,16:52,-5,0,,1.0833,0
서울-1980-07-23-16:52,서울,1980-07-23,16:52,5,1,planetHouses,1.0667,1
서울-1980-07-23-16:52,서울,1980-07-23,16:52,15,1,planetHouses,3.2500,3
서울-1980-07-23-16:52,서울,1980-07-23,16:52,30,1,planetHouses,6.5500,5
서울-1980-07-23-16:52,서울,1980-07-23,16:52,60,1,hourPillar|minggongBranch|bodyPalaceBranch|soulStar|ascSign|planetHouses,13.3667,7
서울-1980-07-23-16:52,서울,1980-07-23,16:52,120,1,hourPillar|minggongBranch|bodyPalaceBranch|soulStar|ascSign|mcSign|planetHouses,28.1333,12
서울-1980-07-23-18:06,서울,1980-07-23,18:06,-120,1,hourPillar|minggongBranch|bodyPalaceBranch|soulStar|ascSign|mcSign|planetHouses,26.3667,12
서울-1980-07-23-18:06,서울,1980-07-23,18:06,-60,1,hourPillar|minggongBranch|bodyPalaceBranch|soulStar|ascSign|planetHouses,13.6333,6
서울-1980-07-23-18:06,서울,1980-07-23,18:06,-30,1,ascSign|planetHouses,6.9667,3
서울-1980-07-23-18:06,서울,1980-07-23,18:06,-15,1,planetHouses,3.5167,2
서울-1980-07-23-18:06,서울,1980-07-23,18:06,-5,1,planetHouses,1.1833,2
서울-1980-07-23-18:06,서울,1980-07-23,18:06,5,0,,1.2000,0
서울-1980-07-23-18:06,서울,1980-07-23,18:06,15,1,mcSign,3.6167,0
서울-1980-07-23-18:06,서울,1980-07-23,18:06,30,1,mcSign|planetHouses,7.3500,3
서울-1980-07-23-18:06,서울,1980-07-23,18:06,60,1,mcSign|planetHouses,15.1833,6
서울-1980-07-23-18:06,서울,1980-07-23,18:06,120,1,hourPillar|minggongBranch|bodyPalaceBranch|soulStar|ascSign|mcSign|planetHouses,32.7167,11
서울-1980-07-23-20:20,서울,1980-07-23,20:20,-120,1,hourPillar|minggongBranch|bodyPalaceBranch|soulStar|ascSign|mcSign|planetHouses,33.8333,12
서울-1980-07-23-20:20,서울,1980-07-23,20:20,-60,1,hourPillar|minggongBranch|bodyPalaceBranch|soulStar|ascSign|mcSign|planetHouses,18.1833,7
서울-1980-07-23-20:20,서울,1980-07-23,20:20,-30,1,mcSign|planetHouses,9.4500,3
서울-1980-07-23-20:20,서울,1980-07-23,20:20,-15,1,mcSign|planetHouses,4.8167,3
서울-1980-07-23-20:20,서울,1980-07-23,20:20,-5,1,mcSign,1.6333,0
서울-1980-07-23-20:20,서울,1980-07-23,20:20,5,1,planetHouses,1.6667,1
서울-1980-07-23-20:20,서울,1980-07-23,20:20,15,1,planetHouses,5.0333,1
서울-1980-07-23-20:20,서울,1980-07-23,20:20,30,1,planetHouses,10.2667,5
서울-1980-07-23-20:20,서울,1980-07-23,20:20,60,1,ascSign|planetHouses,21.3500,5
서울-1980-07-23-20:20,서울,1980-07-23,20:20,120,1,hourPillar|minggongBranch|bodyPalaceBranch|soulStar|ascSign|planetHouses,45.2833,12
서울-1980-07-23-22:34,서울,1980-07-23,22:34,-120,1,hourPillar|minggongBranch|bodyPalaceBranch|soulStar|ascSign|mcSign|planetHouses,46.3167,12
서울-1980-07-23-22:34,서울,1980-07-23,22:34,-60,1,ascSign|mcSign|planetHouses,24.2667,8
서울-1980-07-23-22:34,서울,1980-07-23,22:34,-30,1,ascSign|mcSign|planetHouses,12.2667,4
서울-1980-07-23-22:34,서울,1980-07-23,22:34,-15,1,ascSign|mcSign|planetHouses,6.1500,3
서울-1980-07-23-22:34,서울,1980-07-23,22:34,-5,1,planetHouses,2.0500,2
서울-1980-07-23-22:34,서울,1980-07-23,22:34,5,0,,2.0500,0
서울-1980-07-23-22:34,서울,1980-07-23,22:34,15,1,planetHouses,6.1333,1
서울-1980-07-23-22:34,서울,1980-07-23,22:34,30,1,planetHouses,12.1833,3
서울-1980-07-23-22:34,서울,1980-07-23,22:34,60,1,hourPillar|minggongBranch|bodyPalaceBranch|soulStar|planetHouses,23.9000,8
서울-1980-07-23-22:34,서울,1980-07-23,22:34,120,1,dayPillar|hourPillar|minggongBranch|bodyPalaceBranch|soulStar|ascSign|planetHouses,45.1667,12
서울-1980-08-03-00:00,서울,1980-08-03,00:00,-120,1,hourPillar|minggongBranch|bodyPalaceBranch|soulStar|ascSign|mcSign|planetHouses,44.7167,12
서울-1980-08-03-00:00,서울,1980-08-03,00:00,-60,1,hourPillar|minggongBranch|bodyPalaceBranch|soulStar|ascSign|mcSign|planetHouses,20.9833,5
서울-1980-08-03-00:00,서울,1980-08-03,00:00,-30,1,hourPillar|minggongBranch|bodyPalaceBranch|soulStar|mcSign|planetHouses,10.0833,3
서울-1980-08-03-00:00,서울,1980-08-03,00:00,-15,1,mcSign,4.9333,0
서울-1980-08-03-00:00,서울,1980-08-03,00:00,-5,1,mcSign,1.6167,0
서울-1980-08-03-00:00,서울,1980-08-03,00:00,5,1,planetHouses,1.6000,1
서울-1980-08-03-00:00,서울,1980-08-03,00:00,15,1,planetHouses,4.7500,2
서울-1980-08-03-00:00,서울,1980-08-03,00:00,30,1,planetHouses,9.3000,3
서울-1980-08-03-00:00,서울,1980-08-03,00:00,60,1,dayPillar|ascSign|planetHouses,17.8667,8
서울-1980-08-03-00:00,서울,1980-08-03,00:00,120,1,dayPillar|hourPillar|minggongBranch|bodyPalaceBranch|soulStar|ascSign|mcSign|planetHouses,33.3000,12
서울-1980-08-03-02:14,서울,1980-08-03,02:14,-120,1,dayPillar|hourPillar|minggongBranch|bodyPalaceBranch|soulStar|ascSign|mcSign|planetHouses,32.2000,11
서울-1980-08-03-02:14,서울,1980-08-03,02:14,-60,1,hourPillar|minggongBranch|bodyPalaceBranch|soulStar|mcSign|planetHouses,14.9667,4
서울-1980-08-03-02:14,서울,1980-08-03,02:14,-30,1,mcSign|planetHouses,7.2667,1
서울-1980-08-03-02:14,서울,1980-08-03,02:14,-15,0,,3.5833,0
서울-1980-08-03-02:14,서울,1980-08-03,02:14,-5,0,,1.1833,0
서울-1980-08-03-02:14,서울,1980-08-03,02:14,5,1,planetHouses,1.1667,1
서울-1980-08-03-02:14,서울,1980-08-03,02:14,15,1,ascSign|planetHouses,3.4833,3
서울-1980-08-03-02:14,서울,1980-08-03,02:14,30,1,ascSign|planetHouses,6.9000,6
서울-1980-08-03-02:14,서울,1980-08-03,02:14,60,1,ascSign|planetHouses,13.5167,9
서울-1980-08-03-02:14,서울,1980-08-03,02:14,120,1,hourPillar|minggongBranch|bodyPalaceBranch|soulStar|ascSign|mcSign|planetHouses,26.1667,12
서울-1980-08-03-04:28,서울,1980-08-03,04:28,-120,1,hourPillar|minggongBranch|bodyPalaceBranch|soulStar|ascSign|mcSign|planetHouses,25.8000,10
서울-1980-08-03-04:28,서울,1980-08-03,04:28,-60,1,hourPillar|minggongBranch|bodyPalaceBranch|soulStar|mcSign|planetHouses,12.5333,4
서울-1980-08-03-04:28,서울,1980-08-03,04:28,-30,1,planetHouses,6.2000,3
서울-1980-08-03-04:28,서울,1980-08-03,04:28,-15,0,,3.0833,0
서울-1980-08-03-04:28,서울,1980-08-03,04:28,-5,0,,1.0333,0
서울-1980-08-03-04:28,서울,1980-08-03,04:28,5,1,planetHouses,1.0167,1
서울-1980-08-03-04:28,서울,1980-08-03,04:28,15,1,planetHouses,3.0667,4
서울-1980-08-03-04:28,서울,1980-08-03,04:28,30,1,ascSign|planetHouses,6.1000,7
서울-1980-08-03-04:28,서울,1980-08-03,04:28,60,1,ascSign|planetHouses,12.1667,8
서울-1980-08-03-04:28,서울,1980-08-03,04:28,120,1,hourPillar|minggongBranch|bodyPalaceBranch|soulStar|ascSign|mcSign|planetHouses,24.2333,10
서울-1980-08-03-06:42,서울,1980-08-03,06:42,-120,1,hourPillar|minggongBranch|bodyPalaceBranch|soulStar|ascSign|mcSign|planetHouses,24.2000,11
서울-1980-08-03-06:42,서울,1980-08-03,06:42,-60,1,planetHouses,12.0667,7
서울-1980-08-03-06:42,서울,1980-08-03,06:42,-30,1,planetHouses,6.0333,6
서울-1980-08-03-06:42,서울,1980-08-03,06:42,-15,1,planetHouses,3.0167,5
서울-1980-08-03-06:42,서울,1980-08-03,06:42,-5,1,planetHouses,1.0167,2
서울-1980-08-03-06:42,서울,1980-08-03,06:42,5,0,,1.0000,0
서울-1980-08-03-06:42,서울,1980-08-03,06:42,15,0,,3.0167,0
서울-1980-08-03-06:42,서울,1980-08-03,06:42,30,1,planetHouses,6.0333,3
서울-1980-08-03-06:42,서울,1980-08-03,06:42,60,1,hourPillar|minggongBranch|bodyPalaceBranch|soulStar|ascSign|mcSign|planetHouses,12.1167,4
서울-1980-08-03-06:42,서울,1980-08-03,06:42,120,1,hourPillar|minggongBranch|bodyPalaceBranch|soulStar|ascSign|mcSign|planetHouses,24.3333,7
서울-1980-08-03-08:56,서울,1980-08-03,08:56,-120,1,hourPillar|minggongBranch|bodyPalaceBranch|soulStar|ascSign|mcSign|planetHouses,24.3667,11
서울-1980-08-03-08:56,서울,1980-08-03,08:56,-60,1,planetHouses,12.2333,7
서울-1980-08-03-08:56,서울,1980-08-03,08:56,-30,1,planetHouses,6.1167,4
서울-1980-08-03-08:56,서울,1980-08-03,08:56,-15,1,planetHouses,3.0667,4
서울-1980-08-03-08:56,서울,1980-08-03,08:56,-5,1,planetHouses,1.0167,1
서울-1980-08-03-08:56,서울,1980-08-03,08:56,5,0,,1.0333,0
서울-1980-08-03-08:56,서울,1980-08-03,08:56,15,1,planetHouses,3.0667,1
서울-1980-08-03-08:56,서울,1980-08-03,08:56,30,1,planetHouses,6.1500,4
서울-1980-08-03-08:56,서울,1980-08-03,08:56,60,1,hourPillar|minggongBranch|bodyPalaceBranch|soulStar|ascSign|mcSign|planetHouses,12.2833,5
서울-1980-08-03-08:56,서울,1980-08-03,08:56,120,1,hourPillar|minggongBranch|bodyPalaceBranch|soulStar|ascSign|mcSign|planetHouses,24.5667,9
서울-1980-08-03-10:10,서울,1980-08-03,10:10,-120,1,hourPillar|minggongBranch|bodyPalaceBranch|soulStar|ascSign|mcSign|planetHouses,24.5500,10
서울-1980-08-03-10:10,서울,1980-08-03,10:10,-60,1,hourPillar|minggongBranch|bodyPalaceBranch|soulStar|ascSign|mcSign|planetHouses,12.3000,4
서울-1980-08-03-10:10,서울,1980-08-03,10:10,-30,1,ascSign|mcSign,6.1500,0
서울-1980-08-03-10:10,서울,1980-08-03,10:10,-15,0,,3.0833,0
서울-1980-08-03-10:10,서울,1980-08-03,10:10,-5,0,,1.0333,0
서울-1980-08-03-10:10,서울,1980-08-03,10:10,5,0,,1.0167,0
서울-1980-08-03-10:10,서울,1980-08-03,10:10,15,1,planetHouses,3.0667,3
서울-1980-08-03-10:10,서울,1980-08-03,10:10,30,1,planetHouses,6.1333,3
서울-1980-08-03-10:10,서울,1980-08-03,10:10,60,1,planetHouses,12.2500,6
서울-1980-08-03-10:10,서울,1980-08-03,10:10,120,1,hourPillar|minggongBranch|bodyPalaceBranch|soulStar|mcSign|planetHouses,24.4333,12
서울-1980-08-03-12:24,서울,1980-08-03,12:24,-120,1,hourPillar|minggongBranch|bodyPalaceBranch|soulStar|ascSign|mcSign|planetHouses,24.4167,10
서울-1980-08-03-12:24,서울,1980-08-03,12:24,-60,1,hourPillar|minggongBranch|bodyPalaceBranch|soulStar|ascSign|mcSign|planetHouses,12.1667,3
서울-1980-08-03-12:24,서울,1980-08-03,12:24,-30,1,ascSign|planetHouses,6.0667,1
서울-1980-08-03-12:24,서울,1980-08-03,12:24,-15,1,ascSign,3.0333,0
서울-1980-08-03-12:24,서울,1980-08-03,12:24,-5,0,,1.0167,0
서울-1980-08-03-12:24,서울,1980-08-03,12:24,5,0,,1.0000,0
서울-1980-08-03-12:24,서울,1980-08-03,12:24,15,1,planetHouses,3.0167,2
서울-1980-08-03-12:24,서울,1980-08-03,12:24,30,1,planetHouses,6.0333,4
서울-1980-08-03-12:24,서울,1980-08-03,12:24,60,1,planetHouses,12.0667,8
서울-1980-08-03-12:24,서울,1980-08-03,12:24,120,1,hourPillar|minggongBranch|bodyPalaceBranch|soulStar|mcSign|planetHouses,24.1500,11
서울-1980-08-03-14:38,서울,1980-08-03,14:38,-120,1,hourPillar|minggongBranch|bodyPalaceBranch|soulStar|mcSign|planetHouses,24.1667,11
서울-1980-08-03-14:38,서울,1980-08-03,14:38,-60,1,mcSign|planetHouses,12.1000,5
서울-1980-08-03-14:38,서울,1980-08-03,14:38,-30,1,planetHouses,6.0667,2
서울-1980-08-03-14:38,서울,1980-08-03,14:38,-15,1,planetHouses,3.0333,2
서울-1980-08-03-14:38,서울,1980-08-03,14:38,-5,1,planetHouses,1.0167,1
서울-1980-08-03-14:38,서울,1980-08-03,14:38,5,1,ascSign|planetHouses,1.0167,2
서울-1980-08-03-14:38,서울,1980-08-03,14:38,15,1,ascSign|planetHouses,3.0500,2
서울-1980-08-03-14:38,서울,1980-08-03,14:38,30,1,ascSign|planetHouses,6.1333,4
서울-1980-08-03-14:38,서울,1980-08-03,14:38,60,1,hourPillar|minggongBranch|bodyPalaceBranch|soulStar|ascSign|planetHouses,12.3500,7
서울-1980-08-03-14:38,서울,1980-08-03,14:38,120,1,hourPillar|minggongBranch|bodyPalaceBranch|soulStar|ascSign|mcSign|planetHouses,25.2500,11
서울-1980-08-03-16:52,서울,1980-08-03,16:52,-120,1,hourPillar|minggongBranch|bodyPalaceBranch|soulStar|mcSign|planetHouses,25.5500,12
서울-1980-08-03-16:52,서울,1980-08-03,16:52,-60,1,planetHouses,13.1167,6
서울-1980-08-03-16:52,서울,1980-08-03,16:52,-30,1,planetHouses,6.6667,4
서울-1980-08-03-16:52,서울,1980-08-03,16:52,-15,1,planetHouses,3.3667,2
서울-1980-08-03-16:52,서울,1980-08-03,16:52,-5,1,planetHouses,1.1333,1
서울-1980-08-03-16:52,서울,1980-08-03,16:52,5,1,planetHouses,1.1333,1
서울-1980-08-03-16:52,서울,1980-08-03,16:52,15,1,ascSign|planetHouses,3.4333,1
서울-1980-08-03-16:52,서울,1980-08-03,16:52,30,1,ascSign|planetHouses,6.9500,3
서울-1980-08-03-16:52,서울,1980-08-03,16:52,60,1,hourPillar|minggongBranch|bodyPalaceBranch|soulStar|ascSign|mcSign|planetHouses,14.3000,7
서울-1980-08-03-16:52,서울,1980-08-03,16:52,120,1,hourPillar|minggongBranch|bodyPalaceBranch|soulStar|ascSign|mcSign|planetHouses,30.5167,11
서울-1980-08-03-18:06,서울,1980-08-03,18:06,-120,1,hourPillar|minggongBranch|bodyPalaceBranch|soulStar|ascSign|mcSign|planetHouses,28.0167,11
서울-1980-08-03-18:06,서울,1980-08-03,18:06,-60,1,hourPillar|minggongBranch|bodyPalaceBranch|soulStar|mcSign|planetHouses,14.6833,6
서울-1980-08-03-18:06,서울,1980-08-03,18:06,-30,1,planetHouses,7.5500,3
서울-1980-08-03-18:06,서울,1980-08-03,18:06,-15,1,planetHouses,3.8333,1
서울-1980-08-03-18:06,서울,1980-08-03,18:06,-5,0,,1.3000,0
서울-1980-08-03-18:06,서울,1980-08-03,18:06,5,0,,1.3000,0
서울-1980-08-03-18:06,서울,1980-08-03,18:06,15,1,planetHouses,3.9667,1
서울-1980-08-03-18:06,서울,1980-08-03,18:06,30,1,planetHouses,8.0667,4
서울-1980-08-03-18:06,서울,1980-08-03,18:06,60,1,ascSign|planetHouses,16.7833,7
서울-1980-08-03-18:06,서울,1980-08-03,18:06,120,1,hourPillar|minggongBranch|bodyPalaceBranch|soulStar|ascSign|mcSign|planetHouses,36.4667,12
서울-1980-08-03-20:20,서울,1980-08-03,20:20,-120,1,hourPillar|minggongBranch|bodyPalaceBranch|soulStar|ascSign|mcSign|planetHouses,37.8333,12
서울-1980-08-03-20:20,서울,1980-08-03,20:20,-60,1,hourPillar|minggongBranch|bodyPalaceBranch|soulStar|mcSign|planetHouses,20.4333,8
서울-1980-08-03-20:20,서울,1980-08-03,20:20,-30,1,planetHouses,10.6333,5
서울-1980-08-03-20:20,서울,1980-08-03,20:20,-15,1,planetHouses,5.4167,1
서울-1980-08-03-20:20,서울,1980-08-03,20:20,-5,0,,1.8167,0
서울-1980-08-03-20:20,서울,1980-08-03,20:20,5,1,planetHouses,1.8500,1
서울-1980-08-03-20:20,서울,1980-08-03,20:20,15,1,ascSign|planetHouses,5.6167,1
서울-1980-08-03-20:20,서울,1980-08-03,20:20,30,1,ascSign|planetHouses,11.4000,3
서울-1980-08-03-20:20,서울,1980-08-03,20:20,60,1,ascSign|planetHouses,23.3833,6
서울-1980-08-03-20:20,서울,1980-08-03,20:20,120,1,hourPillar|minggongBranch|bodyPalaceBranch|soulStar|ascSign|mcSign|planetHouses,47.8333,12
서울-1980-08-03-22:34,서울,1980-08-03,22:34,-120,1,hourPillar|minggongBranch|bodyPalaceBranch|soulStar|ascSign|mcSign|planetHouses,48.1500,12
서울-1980-08-03-22:34,서울,1980-08-03,22:34,-60,1,ascSign|mcSign|planetHouses,24.3000,7
서울-1980-08-03-22:34,서울,1980-08-03,22:34,-30,1,planetHouses,12.0167,3
서울-1980-08-03-22:34,서울,1980-08-03,22:34,-15,1,planetHouses,5.9500,2
서울-1980-08-03-22:34,서울,1980-08-03,22:34,-5,1,planetHouses,1.9667,1
서울-1980-08-03-22:34,서울,1980-08-03,22:34,5,1,planetHouses,1.9500,1
서울-1980-08-03-22:34,서울,1980-08-03,22:34,15,1,planetHouses,5.8000,1
서울-1980-08-03-22:34,서울,1980-08-03,22:34,30,1,ascSign|planetHouses,11.4333,3
서울-1980-08-03-22:34,서울,1980-08-03,22:34,60,1,hourPillar|minggongBranch|bodyPalaceBranch|soulStar|ascSign|planetHouses,22.1333,8
서울-1980-08-03-22:34,서울,1980-08-03,22:34,120,1,dayPillar|hourPillar|minggongBranch|bodyPalaceBranch|soulStar|ascSign|mcSign|planetHouses,41.1000,11
서울-1980-09-10-00:00,서울,1980-09-10,00:00,-120,1,hourPillar|minggongBranch|bodyPalaceBranch|soulStar|ascSign|mcSign|planetHouses,31.1000,12
서울-1980-09-10-00:00,서울,1980-09-10,00:00,-60,1,hourPillar|minggongBranch|bodyPalaceBranch|soulStar|ascSign|mcSign|planetHouses,14.5333,6
서울-1980-09-10-00:00,서울,1980-09-10,00:00,-30,1,hourPillar|minggongBranch|bodyPalaceBranch|soulStar|ascSign|planetHouses,7.0667,1
서울-1980-09-10-00:00,서울,1980-09-10,00:00,-15,1,ascSign|planetHouses,3.4833,1
서울-1980-09-10-00:00,서울,1980-09-10,00:00,-5,1,ascSign|planetHouses,1.1500,1
서울-1980-09-10-00:00,서울,1980-09-10,00:00,5,0,,1.1500,0
서울-1980-09-10-00:00,서울,1980-09-10,00:00,15,0,,3.4000,0
서울-1980-09-10-00:00,서울,1980-09-10,00:00,30,1,planetHouses,6.7333,4
서울-1980-09-10-00:00,서울,1980-09-10,00:00,60,1,dayPillar|planetHouses,13.2333,7
서울-1980-09-10-00:00,서울,1980-09-10,00:00,120,1,dayPillar|hourPillar|minggongBranch|bodyPalaceBranch|soulStar|mcSign|planetHouses,25.7500,11
서울-1980-09-10-02:14,서울,1980-09-10,02:14,-120,1,dayPillar|hourPillar|minggongBranch|bodyPalaceBranch|soulStar|mcSign|planetHouses,25.4333,11
서울-1980-09-10-02:14,서울,1980-09-10,02:14,-60,1,hourPillar|minggongBranch|bodyPalaceBranch|soulStar|mcSign|planetHouses,12.4167,5
서울-1980-09-10-02:14,서울,1980-09-10,02:14,-30,1,planetHouses,6.1500,2
서울-1980-09-10-02:14,서울,1980-09-10,02:14,-15,1,planetHouses,3.0667,2
서울-1980-09-10-02:14,서울,1980-09-10,02:14,-5,0,,1.0333,0
서울-1980-09-10-02:14,서울,1980-09-10,02:14,5,1,planetHouses,1.0167,1
서울-1980-09-10-02:14,서울,1980-09-10,02:14,15,1,ascSign|planetHouses,3.0333,2
서울-1980-09-10-02:14,서울,1980-09-10,02:14,30,1,ascSign|planetHouses,6.0667,6
서울-1980-09-10-02:14,서울,1980-09-10,02:14,60,1,ascSign|mcSign|planetHouses,12.1167,7
서울-1980-09-10-02:14,서울,1980-09-10,02:14,120,1,hourPillar|minggongBranch|bodyPalaceBranch|soulStar|ascSign|mcSign|planetHouses,24.1833,12
서울-1980-09-10-04:28,서울,1980-09-10,04:28,-120,1,hourPillar|minggongBranch|bodyPalaceBranch|soulStar|mcSign|planetHouses,24.1667,11
서울-1980-09-10-04:28,서울,1980-09-10,04:28,-60,1,hourPillar|minggongBranch|bodyPalaceBranch|soulStar|planetHouses,12.0667,5
서울-1980-09-10-04:28,서울,1980-09-10,04:28,-30,1,planetHouses,6.0500,2
서울-1980-09-10-04:28,서울,1980-09-10,04:28,-15,1,planetHouses,3.0167,1
서울-1980-09-10-04:28,서울,1980-09-10,04:28,-5,0,,1.0167,0
서울-1980-09-10-04:28,서울,1980-09-10,04:28,5,1,planetHouses,1.0000,1
서울-1980-09-10-04:28,서울,1980-09-10,04:28,15,1,planetHouses,3.0167,4
서울-1980-09-10-04:28,서울,1980-09-10,04:28,30,1,ascSign|planetHouses,6.0500,5
서울-1980-09-10-04:28,서울,1980-09-10,04:28,60,1,ascSign|mcSign|planetHouses,12.1333,7
서울-1980-09-10-04:28,서울,1980-09-10,04:28,120,1,hourPillar|minggongBranch|bodyPalaceBranch|soulStar|ascSign|mcSign|planetHouses,24.3667,11
서울-1980-09-10-06:42,서울,1980-09-10,06:42,-120,1,hourPillar|minggongBranch|bodyPalaceBranch|soulStar|ascSign|mcSign|planetHouses,24.4167,10
서울-1980-09-10-06:42,서울,1980-09-10,06:42,-60,1,planetHouses,12.2500,7
서울-1980-09-10-06:42,서울,1980-09-10,06:42,-30,1,planetHouses,6.1333,4
서울-1980-09-10-06:42,서울,1980-09-10,06:42,-15,1,planetHouses,3.0667,2
서울-1980-09-10-06:42,서울,1980-09-10,06:42,-5,1,planetHouses,1.0167,1
서울-1980-09-10-06:42,서울,1980-09-10,06:42,5,0,,1.0333,0
서울-1980-09-10-06:42,서울,1980-09-10,06:42,15,1,planetHouses,3.0833,2
서울-1980-09-10-06:42,서울,1980-09-10,06:42,30,1,planetHouses,6.1500,3
서울-1980-09-10-06:42,서울,1980-09-10,06:42,60,1,hourPillar|minggongBranch|bodyPalaceBranch|soulStar|ascSign|mcSign|planetHouses,12.3000,5
서울-1980-09-10-06:42,서울,1980-09-10,06:42,120,1,hourPillar|minggongBranch|bodyPalaceBranch|soulStar|ascSign|mcSign|planetHouses,24.5500,10
서울-1980-09-10-08:56,서울,1980-09-10,08:56,-120,1,hourPillar|minggongBranch|bodyPalaceBranch|soulStar|ascSign|mcSign|planetHouses,24.5333,10
서울-1980-09-10-08:56,서울,1980-09-10,08:56,-60,1,planetHouses,12.2333,7
서울-1980-09-10-08:56,서울,1980-09-10,08:56,-30,1,planetHouses,6.1000,3
서울-1980-09-10-08:56,서울,1980-09-10,08:56,-15,1,planetHouses,3.0500,2
서울-1980-09-10-08:56,서울,1980-09-10,08:56,-5,1,planetHouses,1.0167,1
서울-1980-09-10-08:56,서울,1980-09-10,08:56,5,1,planetHouses,1.0167,1
서울-1980-09-10-08:56,서울,1980-09-10,08:56,15,1,planetHouses,3.0500,2
서울-1980-09-10-08:56,서울,1980-09-10,08:56,30,1,mcSign|planetHouses,6.1000,4
서울-1980-09-10-08:56,서울,1980-09-10,08:56,60,1,hourPillar|minggongBranch|bodyPalaceBranch|soulStar|ascSign|mcSign|planetHouses,12.1667,5
서울-1980-09-10-08:56,서울,1980-09-10,08:56,120,1,hourPillar|minggongBranch|bodyPalaceBranch|soulStar|ascSign|mcSign|planetHouses,24.2333,12
서울-1980-09-10-10:10,서울,1980-09-10,10:10,-120,1,hourPillar|minggongBranch|bodyPalaceBranch|soulStar|ascSign|mcSign|planetHouses,24.3500,11
서울-1980-09-10-10:10,서울,1980-09-10,10:10,-60,1,hourPillar|minggongBranch|bodyPalaceBranch|soulStar|ascSign|mcSign|planetHouses,12.1333,3
서울-1980-09-10-10:10,서울,1980-09-10,10:10,-30,1,ascSign,6.0500,0
서울-1980-09-10-10:10,서울,1980-09-10,10:10,-15,0,,3.0167,0
서울-1980-09-10-10:10,서울,1980-09-10,10:10,-5,0,,1.0000,0
서울-1980-09-10-10:10,서울,1980-09-10,10:10,5,0,,1.0167,0
서울-1980-09-10-10:10,서울,1980-09-10,10:10,15,1,planetHouses,3.0167,2
서울-1980-09-10-10:10,서울,1980-09-10,10:10,30,1,planetHouses,6.0333,5
서울-1980-09-10-10:10,서울,1980-09-10,10:10,60,1,planetHouses,12.0667,8
서울-1980-09-10-10:10,서울,1980-09-10,10:10,120,1,hourPillar|minggongBranch|bodyPalaceBranch|soulStar|mcSign|planetHouses,24.1667,12
서울-1980-09-10-12:24,서울,1980-09-10,12:24,-120,1,hourPillar|minggongBranch|bodyPalaceBranch|soulStar|ascSign|mcSign|planetHouses,24.2000,12
서울-1980-09-10-12:24,서울,1980-09-10,12:24,-60,1,hourPillar|minggongBranch|bodyPalaceBranch|soulStar|ascSign|planetHouses,12.1333,3
서울-1980-09-10-12:24,서울,1980-09-10,12:24,-30,1,ascSign|planetHouses,6.0833,2
서울-1980-09-10-12:24,서울,1980-09-10,12:24,-15,1,ascSign,3.0500,0
서울-1980-09-10-12:24,서울,1980-09-10,12:24,-5,0,,1.0167,0
서울-1980-09-10-12:24,서울,1980-09-10,12:24,5,0,,1.0333,0
서울-1980-09-10-12:24,서울,1980-09-10,12:24,15,1,planetHouses,3.0833,3
서울-1980-09-10-12:24,서울,1980-09-10,12:24,30,1,planetHouses,6.1667,3
서울-1980-09-10-12:24,서울,1980-09-10,12:24,60,1,mcSign|planetHouses,12.4500,9
서울-1980-09-10-12:24,서울,1980-09-10,12:24,120,1,hourPillar|minggongBranch|bodyPalaceBranch|soulStar|mcSign|planetHouses,25.5833,12
서울-1980-09-10-14:38,서울,1980-09-10,14:38,-120,1,hourPillar|minggongBranch|bodyPalaceBranch|soulStar|ascSign|mcSign|planetHouses,25.9333,12
서울-1980-09-10-14:38,서울,1980-09-10,14:38,-60,1,ascSign|planetHouses,13.3667,5
서울-1980-09-10-14:38,서울,1980-09-10,14:38,-30,1,ascSign|planetHouses,6.8167,3
서울-1980-09-10-14:38,서울,1980-09-10,14:38,-15,1,ascSign|planetHouses,3.4500,2
서울-1980-09-10-14:38,서울,1980-09-10,14:38,-5,1,planetHouses,1.1667,1
서울-1980-09-10-14:38,서울,1980-09-10,14:38,5,1,planetHouses,1.1667,1
서울-1980-09-10-14:38,서울,1980-09-10,14:38,15,1,planetHouses,3.5167,1
서울-1980-09-10-14:38,서울,1980-09-10,14:38,30,1,mcSign|planetHouses,7.1333,3
서울-1980-09-10-14:38,서울,1980-09-10,14:38,60,1,hourPillar|minggongBranch|bodyPalaceBranch|soulStar|mcSign|planetHouses,14.7167,9
서울-1980-09-10-14:38,서울,1980-09-10,14:38,120,1,hourPillar|minggongBranch|bodyPalaceBranch|soulStar|ascSign|mcSign|planetHouses,31.5500,11
서울-1980-09-10-16:52,서울,1980-09-10,16:52,-120,1,hourPillar|minggongBranch|bodyPalaceBranch|soulStar|ascSign|mcSign|planetHouses,32.6000,12
서울-1980-09-10-16:52,서울,1980-09-10,16:52,-60,1,ascSign|planetHouses,17.4667,5
서울-1980-09-10-16:52,서울,1980-09-10,16:52,-30,1,ascSign|planetHouses,9.0667,4
서울-1980-09-10-16:52,서울,1980-09-10,16:52,-15,1,planetHouses,4.6333,3
서울-1980-09-10-16:52,서울,1980-09-10,16:52,-5,0,,1.5667,0
서울-1980-09-10-16:52,서울,1980-09-10,16:52,5,1,planetHouses,1.5833,1
서울-1980-09-10-16:52,서울,1980-09-10,16:52,15,1,mcSign|planetHouses,4.8333,1
서울-1980-09-10-16:52,서울,1980-09-10,16:52,30,1,mcSign|planetHouses,9.8500,5
서울-1980-09-10-16:52,서울,1980-09-10,16:52,60,1,hourPillar|minggongBranch|bodyPalaceBranch|soulStar|mcSign|planetHouses,20.5167,7
서울-1980-09-10-16:52,서울,1980-09-10,16:52,120,1,hourPillar|minggongBranch|bodyPalaceBranch|soulStar|ascSign|mcSign|planetHouses,43.9500,12
서울-1980-09-10-18:06,서울,1980-09-10,18:06,-120,1,hourPillar|minggongBranch|bodyPalaceBranch|soulStar|ascSign|mcSign|planetHouses,39.4000,12
서울-1980-09-10-18:06,서울,1980-09-10,18:06,-60,1,hourPillar|minggongBranch|bodyPalaceBranch|soulStar|ascSign|planetHouses,21.2667,6
서울-1980-09-10-18:06,서울,1980-09-10,18:06,-30,1,ascSign,11.0333,0
서울-1980-09-10-18:06,서울,1980-09-10,18:06,-15,1,ascSign,5.6167,0
서울-1980-09-10-18:06,서울,1980-09-10,18:06,-5,0,,1.9000,0
서울-1980-09-10-18:06,서울,1980-09-10,18:06,5,0,,1.9167,0
서울-1980-09-10-18:06,서울,1980-09-10,18:06,15,1,planetHouses,5.7833,3
서울-1980-09-10-18:06,서울,1980-09-10,18:06,30,1,planetHouses,11.7333,4
서울-1980-09-10-18:06,서울,1980-09-10,18:06,60,1,planetHouses,23.9000,6
서울-1980-09-10-18:06,서울,1980-09-10,18:06,120,1,hourPillar|minggongBranch|bodyPalaceBranch|soulStar|ascSign|mcSign|planetHouses,48.1667,12
서울-1980-09-10-20:20,서울,1980-09-10,20:20,-120,1,hourPillar|minggongBranch|bodyPalaceBranch|soulStar|ascSign|mcSign|planetHouses,48.1833,12
서울-1980-09-10-20:20,서울,1980-09-10,20:20,-60,1,hourPillar|minggongBranch|bodyPalaceBranch|soulStar|planetHouses,23.9500,4
서울-1980-09-10-20:20,서울,1980-09-10,20:20,-30,1,planetHouses,11.7667,4
서울-1980-09-10-20:20,서울,1980-09-10,20:20,-15,0,,5.8167,0
서울-1980-09-10-20:20,서울,1980-09-10,20:20,-5,0,,1.9167,0
서울-1980-09-10-20:20,서울,1980-09-10,20:20,5,0,,1.8833,0
서울-1980-09-10-20:20,서울,1980-09-10,20:20,15,1,ascSign,5.6167,0
서울-1980-09-10-20:20,서울,1980-09-10,20:20,30,1,ascSign|planetHouses,11.0667,2
서울-1980-09-10-20:20,서울,1980-09-10,20:20,60,1,ascSign|planetHouses,21.3333,8
서울-1980-09-10-20:20,서울,1980-09-10,20:20,120,1,hourPillar|minggongBranch|bodyPalaceBranch|soulStar|ascSign|mcSign|planetHouses,39.5333,12
서울-1980-09-10-22:34,서울,1980-09-10,22:34,-120,1,hourPillar|minggongBranch|bodyPalaceBranch|soulStar|ascSign|mcSign|planetHouses,38.1167,12
서울-1980-09-10-22:34,서울,1980-09-10,22:34,-60,1,ascSign|planetHouses,17.5167,4
서울-1980-09-10-22:34,서울,1980-09-10,22:34,-30,1,planetHouses,8.4167,2
서울-1980-09-10-22:34,서울,1980-09-10,22:34,-15,1,planetHouses,4.1167,1
서울-1980-09-10-22:34,서울,1980-09-10,22:34,-5,1,planetHouses,1.3500,1
서울-1980-09-10-22:34,서울,1980-09-10,22:34,5,1,planetHouses,1.3500,2
서울-1980-09-10-22:34,서울,1980-09-10,22:34,15,1,planetHouses,3.9833,3
서울-1980-09-10-22:34,서울,1980-09-10,22:34,30,1,planetHouses,7.8333,3
서울-1980-09-10-22:34,서울,1980-09-10,22:34,60,1,hourPillar|minggongBranch|bodyPalaceBranch|soulStar|mcSign|planetHouses,15.1833,9
서울-1980-09-10-22:34,서울,1980-09-10,22:34,120,1,dayPillar|hourPillar|minggongBranch|bodyPalaceBranch|soulStar|ascSign|mcSign|planetHouses,28.8333,12
서울-1980-10-17-00:00,서울,1980-10-17,00:00,-120,1,hourPillar|minggongBranch|bodyPalaceBranch|soulStar|ascSign|mcSign|planetHouses,25.2000,12
서울-1980-10-17-00:00,서울,1980-10-17,00:00,-60,1,hourPillar|minggongBranch|bodyPalaceBranch|soulStar|ascSign|planetHouses,12.3167,7
서울-1980-10-17-00:00,서울,1980-10-17,00:00,-30,1,hourPillar|minggongBranch|bodyPalaceBranch|soulStar|ascSign|planetHouses,6.1167,5
서울-1980-10-17-00:00,서울,1980-10-17,00:00,-15,1,ascSign|planetHouses,3.0500,1
서울-1980-10-17-00:00,서울,1980-10-17,00:00,-5,1,planetHouses,1.0000,1
서울-1980-10-17-00:00,서울,1980-10-17,00:00,5,0,,1.0167,0
서울-1980-10-17-00:00,서울,1980-10-17,00:00,15,1,planetHouses,3.0500,1
서울-1980-10-17-00:00,서울,1980-10-17,00:00,30,1,planetHouses,6.0667,2
서울-1980-10-17-00:00,서울,1980-10-17,00:00,60,1,dayPillar|mcSign|planetHouses,12.1000,4
서울-1980-10-17-00:00,서울,1980-10-17,00:00,120,1,dayPillar|hourPillar|minggongBranch|bodyPalaceBranch|soulStar|mcSign|planetHouses,24.1667,11
서울-1980-10-17-02:14,서울,1980-10-17,02:14,-120,1,dayPillar|hourPillar|minggongBranch|bodyPalaceBranch|soulStar|mcSign|planetHouses,24.1667,10
서울-1980-10-17-02:14,서울,1980-10-17,02:14,-60,1,hourPillar|minggongBranch|bodyPalaceBranch|soulStar|planetHouses,12.0833,6
서울-1980-10-17-02:14,서울,1980-10-17,02:14,-30,1,planetHouses,6.0500,1
서울-1980-10-17-02:14,서울,1980-10-17,02:14,-15,0,,3.0333,0
서울-1980-10-17-02:14,서울,1980-10-17,02:14,-5,0,,1.0167,0
서울-1980-10-17-02:14,서울,1980-10-17,02:14,5,1,planetHouses,1.0000,1
서울-1980-10-17-02:14,서울,1980-10-17,02:14,15,1,ascSign|planetHouses,3.0333,3
서울-1980-10-17-02:14,서울,1980-10-17,02:14,30,1,ascSign|mcSign|planetHouses,6.0667,4
서울-1980-10-17-02:14,서울,1980-10-17,02:14,60,1,ascSign|mcSign|planetHouses,12.1500,6
서울-1980-10-17-02:14,서울,1980-10-17,02:14,120,1,hourPillar|minggongBranch|bodyPalaceBranch|soulStar|ascSign|mcSign|planetHouses,24.4000,12
서울-1980-10-17-04:28,서울,1980-10-17,04:28,-120,1,hourPillar|minggongBranch|bodyPalaceBranch|soulStar|mcSign|planetHouses,24.4500,9
서울-1980-10-17-04:28,서울,1980-10-17,04:28,-60,1,hourPillar|minggongBranch|bodyPalaceBranch|soulStar|planetHouses,12.2667,6
서울-1980-10-17-04:28,서울,1980-10-17,04:28,-30,1,planetHouses,6.1333,2
서울-1980-10-17-04:28,서울,1980-10-17,04:28,-15,0,,3.0667,0
서울-1980-10-17-04:28,서울,1980-10-17,04:28,-5,0,,1.0167,0
서울-1980-10-17-04:28,서울,1980-10-17,04:28,5,1,planetHouses,1.0333,1
서울-1980-10-17-04:28,서울,1980-10-17,04:28,15,1,planetHouses,3.0833,4
서울-1980-10-17-04:28,서울,1980-10-17,04:28,30,1,ascSign|mcSign|planetHouses,6.1500,4
서울-1980-10-17-04:28,서울,1980-10-17,04:28,60,1,ascSign|mcSign|planetHouses,12.3000,6
서울-1980-10-17-04:28,서울,1980-10-17,04:28,120,1,hourPillar|minggongBranch|bodyPalaceBranch|soulStar|ascSign|mcSign|planetHouses,24.5500,11
서울-1980-10-17-06:42,서울,1980-10-17,06:42,-120,1,hourPillar|minggongBranch|bodyPalaceBranch|soulStar|ascSign|mcSign|planetHouses,24.5167,10
서울-1980-10-17-06:42,서울,1980-10-17,06:42,-60,1,planetHouses,12.2167,7
서울-1980-10-17-06:42,서울,1980-10-17,06:42,-30,1,planetHouses,6.1000,5
서울-1980-10-17-06:42,서울,1980-10-17,06:42,-15,1,planetHouses,3.0500,4
서울-1980-10-17-06:42,서울,1980-10-17,06:42,-5,1,planetHouses,1.0167,1
서울-1980-10-17-06:42,서울,1980-10-17,06:42,5,1,planetHouses,1.0167,1
서울-1980-10-17-06:42,서울,1980-10-17,06:42,15,1,planetHouses,3.0500,2
서울-1980-10-17-06:42,서울,1980-10-17,06:42,30,1,mcSign|planetHouses,6.0833,3
서울-1980-10-17-06:42,서울,1980-10-17,06:42,60,1,hourPillar|minggongBranch|bodyPalaceBranch|soulStar|ascSign|mcSign|planetHouses,12.1500,4
서울-1980-10-17-06:42,서울,1980-10-17,06:42,120,1,hourPillar|minggongBranch|bodyPalaceBranch|soulStar|ascSign|mcSign|planetHouses,24.2167,9
서울-1980-10-17-08:56,서울,1980-10-17,08:56,-120,1,hourPillar|minggongBranch|bodyPalaceBranch|soulStar|ascSign|mcSign|planetHouses,24.1667,11
서울-1980-10-17-08:56,서울,1980-10-17,08:56,-60,1,planetHouses,12.0500,7
서울-1980-10-17-08:56,서울,1980-10-17,08:56,-30,1,planetHouses,6.0167,5
서울-1980-10-17-08:56,서울,1980-10-17,08:56,-15,1,planetHouses,3.0167,2
서울-1980-10-17-08:56,서울,1980-10-17,08:56,-5,0,,1.0000,0
서울-1980-10-17-08:56,서울,1980-10-17,08:56,5,1,mcSign|planetHouses,1.0167,1
서울-1980-10-17-08:56,서울,1980-10-17,08:56,15,1,mcSign|planetHouses,3.0333,2
서울-1980-10-17-08:56,서울,1980-10-17,08:56,30,1,mcSign|planetHouses,6.0500,3
서울-1980-10-17-08:56,서울,1980-10-17,08:56,60,1,hourPillar|minggongBranch|bodyPalaceBranch|soulStar|ascSign|mcSign|planetHouses,12.1333,4
서울-1980-10-17-08:56,서울,1980-10-17,08:56,120,1,hourPillar|minggongBranch|bodyPalaceBranch|soulStar|ascSign|mcSign|planetHouses,24.5667,11
서울-1980-10-17-10:10,서울,1980-10-17,10:10,-120,1,hourPillar|minggongBranch|bodyPalaceBranch|soulStar|ascSign|mcSign|planetHouses,24.2333,10
서울-1980-10-17-10:10,서울,1980-10-17,10:10,-60,1,hourPillar|minggongBranch|bodyPalaceBranch|soulStar|ascSign|planetHouses,12.1833,3
서울-1980-10-17-10:10,서울,1980-10-17,10:10,-30,1,ascSign|planetHouses,6.1167,2
서울-1980-10-17-10:10,서울,1980-10-17,10:10,-15,1,planetHouses,3.0667,1
서울-1980-10-17-10:10,서울,1980-10-17,10:10,-5,0,,1.0167,0
서울-1980-10-17-10:10,서울,1980-10-17,10:10,5,0,,1.0333,0
서울-1980-10-17-10:10,서울,1980-10-17,10:10,15,1,planetHouses,3.1000,3
서울-1980-10-17-10:10,서울,1980-10-17,10:10,30,1,planetHouses,6.2167,5
서울-1980-10-17-10:10,서울,1980-10-17,10:10,60,1,mcSign|planetHouses,12.5500,8
서울-1980-10-17-10:10,서울,1980-10-17,10:10,120,1,hourPillar|minggongBranch|bodyPalaceBranch|soulStar|ascSign|mcSign|planetHouses,25.8667,12
서울-1980-10-17-12:24,서울,1980-10-17,12:24,-120,1,hourPillar|minggongBranch|bodyPalaceBranch|soulStar|ascSign|mcSign|planetHouses,26.2500,10
서울-1980-10-17-12:24,서울,1980-10-17,12:24,-60,1,hourPillar|minggongBranch|bodyPalaceBranch|soulStar|ascSign|planetHouses,13.5667,6
서울-1980-10-17-12:24,서울,1980-10-17,12:24,-30,1,ascSign|planetHouses,6.9167,4
서울-1980-10-17-12:24,서울,1980-10-17,12:24,-15,1,planetHouses,3.5000,3
서울-1980-10-17-12:24,서울,1980-10-17,12:24,-5,0,,1.1833,0
서울-1980-10-17-12:24,서울,1980-10-17,12:24,5,0,,1.1833,0
서울-1980-10-17-12:24,서울,1980-10-17,12:24,15,1,planetHouses,3.6000,3
서울-1980-10-17-12:24,서울,1980-10-17,12:24,30,1,mcSign|planetHouses,7.3000,4
서울-1980-10-17-12:24,서울,1980-10-17,12:24,60,1,mcSign|planetHouses,15.0667,7
서울-1980-10-17-12:24,서울,1980-10-17,12:24,120,1,hourPillar|minggongBranch|bodyPalaceBranch|soulStar|ascSign|mcSign|planetHouses,32.4167,12
서울-1980-10-17-14:38,서울,1980-10-17,14:38,-120,1,hourPillar|minggongBranch|bodyPalaceBranch|soulStar|ascSign|mcSign|planetHouses,33.5333,12
서울-1980-10-17-14:38,서울,1980-10-17,14:38,-60,1,ascSign|planetHouses,18.0167,7
서울-1980-10-17-14:38,서울,1980-10-17,14:38,-30,1,planetHouses,9.3667,2
서울-1980-10-17-14:38,서울,1980-10-17,14:38,-15,1,planetHouses,4.7833,1
서울-1980-10-17-14:38,서울,1980-10-17,14:38,-5,0,,1.6167,0
서울-1980-10-17-14:38,서울,1980-10-17,14:38,5,1,mcSign|planetHouses,1.6333,1
서울-1980-10-17-14:38,서울,1980-10-17,14:38,15,1,mcSign|planetHouses,4.9667,1
서울-1980-10-17-14:38,서울,1980-10-17,14:38,30,1,mcSign|planetHouses,10.1500,5
서울-1980-10-17-14:38,서울,1980-10-17,14:38,60,1,hourPillar|minggongBranch|bodyPalaceBranch|soulStar|ascSign|mcSign|planetHouses,21.1333,7
서울-1980-10-17-14:38,서울,1980-10-17,14:38,120,1,hourPillar|minggongBranch|bodyPalaceBranch|soulStar|ascSign|mcSign|planetHouses,44.9500,12
서울-1980-10-17-16:52,서울,1980-10-17,16:52,-120,1,hourPillar|minggongBranch|bodyPalaceBranch|soulStar|ascSign|mcSign|planetHouses,46.0500,12
서울-1980-10-17-16:52,서울,1980-10-17,16:52,-60,1,ascSign|mcSign|planetHouses,24.1833,8
서울-1980-10-17-16:52,서울,1980-10-17,16:52,-30,1,ascSign|mcSign|planetHouses,12.2500,4
서울-1980-10-17-16:52,서울,1980-10-17,16:52,-15,1,ascSign|mcSign|planetHouses,6.1500,3
서울-1980-10-17-16:52,서울,1980-10-17,16:52,-5,1,ascSign|mcSign,2.0500,0
서울-1980-10-17-16:52,서울,1980-10-17,16:52,5,1,planetHouses,2.0500,1
서울-1980-10-17-16:52,서울,1980-10-17,16:52,15,1,planetHouses,6.1333,2
서울-1980-10-17-16:52,서울,1980-10-17,16:52,30,1,planetHouses,12.2167,3
서울-1980-10-17-16:52,서울,1980-10-17,16:52,60,1,hourPillar|minggongBranch|bodyPalaceBranch|soulStar|planetHouses,24.0167,7
서울-1980-10-17-16:52,서울,1980-10-17,16:52,120,1,hourPillar|minggongBranch|bodyPalaceBranch|soulStar|ascSign|planetHouses,45.4833,12
서울-1980-10-17-18:06,서울,1980-10-17,18:06,-120,1,hourPillar|minggongBranch|bodyPalaceBranch|soulStar|ascSign|mcSign|planetHouses,47.9833,12
서울-1980-10-17-18:06,서울,1980-10-17,18:06,-60,1,hourPillar|minggongBranch|bodyPalaceBranch|soulStar|ascSign|planetHouses,23.5667,6
서울-1980-10-17-18:06,서울,1980-10-17,18:06,-30,1,ascSign|planetHouses,11.5167,4
서울-1980-10-17-18:06,서울,1980-10-17,18:06,-15,1,ascSign|planetHouses,5.6667,1
서울-1980-10-17-18:06,서울,1980-10-17,18:06,-5,1,ascSign|planetHouses,1.8667,1
서울-1980-10-17-18:06,서울,1980-10-17,18:06,5,1,planetHouses,1.8500,1
서울-1980-10-17-18:06,서울,1980-10-17,18:06,15,1,planetHouses,5.4833,3
서울-1980-10-17-18:06,서울,1980-10-17,18:06,30,1,planetHouses,10.7667,3
서울-1980-10-17-18:06,서울,1980-10-17,18:06,60,1,mcSign|planetHouses,20.7333,7
서울-1980-10-17-18:06,서울,1980-10-17,18:06,120,1,hourPillar|minggongBranch|bodyPalaceBranch|soulStar|ascSign|mcSign|planetHouses,38.3667,12
서울-1980-10-17-20:20,서울,1980-10-17,20:20,-120,1,hourPillar|minggongBranch|bodyPalaceBranch|soulStar|ascSign|mcSign|planetHouses,36.9833,12
서울-1980-10-17-20:20,서울,1980-10-17,20:20,-60,1,hourPillar|minggongBranch|bodyPalaceBranch|soulStar|ascSign|planetHouses,17.0167,6
서울-1980-10-17-20:20,서울,1980-10-17,20:20,-30,1,planetHouses,8.1833,5
서울-1980-10-17-20:20,서울,1980-10-17,20:20,-15,0,,4.0167,0
서울-1980-10-17-20:20,서울,1980-10-17,20:20,-5,0,,1.3167,0
서울-1980-10-17-20:20,서울,1980-10-17,20:20,5,0,,1.3000,0
서울-1980-10-17-20:20,서울,1980-10-17,20:20,15,1,planetHouses,3.8833,1
서울-1980-10-17-20:20,서울,1980-10-17,20:20,30,1,planetHouses,7.6333,3
서울-1980-10-17-20:20,서울,1980-10-17,20:20,60,1,mcSign|planetHouses,14.8333,5
서울-1980-10-17-20:20,서울,1980-10-17,20:20,120,1,hourPillar|minggongBranch|bodyPalaceBranch|soulStar|ascSign|mcSign|planetHouses,28.2500,12
서울-1980-10-17-22:34,서울,1980-10-17,22:34,-120,1,hourPillar|minggongBranch|bodyPalaceBranch|soulStar|ascSign|mcSign|planetHouses,27.6333,12
서울-1980-10-17-22:34,서울,1980-10-17,22:34,-60,1,planetHouses,13.1833,7
서울-1980-10-17-22:34,서울,1980-10-17,22:34,-30,1,planetHouses,6.4833,3
서울-1980-10-17-22:34,서울,1980-10-17,22:34,-15,0,,3.2167,0
서울-1980-10-17-22:34,서울,1980-10-17,22:34,-5,0,,1.0667,0
서울-1980-10-17-22:34,서울,1980-10-17,22:34,5,0,,1.0667,0
서울-1980-10-17-22:34,서울,1980-10-17,22:34,15,1,mcSign|planetHouses,3.1667,1
서울-1980-10-17-22:34,서울,1980-10-17,22:34,30,1,mcSign|planetHouses,6.3000,2
서울-1980-10-17-22:34,서울,1980-10-17,22:34,60,1,hourPillar|minggongBranch|bodyPalaceBranch|soulStar|mcSign|planetHouses,12.4833,6
서울-1980-10-17-22:34,서울,1980-10-17,22:34,120,1,dayPillar|hourPillar|minggongBranch|bodyPalaceBranch|soulStar|ascSign|mcSign|planetHouses,24.6333,12
서울-1980-11-24-00:00,서울,1980-11-24,00:00,-120,1,hourPillar|minggongBranch|bodyPalaceBranch|soulStar|ascSign|mcSign|planetHouses,24.1667,10
서울-1980-11-24-00:00,서울,1980-11-24,00:00,-60,1,hourPillar|minggongBranch|bodyPalaceBranch|soulStar|ascSign|planetHouses,12.1000,5
서울-1980-11-24-00:00,서울,1980-11-24,00:00,-30,1,hourPillar|minggongBranch|bodyPalaceBranch|soulStar|ascSign|planetHouses,6.0667,2
서울-1980-11-24-00:00,서울,1980-11-24,00:00,-15,1,ascSign|planetHouses,3.0333,2
서울-1980-11-24-00:00,서울,1980-11-24,00:00,-5,1,planetHouses,1.0167,2
서울-1980-11-24-00:00,서울,1980-11-24,00:00,5,1,planetHouses,1.0000,1
서울-1980-11-24-00:00,서울,1980-11-24,00:00,15,1,mcSign|planetHouses,3.0333,1
서울-1980-11-24-00:00,서울,1980-11-24,00:00,30,1,mcSign|planetHouses,6.0667,3
서울-1980-11-24-00:00,서울,1980-11-24,00:00,60,1,dayPillar|mcSign|planetHouses,12.1833,7
서울-1980-11-24-00:00,서울,1980-11-24,00:00,120,1,dayPillar|hourPillar|minggongBranch|bodyPalaceBranch|soulStar|mcSign|planetHouses,24.4500,10
서울-1980-11-24-02:14,서울,1980-11-24,02:14,-120,1,dayPillar|hourPillar|minggongBranch|bodyPalaceBranch|soulStar|planetHouses,24.4833,10
서울-1980-11-24-02:14,서울,1980-11-24,02:14,-60,1,hourPillar|minggongBranch|bodyPalaceBranch|soulStar|planetHouses,12.2833,4
서울-1980-11-24-02:14,서울,1980-11-24,02:14,-30,1,planetHouses,6.1500,2
서울-1980-11-24-02:14,서울,1980-11-24,02:14,-15,1,planetHouses,3.0833,1
서울-1980-11-24-02:14,서울,1980-11-24,02:14,-5,0,,1.0333,0
서울-1980-11-24-02:14,서울,1980-11-24,02:14,5,1,planetHouses,1.0167,1
서울-1980-11-24-02:14,서울,1980-11-24,02:14,15,1,ascSign|mcSign|planetHouses,3.0667,2
서울-1980-11-24-02:14,서울,1980-11-24,02:14,30,1,ascSign|mcSign|planetHouses,6.1500,4
서울-1980-11-24-02:14,서울,1980-11-24,02:14,60,1,ascSign|mcSign|planetHouses,12.2833,8
서울-1980-11-24-02:14,서울,1980-11-24,02:14,120,1,hourPillar|minggongBranch|bodyPalaceBranch|soulStar|ascSign|mcSign|planetHouses,24.5167,10
서울-1980-11-24-04:28,서울,1980-11-24,04:28,-120,1,hourPillar|minggongBranch|bodyPalaceBranch|soulStar|planetHouses,24.4833,10
서울-1980-11-24-04:28,서울,1980-11-24,04:28,-60,1,hourPillar|minggongBranch|bodyPalaceBranch|soulStar|planetHouses,12.2000,4
서울-1980-11-24-04:28,서울,1980-11-24,04:28,-30,1,planetHouses,6.1000,3
서울-1980-11-24-04:28,서울,1980-11-24,04:28,-15,1,planetHouses,3.0500,2
서울-1980-11-24-04:28,서울,1980-11-24,04:28,-5,0,,1.0167,0
서울-1980-11-24-04:28,서울,1980-11-24,04:28,5,1,mcSign,1.0167,0
서울-1980-11-24-04:28,서울,1980-11-24,04:28,15,1,mcSign|planetHouses,3.0333,2
서울-1980-11-24-04:28,서울,1980-11-24,04:28,30,1,ascSign|mcSign|planetHouses,6.0667,5
서울-1980-11-24-04:28,서울,1980-11-24,04:28,60,1,ascSign|mcSign|planetHouses,12.1167,6
서울-1980-11-24-04:28,서울,1980-11-24,04:28,120,1,hourPillar|minggongBranch|bodyPalaceBranch|soulStar|ascSign|mcSign|planetHouses,24.1667,10
서울-1980-11-24-06:42,서울,1980-11-24,06:42,-120,1,hourPillar|minggongBranch|bodyPalaceBranch|soulStar|ascSign|mcSign|planetHouses,24.1667,10
서울-1980-11-24-06:42,서울,1980-11-24,06:42,-60,1,mcSign|planetHouses,12.0667,5
서울-1980-11-24-06:42,서울,1980-11-24,06:42,-30,1,mcSign|planetHouses,6.0500,3
서울-1980-11-24-06:42,서울,1980-11-24,06:42,-15,1,mcSign|planetHouses,3.0333,3
서울-1980-11-24-06:42,서울,1980-11-24,06:42,-5,1,planetHouses,1.0167,1
서울-1980-11-24-06:42,서울,1980-11-24,06:42,5,1,planetHouses,1.0000,1
서울-1980-11-24-06:42,서울,1980-11-24,06:42,15,1,planetHouses,3.0167,2
서울-1980-11-24-06:42,서울,1980-11-24,06:42,30,1,planetHouses,6.0500,3
서울-1980-11-24-06:42,서울,1980-11-24,06:42,60,1,hourPillar|minggongBranch|bodyPalaceBranch|soulStar|ascSign|planetHouses,12.1667,6
서울-1980-11-24-06:42,서울,1980-11-24,06:42,120,1,hourPillar|minggongBranch|bodyPalaceBranch|soulStar|ascSign|mcSign|planetHouses,24.7333,11
서울-1980-11-24-08:56,서울,1980-11-24,08:56,-120,1,hourPillar|minggongBranch|bodyPalaceBranch|soulStar|ascSign|mcSign|planetHouses,24.9500,10
서울-1980-11-24-08:56,서울,1980-11-24,08:56,-60,1,mcSign|planetHouses,12.7000,4
서울-1980-11-24-08:56,서울,1980-11-24,08:56,-30,1,planetHouses,6.4333,3
서울-1980-11-24-08:56,서울,1980-11-24,08:56,-15,1,planetHouses,3.2500,1
서울-1980-11-24-08:56,서울,1980-11-24,08:56,-5,0,,1.1000,0
서울-1980-11-24-08:56,서울,1980-11-24,08:56,5,1,planetHouses,1.0833,1
서울-1980-11-24-08:56,서울,1980-11-24,08:56,15,1,planetHouses,3.2833,2
서울-1980-11-24-08:56,서울,1980-11-24,08:56,30,1,planetHouses,6.6500,4
서울-1980-11-24-08:56,서울,1980-11-24,08:56,60,1,hourPillar|minggongBranch|bodyPalaceBranch|soulStar|ascSign|planetHouses,13.5833,6
서울-1980-11-24-08:56,서울,1980-11-24,08:56,120,1,hourPillar|minggongBranch|bodyPalaceBranch|soulStar|ascSign|mcSign|planetHouses,28.6833,12
서울-1980-11-24-10:10,서울,1980-11-24,10:10,-120,1,hourPillar|minggongBranch|bodyPalaceBranch|soulStar|ascSign|mcSign|planetHouses,26.7500,12
서울-1980-11-24-10:10,서울,1980-11-24,10:10,-60,1,hourPillar|minggongBranch|bodyPalaceBranch|soulStar|ascSign|planetHouses,13.8833,6
서울-1980-11-24-10:10,서울,1980-11-24,10:10,-30,1,planetHouses,7.1000,4
서울-1980-11-24-10:10,서울,1980-11-24,10:10,-15,1,planetHouses,3.6000,2
서울-1980-11-24-10:10,서울,1980-11-24,10:10,-5,0,,1.2167,0
서울-1980-11-24-10:10,서울,1980-11-24,10:10,5,1,mcSign|planetHouses,1.2167,1
서울-1980-11-24-10:10,서울,1980-11-24,10:10,15,1,mcSign|planetHouses,3.7000,2
서울-1980-11-24-10:10,서울,1980-11-24,10:10,30,1,mcSign|planetHouses,7.5167,4
서울-1980-11-24-10:10,서울,1980-11-24,10:10,60,1,mcSign|planetHouses,15.5667,8
서울-1980-11-24-10:10,서울,1980-11-24,10:10,120,1,hourPillar|minggongBranch|bodyPalaceBranch|soulStar|ascSign|mcSign|planetHouses,33.6333,10
서울-1980-11-24-12:24,서울,1980-11-24,12:24,-120,1,hourPillar|minggongBranch|bodyPalaceBranch|soulStar|ascSign|mcSign|planetHouses,34.8500,12
서울-1980-11-24-12:24,서울,1980-11-24,12:24,-60,1,hourPillar|minggongBranch|bodyPalaceBranch|soulStar|ascSign|mcSign|planetHouses,18.7833,7
서울-1980-11-24-12:24,서울,1980-11-24,12:24,-30,1,mcSign|planetHouses,9.7833,6
서울-1980-11-24-12:24,서울,1980-11-24,12:24,-15,1,mcSign|planetHouses,4.9833,3
서울-1980-11-24-12:24,서울,1980-11-24,12:24,-5,1,planetHouses,1.6833,2
서울-1980-11-24-12:24,서울,1980-11-24,12:24,5,0,,1.7000,0
서울-1980-11-24-12:24,서울,1980-11-24,12:24,15,1,planetHouses,5.1833,2
서울-1980-11-24-12:24,서울,1980-11-24,12:24,30,1,planetHouses,10.5833,5
서울-1980-11-24-12:24,서울,1980-11-24,12:24,60,1,ascSign|planetHouses,21.9333,5
서울-1980-11-24-12:24,서울,1980-11-24,12:24,120,1,hourPillar|minggongBranch|bodyPalaceBranch|soulStar|ascSign|mcSign|planetHouses,46.1500,12
서울-1980-11-24-14:38,서울,1980-11-24,14:38,-120,1,hourPillar|minggongBranch|bodyPalaceBranch|soulStar|ascSign|mcSign|planetHouses,47.0333,12
서울-1980-11-24-14:38,서울,1980-11-24,14:38,-60,1,ascSign|mcSign|planetHouses,24.4167,10
서울-1980-11-24-14:38,서울,1980-11-24,14:38,-30,1,ascSign|mcSign|planetHouses,12.2833,5
서울-1980-11-24-14:38,서울,1980-11-24,14:38,-15,1,planetHouses,6.1333,4
서울-1980-11-24-14:38,서울,1980-11-24,14:38,-5,1,planetHouses,2.0333,1
서울-1980-11-24-14:38,서울,1980-11-24,14:38,5,0,,2.0333,0
서울-1980-11-24-14:38,서울,1980-11-24,14:38,15,0,,6.0667,0
서울-1980-11-24-14:38,서울,1980-11-24,14:38,30,0,,12.0333,0
서울-1980-11-24-14:38,서울,1980-11-24,14:38,60,1,hourPillar|minggongBranch|bodyPalaceBranch|soulStar|ascSign|planetHouses,23.5167,5
서울-1980-11-24-14:38,서울,1980-11-24,14:38,120,1,hourPillar|minggongBranch|bodyPalaceBranch|soulStar|ascSign|mcSign|planetHouses,44.1833,11
서울-1980-11-24-16:52,서울,1980-11-24,16:52,-120,1,hourPillar|minggongBranch|bodyPalaceBranch|soulStar|ascSign|mcSign|planetHouses,42.8667,12
서울-1980-11-24-16:52,서울,1980-11-24,16:52,-60,1,mcSign|planetHouses,19.9000,6
서울-1980-11-24-16:52,서울,1980-11-24,16:52,-30,1,mcSign|planetHouses,9.5500,4
서울-1980-11-24-16:52,서울,1980-11-24,16:52,-15,1,planetHouses,4.6667,3
서울-1980-11-24-16:52,서울,1980-11-24,16:52,-5,1,planetHouses,1.5333,2
서울-1980-11-24-16:52,서울,1980-11-24,16:52,5,0,,1.5167,0
서울-1980-11-24-16:52,서울,1980-11-24,16:52,15,1,ascSign,4.4833,0
서울-1980-11-24-16:52,서울,1980-11-24,16:52,30,1,ascSign|planetHouses,8.8000,1
서울-1980-11-24-16:52,서울,1980-11-24,16:52,60,1,hourPillar|minggongBranch|bodyPalaceBranch|soulStar|ascSign|planetHouses,16.9500,7
서울-1980-11-24-16:52,서울,1980-11-24,16:52,120,1,hourPillar|minggongBranch|bodyPalaceBranch|soulStar|ascSign|mcSign|planetHouses,31.7333,11
서울-1980-11-24-18:06,서울,1980-11-24,18:06,-120,1,hourPillar|minggongBranch|bodyPalaceBranch|soulStar|ascSign|mcSign|planetHouses,35.5333,12
서울-1980-11-24-18:06,서울,1980-11-24,18:06,-60,1,hourPillar|minggongBranch|bodyPalaceBranch|soulStar|planetHouses,16.3667,7
서울-1980-11-24-18:06,서울,1980-11-24,18:06,-30,1,planetHouses,7.8833,1
서울-1980-11-24-18:06,서울,1980-11-24,18:06,-15,0,,3.8833,0
서울-1980-11-24-18:06,서울,1980-11-24,18:06,-5,0,,1.2833,0
서울-1980-11-24-18:06,서울,1980-11-24,18:06,5,0,,1.2667,0
서울-1980-11-24-18:06,서울,1980-11-24,18:06,15,0,,3.7500,0
서울-1980-11-24-18:06,서울,1980-11-24,18:06,30,1,mcSign|planetHouses,7.4000,3
서울-1980-11-24-18:06,서울,1980-11-24,18:06,60,1,ascSign|mcSign|planetHouses,14.4000,4
서울-1980-11-24-18:06,서울,1980-11-24,18:06,120,1,hourPillar|minggongBranch|bodyPalaceBranch|soulStar|ascSign|mcSign|planetHouses,27.5667,12
서울-1980-11-24-20:20,서울,1980-11-24,20:20,-120,1,hourPillar|minggongBranch|bodyPalaceBranch|soulStar|ascSign|mcSign|planetHouses,27.0167,12
서울-1980-11-24-20:20,서울,1980-11-24,20:20,-60,1,hourPillar|minggongBranch|bodyPalaceBranch|soulStar|mcSign|planetHouses,12.9500,3
서울-1980-11-24-20:20,서울,1980-11-24,20:20,-30,1,mcSign|planetHouses,6.3833,1
서울-1980-11-24-20:20,서울,1980-11-24,20:20,-15,1,mcSign,3.1667,0
서울-1980-11-24-20:20,서울,1980-11-24,20:20,-5,1,mcSign,1.0500,0
서울-1980-11-24-20:20,서울,1980-11-24,20:20,5,0,,1.0500,0
서울-1980-11-24-20:20,서울,1980-11-24,20:20,15,0,,3.1333,0
서울-1980-11-24-20:20,서울,1980-11-24,20:20,30,1,planetHouses,6.2333,3
서울-1980-11-24-20:20,서울,1980-11-24,20:20,60,1,planetHouses,12.3667,6
서울-1980-11-24-20:20,서울,1980-11-24,20:20,120,1,hourPillar|minggongBranch|bodyPalaceBranch|soulStar|ascSign|mcSign|planetHouses,24.4833,12
서울-1980-11-24-22:34,서울,1980-11-24,22:34,-120,1,hourPillar|minggongBranch|bodyPalaceBranch|soulStar|ascSign|mcSign|planetHouses,24.3667,12
서울-1980-11-24-22:34,서울,1980-11-24,22:34,-60,1,mcSign|planetHouses,12.0833,6
서울-1980-11-24-22:34,서울,1980-11-24,22:34,-30,1,mcSign|planetHouses,6.0333,3
서울-1980-11-24-22:34,서울,1980-11-24,22:34,-15,1,planetHouses,3.0167,2
서울-1980-11-24-22:34,서울,1980-11-24,22:34,-5,1,planetHouses,1.0167,2
서울-1980-11-24-22:34,서울,1980-11-24,22:34,5,1,planetHouses,1.0000,1
서울-1980-11-24-22:34,서울,1980-11-24,22:34,15,1,planetHouses,3.0167,2
서울-1980-11-24-22:34,서울,1980-11-24,22:34,30,1,planetHouses,6.0333,3
서울-1980-11-24-22:34,서울,1980-11-24,22:34,60,1,hourPillar|minggongBranch|bodyPalaceBranch|soulStar|planetHouses,12.0667,4
서울-1980-11-24-22:34,서울,1980-11-24,22:34,120,1,dayPillar|hourPillar|minggongBranch|bodyPalaceBranch|soulStar|ascSign|mcSign|planetHouses,24.2167,10
서울-1980-12-04-00:00,서울,1980-12-04,00:00,-120,1,hourPillar|minggongBranch|bodyPalaceBranch|soulStar|ascSign|mcSign|planetHouses,24.2333,9
서울-1980-12-04-00:00,서울,1980-12-04,00:00,-60,1,hourPillar|minggongBranch|bodyPalaceBranch|soulStar|ascSign|mcSign|planetHouses,12.1500,5
서울-1980-12-04-00:00,서울,1980-12-04,00:00,-30,1,hourPillar|minggongBranch|bodyPalaceBranch|soulStar|mcSign|planetHouses,6.0833,2
서울-1980-12-04-00:00,서울,1980-12-04,00:00,-15,1,planetHouses,3.0500,1
서울-1980-12-04-00:00,서울,1980-12-04,00:00,-5,0,,1.0167,0
서울-1980-12-04-00:00,서울,1980-12-04,00:00,5,0,,1.0167,0
서울-1980-12-04-00:00,서울,1980-12-04,00:00,15,1,planetHouses,3.0500,3
서울-1980-12-04-00:00,서울,1980-12-04,00:00,30,1,planetHouses,6.1167,5
서울-1980-12-04-00:00,서울,1980-12-04,00:00,60,1,dayPillar|planetHouses,12.2500,6
서울-1980-12-04-00:00,서울,1980-12-04,00:00,120,1,dayPillar|hourPillar|minggongBranch|bodyPalaceBranch|soulStar|ascSign|mcSign|planetHouses,24.5333,11
서울-1980-12-04-02:14,서울,1980-12-04,02:14,-120,1,dayPillar|hourPillar|minggongBranch|bodyPalaceBranch|soulStar|ascSign|mcSign|planetHouses,24.5500,9
서울-1980-12-04-02:14,서울,1980-12-04,02:14,-60,1,hourPillar|minggongBranch|bodyPalaceBranch|soulStar|ascSign|mcSign|planetHouses,12.2833,5
서울-1980-12-04-02:14,서울,1980-12-04,02:14,-30,1,planetHouses,6.1500,2
서울-1980-12-04-02:14,서울,1980-12-04,02:14,-15,1,planetHouses,3.0667,1
서울-1980-12-04-02:14,서울,1980-12-04,02:14,-5,1,planetHouses,1.0167,1
서울-1980-12-04-02:14,서울,1980-12-04,02:14,5,0,,1.0167,0
서울-1980-12-04-02:14,서울,1980-12-04,02:14,15,1,planetHouses,3.0667,2
서울-1980-12-04-02:14,서울,1980-12-04,02:14,30,1,planetHouses,6.1333,4
서울-1980-12-04-02:14,서울,1980-12-04,02:14,60,1,planetHouses,12.2500,6
서울-1980-12-04-02:14,서울,1980-12-04,02:14,120,1,hourPillar|minggongBranch|bodyPalaceBranch|soulStar|ascSign|mcSign|planetHouses,24.4167,12
서울-1980-12-04-04:28,서울,1980-12-04,04:28,-120,1,hourPillar|minggongBranch|bodyPalaceBranch|soulStar|ascSign|mcSign|planetHouses,24.3833,11
서울-1980-12-04-04:28,서울,1980-12-04,04:28,-60,1,hourPillar|minggongBranch|bodyPalaceBranch|soulStar|ascSign|mcSign|planetHouses,12.1500,7
서울-1980-12-04-04:28,서울,1980-12-04,04:28,-30,1,ascSign|planetHouses,6.0667,5
서울-1980-12-04-04:28,서울,1980-12-04,04:28,-15,1,planetHouses,3.0333,1
서울-1980-12-04-04:28,서울,1980-12-04,04:28,-5,0,,1.0167,0
서울-1980-12-04-04:28,서울,1980-12-04,04:28,5,0,,1.0000,0
서울-1980-12-04-04:28,서울,1980-12-04,04:28,15,0,,3.0167,0
서울-1980-12-04-04:28,서울,1980-12-04,04:28,30,1,planetHouses,6.0333,3
서울-1980-12-04-04:28,서울,1980-12-04,04:28,60,1,planetHouses,12.0667,6
서울-1980-12-04-04:28,서울,1980-12-04,04:28,120,1,hourPillar|minggongBranch|bodyPalaceBranch|soulStar|mcSign|planetHouses,24.1500,12
서울-1980-12-04-06:42,서울,1980-12-04,06:42,-120,1,hourPillar|minggongBranch|bodyPalaceBranch|soulStar|ascSign|mcSign|planetHouses,24.1833,12
서울-1980-12-04-06:42,서울,1980-12-04,06:42,-60,1,ascSign|mcSign|planetHouses,12.1167,6
서울-1980-12-04-06:42,서울,1980-12-04,06:42,-30,1,ascSign|planetHouses,6.0833,3
서울-1980-12-04-06:42,서울,1980-12-04,06:42,-15,1,ascSign,3.0500,0
서울-1980-12-04-06:42,서울,1980-12-04,06:42,-5,1,ascSign,1.0167,0
서울-1980-12-04-06:42,서울,1980-12-04,06:42,5,0,,1.0167,0
서울-1980-12-04-06:42,서울,1980-12-04,06:42,15,1,planetHouses,3.0667,1
서울-1980-12-04-06:42,서울,1980-12-04,06:42,30,1,planetHouses,6.1500,4
서울-1980-12-04-06:42,서울,1980-12-04,06:42,60,1,hourPillar|minggongBranch|bodyPalaceBranch|soulStar|mcSign|planetHouses,12.4000,6
서울-1980-12-04-06:42,서울,1980-12-04,06:42,120,1,hourPillar|minggongBranch|bodyPalaceBranch|soulStar|mcSign|planetHouses,25.4000,12
서울-1980-12-04-08:56,서울,1980-12-04,08:56,-120,1,hourPillar|minggongBranch|bodyPalaceBranch|soulStar|mcSign|planetHouses,25.7333,12
서울-1980-12-04-08:56,서울,1980-12-04,08:56,-60,1,planetHouses,13.2333,6
서울-1980-12-04-08:56,서울,1980-12-04,08:56,-30,1,planetHouses,6.7333,1
서울-1980-12-04-08:56,서울,1980-12-04,08:56,-15,0,,3.4000,0
서울-1980-12-04-08:56,서울,1980-12-04,08:56,-5,0,,1.1500,0
서울-1980-12-04-08:56,서울,1980-12-04,08:56,5,1,ascSign,1.1500,0
서울-1980-12-04-08:56,서울,1980-12-04,08:56,15,1,ascSign|planetHouses,3.4833,1
서울-1980-12-04-08:56,서울,1980-12-04,08:56,30,1,ascSign|planetHouses,7.0500,4
서울-1980-12-04-08:56,서울,1980-12-04,08:56,60,1,hourPillar|minggongBranch|bodyPalaceBranch|soulStar|ascSign|mcSign|planetHouses,14.5000,8
서울-1980-12-04-08:56,서울,1980-12-04,08:56,120,1,hourPillar|minggongBranch|bodyPalaceBranch|soulStar|ascSign|mcSign|planetHouses,31.0167,12
서울-1980-12-04-10:10,서울,1980-12-04,10:10,-120,1,hourPillar|minggongBranch|bodyPalaceBranch|soulStar|ascSign|mcSign|planetHouses,28.3500,12
서울-1980-12-04-10:10,서울,1980-12-04,10:10,-60,1,hourPillar|minggongBranch|bodyPalaceBranch|soulStar|mcSign|planetHouses,14.8833,10
서울-1980-12-04-10:10,서울,1980-12-04,10:10,-30,1,planetHouses,7.6667,5
서울-1980-12-04-10:10,서울,1980-12-04,10:10,-15,1,planetHouses,3.9000,3
서울-1980-12-04-10:10,서울,1980-12-04,10:10,-5,1,planetHouses,1.3000,1
서울-1980-12-04-10:10,서울,1980-12-04,10:10,5,0,,1.3333,0
서울-1980-12-04-10:10,서울,1980-12-04,10:10,15,1,planetHouses,4.0500,1
서울-1980-12-04-10:10,서울,1980-12-04,10:10,30,1,planetHouses,8.2333,1
서울-1980-12-04-10:10,서울,1980-12-04,10:10,60,1,ascSign|planetHouses,17.1167,3
서울-1980-12-04-10:10,서울,1980-12-04,10:10,120,1,hourPillar|minggongBranch|bodyPalaceBranch|soulStar|ascSign|mcSign|planetHouses,37.2167,12
서울-1980-12-04-12:24,서울,1980-12-04,12:24,-120,1,hourPillar|minggongBranch|bodyPalaceBranch|soulStar|ascSign|mcSign|planetHouses,38.6000,12
서울-1980-12-04-12:24,서울,1980-12-04,12:24,-60,1,hourPillar|minggongBranch|bodyPalaceBranch|soulStar|ascSign|mcSign|planetHouses,20.8500,8
서울-1980-12-04-12:24,서울,1980-12-04,12:24,-30,1,ascSign|planetHouses,10.8167,4
서울-1980-12-04-12:24,서울,1980-12-04,12:24,-15,1,ascSign|planetHouses,5.5000,1
서울-1980-12-04-12:24,서울,1980-12-04,12:24,-5,1,ascSign|planetHouses,1.8500,1
서울-1980-12-04-12:24,서울,1980-12-04,12:24,5,0,,1.8833,0
서울-1980-12-04-12:24,서울,1980-12-04,12:24,15,0,,5.7167,0
서울-1980-12-04-12:24,서울,1980-12-04,12:24,30,1,planetHouses,11.5667,2
서울-1980-12-04-12:24,서울,1980-12-04,12:24,60,1,planetHouses,23.6667,8
서울-1980-12-04-12:24,서울,1980-12-04,12:24,120,1,hourPillar|minggongBranch|bodyPalaceBranch|soulStar|ascSign|mcSign|planetHouses,48.0500,12
서울-1980-12-04-14:38,서울,1980-12-04,14:38,-120,1,hourPillar|minggongBranch|bodyPalaceBranch|soulStar|ascSign|mcSign|planetHouses,48.2167,12
서울-1980-12-04-14:38,서울,1980-12-04,14:38,-60,1,ascSign|mcSign|planetHouses,24.1500,7
서울-1980-12-04-14:38,서울,1980-12-04,14:38,-30,1,planetHouses,11.9000,3
서울-1980-12-04-14:38,서울,1980-12-04,14:38,-15,1,planetHouses,5.8833,2
서울-1980-12-04-14:38,서울,1980-12-04,14:38,-5,1,planetHouses,1.9500,2
서울-1980-12-04-14:38,서울,1980-12-04,14:38,5,1,planetHouses,1.9167,2
서울-1980-12-04-14:38,서울,1980-12-04,14:38,15,1,planetHouses,5.7167,2
서울-1980-12-04-14:38,서울,1980-12-04,14:38,30,1,ascSign|planetHouses,11.2667,4
서울-1980-12-04-14:38,서울,1980-12-04,14:38,60,1,hourPillar|minggongBranch|bodyPalaceBranch|soulStar|ascSign|planetHouses,21.7333,7
서울-1980-12-04-14:38,서울,1980-12-04,14:38,120,1,hourPillar|minggongBranch|bodyPalaceBranch|soulStar|ascSign|mcSign|planetHouses,40.3167,11
서울-1980-12-04-16:52,서울,1980-12-04,16:52,-120,1,hourPillar|minggongBranch|bodyPalaceBranch|soulStar|ascSign|mcSign|planetHouses,38.9000,12
서울-1980-12-04-16:52,서울,1980-12-04,16:52,-60,1,ascSign|planetHouses,17.9000,9
서울-1980-12-04-16:52,서울,1980-12-04,16:52,-30,1,ascSign|planetHouses,8.5833,3
서울-1980-12-04-16:52,서울,1980-12-04,16:52,-15,1,planetHouses,4.2167,3
서울-1980-12-04-16:52,서울,1980-12-04,16:52,-5,1,planetHouses,1.3833,1
서울-1980-12-04-16:52,서울,1980-12-04,16:52,5,0,,1.3667,0
서울-1980-12-04-16:52,서울,1980-12-04,16:52,15,0,,4.0500,0
서울-1980-12-04-16:52,서울,1980-12-04,16:52,30,1,planetHouses,7.9667,1
서울-1980-12-04-16:52,서울,1980-12-04,16:52,60,1,hourPillar|minggongBranch|bodyPalaceBranch|soulStar|mcSign|planetHouses,15.4333,5
서울-1980-12-04-16:52,서울,1980-12-04,16:52,120,1,hourPillar|minggongBranch|bodyPalaceBranch|soulStar|ascSign|mcSign|planetHouses,29.2333,11
서울-1980-12-04-18:06,서울,1980-12-04,18:06,-120,1,hourPillar|minggongBranch|bodyPalaceBranch|soulStar|ascSign|mcSign|planetHouses,32.2500,12
서울-1980-12-04-18:06,서울,1980-12-04,18:06,-60,1,hourPillar|minggongBranch|bodyPalaceBranch|soulStar|mcSign|planetHouses,15.0000,7
서울-1980-12-04-18:06,서울,1980-12-04,18:06,-30,1,mcSign|planetHouses,7.2667,4
서울-1980-12-04-18:06,서울,1980-12-04,18:06,-15,1,planetHouses,3.5833,2
서울-1980-12-04-18:06,서울,1980-12-04,18:06,-5,1,planetHouses,1.1833,1
서울-1980-12-04-18:06,서울,1980-12-04,18:06,5,0,,1.1667,0
서울-1980-12-04-18:06,서울,1980-12-04,18:06,15,1,ascSign,3.4833,0
서울-1980-12-04-18:06,서울,1980-12-04,18:06,30,1,ascSign|planetHouses,6.9000,3
서울-1980-12-04-18:06,서울,1980-12-04,18:06,60,1,ascSign|planetHouses,13.5167,6
서울-1980-12-04-18:06,서울,1980-12-04,18:06,120,1,hourPillar|minggongBranch|bodyPalaceBranch|soulStar|ascSign|mcSign|planetHouses,26.1667,10
서울-1980-12-04-20:20,서울,1980-12-04,20:20,-120,1,hourPillar|minggongBranch|bodyPalaceBranch|soulStar|ascSign|mcSign|planetHouses,25.8000,12
서울-1980-12-04-20:20,서울,1980-12-04,20:20,-60,1,hourPillar|minggongBranch|bodyPalaceBranch|soulStar|mcSign|planetHouses,12.5167,8
서울-1980-12-04-20:20,서울,1980-12-04,20:20,-30,1,planetHouses,6.2000,6
서울-1980-12-04-20:20,서울,1980-12-04,20:20,-15,1,planetHouses,3.0833,4
서울-1980-12-04-20:20,서울,1980-12-04,20:20,-5,0,,1.0167,0
서울-1980-12-04-20:20,서울,1980-12-04,20:20,5,0,,1.0333,0
서울-1980-12-04-20:20,서울,1980-12-04,20:20,15,0,,3.0667,0
서울-1980-12-04-20:20,서울,1980-12-04,20:20,30,1,ascSign,6.1167,0
서울-1980-12-04-20:20,서울,1980-12-04,20:20,60,1,ascSign|planetHouses,12.1667,3
서울-1980-12-04-20:20,서울,1980-12-04,20:20,120,1,hourPillar|minggongBranch|bodyPalaceBranch|soulStar|ascSign|mcSign|planetHouses,24.2333,10
서울-1980-12-04-22:34,서울,1980-12-04,22:34,-120,1,hourPillar|minggongBranch|bodyPalaceBranch|soulStar|ascSign|mcSign|planetHouses,24.1833,11
서울-1980-12-04-22:34,서울,1980-12-04,22:34,-60,1,planetHouses,12.0667,7
서울-1980-12-04-22:34,서울,1980-12-04,22:34,-30,1,planetHouses,6.0333,3
서울-1980-12-04-22:34,서울,1980-12-04,22:34,-15,1,planetHouses,3.0167,1
서울-1980-12-04-22:34,서울,1980-12-04,22:34,-5,0,,1.0000,0
서울-1980-12-04-22:34,서울,1980-12-04,22:34,5,1,planetHouses,1.0000,1
서울-1980-12-04-22:34,서울,1980-12-04,22:34,15,1,planetHouses,3.0167,1
서울-1980-12-04-22:34,서울,1980-12-04,22:34,30,1,planetHouses,6.0500,1
서울-1980-12-04-22:34,서울,1980-12-04,22:34,60,1,hourPillar|minggongBranch|bodyPalaceBranch|soulStar|ascSign|mcSign|planetHouses,12.1167,4
서울-1980-12-04-22:34,서울,1980-12-04,22:34,120,1,dayPillar|hourPillar|minggongBranch|bodyPalaceBranch|soulStar|ascSign|mcSign|planetHouses,24.3333,11
서울-2000-01-08-00:00,서울,2000-01-08,00:00,-120,1,hourPillar|minggongBranch|bodyPalaceBranch|soulStar|ascSign|mcSign|planetHouses,24.5500,10
서울-2000-01-08-00:00,서울,2000-01-08,00:00,-60,1,hourPillar|minggongBranch|bodyPalaceBranch|soulStar|ascSign|mcSign|planetHouses,12.2833,5
서울-2000-01-08-00:00,서울,2000-01-08,00:00,-30,1,hourPillar|minggongBranch|bodyPalaceBranch|soulStar|planetHouses,6.1333,2
서울-2000-01-08-00:00,서울,2000-01-08,00:00,-15,0,,3.0667,0
서울-2000-01-08-00:00,서울,2000-01-08,00:00,-5,0,,1.0167,0
서울-2000-01-08-00:00,서울,2000-01-08,00:00,5,0,,1.0333,0
서울-2000-01-08-00:00,서울,2000-01-08,00:00,15,0,,3.0833,0
서울-2000-01-08-00:00,서울,2000-01-08,00:00,30,1,planetHouses,6.1333,4
서울-2000-01-08-00:00,서울,2000-01-08,00:00,60,1,dayPillar|planetHouses,12.2667,6
서울-2000-01-08-00:00,서울,2000-01-08,00:00,120,1,dayPillar|hourPillar|minggongBranch|bodyPalaceBranch|soulStar|ascSign|mcSign|planetHouses,24.4167,12
서울-2000-01-08-02:14,서울,2000-01-08,02:14,-120,1,dayPillar|hourPillar|minggongBranch|bodyPalaceBranch|soulStar|ascSign|mcSign|planetHouses,24.3833,12
서울-2000-01-08-02:14,서울,2000-01-08,02:14,-60,1,hourPillar|minggongBranch|bodyPalaceBranch|soulStar|ascSign|mcSign|planetHouses,12.1500,6
서울-2000-01-08-02:14,서울,2000-01-08,02:14,-30,1,ascSign|planetHouses,6.0667,3
서울-2000-01-08-02:14,서울,2000-01-08,02:14,-15,0,,3.0333,0
서울-2000-01-08-02:14,서울,2000-01-08,02:14,-5,0,,1.0167,0
서울-2000-01-08-02:14,서울,2000-01-08,02:14,5,0,,1.0000,0
서울-2000-01-08-02:14,서울,2000-01-08,02:14,15,0,,3.0167,0
서울-2000-01-08-02:14,서울,2000-01-08,02:14,30,1,planetHouses,6.0333,3
서울-2000-01-08-02:14,서울,2000-01-08,02:14,60,1,planetHouses,12.0667,6
서울-2000-01-08-02:14,서울,2000-01-08,02:14,120,1,hourPillar|minggongBranch|bodyPalaceBranch|soulStar|mcSign|planetHouses,24.1667,10
서울-2000-01-08-04:28,서울,2000-01-08,04:28,-120,1,hourPillar|minggongBranch|bodyPalaceBranch|soulStar|ascSign|mcSign|planetHouses,24.1833,12
서울-2000-01-08-04:28,서울,2000-01-08,04:28,-60,1,hourPillar|minggongBranch|bodyPalaceBranch|soulStar|ascSign|mcSign|planetHouses,12.1167,5
서울-2000-01-08-04:28,서울,2000-01-08,04:28,-30,1,ascSign|planetHouses,6.0833,3
서울-2000-01-08-04:28,서울,2000-01-08,04:28,-15,1,ascSign|planetHouses,3.0500,2
서울-2000-01-08-04:28,서울,2000-01-08,04:28,-5,0,,1.0167,0
서울-2000-01-08-04:28,서울,2000-01-08,04:28,5,1,planetHouses,1.0167,1
서울-2000-01-08-04:28,서울,2000-01-08,04:28,15,1,planetHouses,3.0667,1
서울-2000-01-08-04:28,서울,2000-01-08,04:28,30,1,planetHouses,6.1500,2
서울-2000-01-08-04:28,서울,2000-01-08,04:28,60,1,mcSign|planetHouses,12.4000,7
서울-2000-01-08-04:28,서울,2000-01-08,04:28,120,1,hourPillar|minggongBranch|bodyPalaceBranch|soulStar|mcSign|planetHouses,25.4333,9
서울-2000-01-08-06:42,서울,2000-01-08,06:42,-120,1,hourPillar|minggongBranch|bodyPalaceBranch|soulStar|mcSign|planetHouses,25.7500,12
서울-2000-01-08-06:42,서울,2000-01-08,06:42,-60,1,planetHouses,13.2333,6
서울-2000-01-08-06:42,서울,2000-01-08,06:42,-30,1,planetHouses,6.7333,5
서울-2000-01-08-06:42,서울,2000-01-08,06:42,-15,1,planetHouses,3.4000,3
서울-2000-01-08-06:42,서울,2000-01-08,06:42,-5,0,,1.1333,0
서울-2000-01-08-06:42,서울,2000-01-08,06:42,5,1,ascSign|planetHouses,1.1500,1
서울-2000-01-08-06:42,서울,2000-01-08,06:42,15,1,ascSign|planetHouses,3.4833,2
서울-2000-01-08-06:42,서울,2000-01-08,06:42,30,1,ascSign|planetHouses,7.0667,4
서울-2000-01-08-06:42,서울,2000-01-08,06:42,60,1,hourPillar|minggongBranch|bodyPalaceBranch|soulStar|ascSign|mcSign|planetHouses,14.5333,5
서울-2000-01-08-06:42,서울,2000-01-08,06:42,120,1,hourPillar|minggongBranch|bodyPalaceBranch|soulStar|ascSign|mcSign|planetHouses,31.1167,9
서울-2000-01-08-08:56,서울,2000-01-08,08:56,-120,1,hourPillar|minggongBranch|bodyPalaceBranch|soulStar|ascSign|mcSign|planetHouses,32.1167,12
서울-2000-01-08-08:56,서울,2000-01-08,08:56,-60,1,ascSign|planetHouses,17.1833,9
서울-2000-01-08-08:56,서울,2000-01-08,08:56,-30,1,ascSign|planetHouses,8.9167,6
서울-2000-01-08-08:56,서울,2000-01-08,08:56,-15,1,planetHouses,4.5500,4
서울-2000-01-08-08:56,서울,2000-01-08,08:56,-5,1,planetHouses,1.5500,2
서울-2000-01-08-08:56,서울,2000-01-08,08:56,5,0,,1.5500,0
서울-2000-01-08-08:56,서울,2000-01-08,08:56,15,1,planetHouses,4.7333,1
서울-2000-01-08-08:56,서울,2000-01-08,08:56,30,1,mcSign|planetHouses,9.6667,1
서울-2000-01-08-08:56,서울,2000-01-08,08:56,60,1,hourPillar|minggongBranch|bodyPalaceBranch|soulStar|mcSign|planetHouses,20.1667,5
서울-2000-01-08-08:56,서울,2000-01-08,08:56,120,1,hourPillar|minggongBranch|bodyPalaceBranch|soulStar|ascSign|mcSign|planetHouses,43.3333,12
서울-2000-01-08-10:10,서울,2000-01-08,10:10,-120,1,hourPillar|minggongBranch|bodyPalaceBranch|soulStar|ascSign|mcSign|planetHouses,38.7333,11
서울-2000-01-08-10:10,서울,2000-01-08,10:10,-60,1,hourPillar|minggongBranch|bodyPalaceBranch|soulStar|ascSign|mcSign|planetHouses,20.9167,5
서울-2000-01-08-10:10,서울,2000-01-08,10:10,-30,1,ascSign|planetHouses,10.8667,3
서울-2000-01-08-10:10,서울,2000-01-08,10:10,-15,1,ascSign|planetHouses,5.5333,2
서울-2000-01-08-10:10,서울,2000-01-08,10:10,-5,1,ascSign|planetHouses,1.8667,1
서울-2000-01-08-10:10,서울,2000-01-08,10:10,5,0,,1.8833,0
서울-2000-01-08-10:10,서울,2000-01-08,10:10,15,1,planetHouses,5.7167,2
서울-2000-01-08-10:10,서울,2000-01-08,10:10,30,1,planetHouses,11.5833,6
서울-2000-01-08-10:10,서울,2000-01-08,10:10,60,1,planetHouses,23.6833,9
서울-2000-01-08-10:10,서울,2000-01-08,10:10,120,1,hourPillar|minggongBranch|bodyPalaceBranch|soulStar|ascSign|mcSign|planetHouses,48.0500,12
서울-2000-01-08-12:24,서울,2000-01-08,12:24,-120,1,hourPillar|minggongBranch|bodyPalaceBranch|soulStar|ascSign|mcSign|planetHouses,48.2167,12
서울-2000-01-08-12:24,서울,2000-01-08,12:24,-60,1,hourPillar|minggongBranch|bodyPalaceBranch|soulStar|ascSign|mcSign|planetHouses,24.1167,9
서울-2000-01-08-12:24,서울,2000-01-08,12:24,-30,1,planetHouses,11.8833,6
서울-2000-01-08-12:24,서울,2000-01-08,12:24,-15,1,planetHouses,5.8833,3
서울-2000-01-08-12:24,서울,2000-01-08,12:24,-5,0,,1.9500,0
서울-2000-01-08-12:24,서울,2000-01-08,12:24,5,1,planetHouses,1.9167,1
서울-2000-01-08-12:24,서울,2000-01-08,12:24,15,1,planetHouses,5.7000,2
서울-2000-01-08-12:24,서울,2000-01-08,12:24,30,1,ascSign|planetHouses,11.2333,3
서울-2000-01-08-12:24,서울,2000-01-08,12:24,60,1,ascSign|planetHouses,21.6667,6
서울-2000-01-08-12:24,서울,2000-01-08,12:24,120,1,hourPillar|minggongBranch|bodyPalaceBranch|soulStar|ascSign|mcSign|planetHouses,40.2000,12
서울-2000-01-08-14:38,서울,2000-01-08,14:38,-120,1,hourPillar|minggongBranch|bodyPalaceBranch|soulStar|ascSign|mcSign|planetHouses,38.7667,11
서울-2000-01-08-14:38,서울,2000-01-08,14:38,-60,1,ascSign|planetHouses,17.8333,8
서울-2000-01-08-14:38,서울,2000-01-08,14:38,-30,1,ascSign|planetHouses,8.5500,2
서울-2000-01-08-14:38,서울,2000-01-08,14:38,-15,1,planetHouses,4.2000,1
서울-2000-01-08-14:38,서울,2000-01-08,14:38,-5,1,planetHouses,1.3833,1
서울-2000-01-08-14:38,서울,2000-01-08,14:38,5,1,planetHouses,1.3667,1
서울-2000-01-08-14:38,서울,2000-01-08,14:38,15,1,planetHouses,4.0500,3
서울-2000-01-08-14:38,서울,2000-01-08,14:38,30,1,planetHouses,7.9500,3
서울-2000-01-08-14:38,서울,2000-01-08,14:38,60,1,hourPillar|minggongBranch|bodyPalaceBranch|soulStar|mcSign|planetHouses,15.4000,9
서울-2000-01-08-14:38,서울,2000-01-08,14:38,120,1,hourPillar|minggongBranch|bodyPalaceBranch|soulStar|ascSign|mcSign|planetHouses,29.1833,12
서울-2000-01-08-16:52,서울,2000-01-08,16:52,-120,1,hourPillar|minggongBranch|bodyPalaceBranch|soulStar|ascSign|mcSign|planetHouses,28.4500,10
서울-2000-01-08-16:52,서울,2000-01-08,16:52,-60,1,ascSign|planetHouses,13.5000,2
서울-2000-01-08-16:52,서울,2000-01-08,16:52,-30,1,planetHouses,6.6167,1
서울-2000-01-08-16:52,서울,2000-01-08,16:52,-15,1,planetHouses,3.2833,1
서울-2000-01-08-16:52,서울,2000-01-08,16:52,-5,1,planetHouses,1.0833,1
서울-2000-01-08-16:52,서울,2000-01-08,16:52,5,0,,1.0833,0
서울-2000-01-08-16:52,서울,2000-01-08,16:52,15,1,planetHouses,3.2167,2
서울-2000-01-08-16:52,서울,2000-01-08,16:52,30,1,planetHouses,6.4000,7
서울-2000-01-08-16:52,서울,2000-01-08,16:52,60,1,hourPillar|minggongBranch|bodyPalaceBranch|soulStar|mcSign|planetHouses,12.6500,10
서울-2000-01-08-16:52,서울,2000-01-08,16:52,120,1,hourPillar|minggongBranch|bodyPalaceBranch|soulStar|ascSign|mcSign|planetHouses,24.8667,11
서울-2000-01-08-18:06,서울,2000-01-08,18:06,-120,1,hourPillar|minggongBranch|bodyPalaceBranch|soulStar|mcSign|planetHouses,25.7667,12
서울-2000-01-08-18:06,서울,2000-01-08,18:06,-60,1,hourPillar|minggongBranch|bodyPalaceBranch|soulStar|mcSign|planetHouses,12.5167,9
서울-2000-01-08-18:06,서울,2000-01-08,18:06,-30,1,planetHouses,6.1833,2
서울-2000-01-08-18:06,서울,2000-01-08,18:06,-15,1,planetHouses,3.0833,1
서울-2000-01-08-18:06,서울,2000-01-08,18:06,-5,0,,1.0167,0
서울-2000-01-08-18:06,서울,2000-01-08,18:06,5,0,,1.0333,0
서울-2000-01-08-18:06,서울,2000-01-08,18:06,15,0,,3.0667,0
서울-2000-01-08-18:06,서울,2000-01-08,18:06,30,1,ascSign,6.1167,0
서울-2000-01-08-18:06,서울,2000-01-08,18:06,60,1,ascSign|planetHouses,12.1667,5
서울-2000-01-08-18:06,서울,2000-01-08,18:06,120,1,hourPillar|minggongBranch|bodyPalaceBranch|soulStar|ascSign|mcSign|planetHouses,24.2333,12
서울-2000-01-08-20:20,서울,2000-01-08,20:20,-120,1,hourPillar|minggongBranch|bodyPalaceBranch|soulStar|ascSign|mcSign|planetHouses,24.1833,12
서울-2000-01-08-20:20,서울,2000-01-08,20:20,-60,1,hourPillar|minggongBranch|bodyPalaceBranch|soulStar|planetHouses,12.0667,7
서울-2000-01-08-20:20,서울,2000-01-08,20:20,-30,1,planetHouses,6.0333,1
서울-2000-01-08-20:20,서울,2000-01-08,20:20,-15,0,,3.0167,0
서울-2000-01-08-20:20,서울,2000-01-08,20:20,-5,0,,1.0000,0
서울-2000-01-08-20:20,서울,2000-01-08,20:20,5,0,,1.0167,0
서울-2000-01-08-20:20,서울,2000-01-08,20:20,15,0,,3.0167,0
서울-2000-01-08-20:20,서울,2000-01-08,20:20,30,0,,6.0500,0
서울-2000-01-08-20:20,서울,2000-01-08,20:20,60,1,ascSign|mcSign|planetHouses,12.1167,6
서울-2000-01-08-20:20,서울,2000-01-08,20:20,120,1,hourPillar|minggongBranch|bodyPalaceBranch|soulStar|ascSign|mcSign|planetHouses,24.3333,12
서울-2000-01-08-22:34,서울,2000-01-08,22:34,-120,1,hourPillar|minggongBranch|bodyPalaceBranch|soulStar|ascSign|mcSign|planetHouses,24.3833,12
서울-2000-01-08-22:34,서울,2000-01-08,22:34,-60,1,planetHouses,12.2333,6
서울-2000-01-08-22:34,서울,2000-01-08,22:34,-30,1,planetHouses,6.1333,2
서울-2000-01-08-22:34,서울,2000-01-08,22:34,-15,0,,3.0667,0
서울-2000-01-08-22:34,서울,2000-01-08,22:34,-5,0,,1.0167,0
서울-2000-01-08-22:34,서울,2000-01-08,22:34,5,0,,1.0167,0
서울-2000-01-08-22:34,서울,2000-01-08,22:34,15,0,,3.0667,0
서울-2000-01-08-22:34,서울,2000-01-08,22:34,30,0,,6.1333,0
서울-2000-01-08-22:34,서울,2000-01-08,22:34,60,1,hourPillar|minggongBranch|bodyPalaceBranch|soulStar|ascSign|mcSign|planetHouses,12.2833,5
서울-2000-01-08-22:34,서울,2000-01-08,22:34,120,1,dayPillar|hourPillar|minggongBranch|bodyPalaceBranch|soulStar|ascSign|mcSign|planetHouses,24.5667,11
서울-2000-02-15-00:00,서울,2000-02-15,00:00,-120,1,hourPillar|minggongBranch|bodyPalaceBranch|soulStar|ascSign|mcSign|planetHouses,24.3333,11
서울-2000-02-15-00:00,서울,2000-02-15,00:00,-60,1,hourPillar|minggongBranch|bodyPalaceBranch|soulStar|ascSign|mcSign|planetHouses,12.1167,6
서울-2000-02-15-00:00,서울,2000-02-15,00:00,-30,1,hourPillar|minggongBranch|bodyPalaceBranch|soulStar|planetHouses,6.0500,1
서울-2000-02-15-00:00,서울,2000-02-15,00:00,-15,1,planetHouses,3.0167,1
서울-2000-02-15-00:00,서울,2000-02-15,00:00,-5,0,,1.0000,0
서울-2000-02-15-00:00,서울,2000-02-15,00:00,5,0,,1.0167,0
서울-2000-02-15-00:00,서울,2000-02-15,00:00,15,0,,3.0167,0
서울-2000-02-15-00:00,서울,2000-02-15,00:00,30,1,planetHouses,6.0333,2
서울-2000-02-15-00:00,서울,2000-02-15,00:00,60,1,dayPillar|planetHouses,12.0667,5
서울-2000-02-15-00:00,서울,2000-02-15,00:00,120,1,dayPillar|hourPillar|minggongBranch|bodyPalaceBranch|soulStar|ascSign|mcSign|planetHouses,24.1833,12
서울-2000-02-15-02:14,서울,2000-02-15,02:14,-120,1,dayPillar|hourPillar|minggongBranch|bodyPalaceBranch|soulStar|ascSign|mcSign|planetHouses,24.2333,12
서울-2000-02-15-02:14,서울,2000-02-15,02:14,-60,1,hourPillar|minggongBranch|bodyPalaceBranch|soulStar|ascSign|planetHouses,12.1667,5
서울-2000-02-15-02:14,서울,2000-02-15,02:14,-30,1,ascSign|planetHouses,6.1167,3
서울-2000-02-15-02:14,서울,2000-02-15,02:14,-15,1,planetHouses,3.0667,1
서울-2000-02-15-02:14,서울,2000-02-15,02:14,-5,0,,1.0167,0
서울-2000-02-15-02:14,서울,2000-02-15,02:14,5,0,,1.0333,0
서울-2000-02-15-02:14,서울,2000-02-15,02:14,15,0,,3.0833,0
서울-2000-02-15-02:14,서울,2000-02-15,02:14,30,1,planetHouses,6.2000,1
서울-2000-02-15-02:14,서울,2000-02-15,02:14,60,1,mcSign|planetHouses,12.5333,5
서울-2000-02-15-02:14,서울,2000-02-15,02:14,120,1,hourPillar|minggongBranch|bodyPalaceBranch|soulStar|ascSign|mcSign|planetHouses,25.8000,12
서울-2000-02-15-04:28,서울,2000-02-15,04:28,-120,1,hourPillar|minggongBranch|bodyPalaceBranch|soulStar|ascSign|mcSign|planetHouses,26.1667,12
서울-2000-02-15-04:28,서울,2000-02-15,04:28,-60,1,hourPillar|minggongBranch|bodyPalaceBranch|soulStar|ascSign|planetHouses,13.5167,6
서울-2000-02-15-04:28,서울,2000-02-15,04:28,-30,1,ascSign|planetHouses,6.9000,2
서울-2000-02-15-04:28,서울,2000-02-15,04:28,-15,1,ascSign,3.4833,0
서울-2000-02-15-04:28,서울,2000-02-15,04:28,-5,0,,1.1667,0
서울-2000-02-15-04:28,서울,2000-02-15,04:28,5,1,planetHouses,1.1833,1
서울-2000-02-15-04:28,서울,2000-02-15,04:28,15,1,planetHouses,3.5833,1
서울-2000-02-15-04:28,서울,2000-02-15,04:28,30,1,mcSign|planetHouses,7.2667,3
서울-2000-02-15-04:28,서울,2000-02-15,04:28,60,1,mcSign|planetHouses,14.9833,6
서울-2000-02-15-04:28,서울,2000-02-15,04:28,120,1,hourPillar|minggongBranch|bodyPalaceBranch|soulStar|ascSign|mcSign|planetHouses,32.2167,12
서울-2000-02-15-06:42,서울,2000-02-15,06:42,-120,1,hourPillar|minggongBranch|bodyPalaceBranch|soulStar|ascSign|mcSign|planetHouses,33.3167,12
서울-2000-02-15-06:42,서울,2000-02-15,06:42,-60,1,ascSign|planetHouses,17.8833,8
서울-2000-02-15-06:42,서울,2000-02-15,06:42,-30,1,planetHouses,9.3000,5
서울-2000-02-15-06:42,서울,2000-02-15,06:42,-15,1,planetHouses,4.7500,2
서울-2000-02-15-06:42,서울,2000-02-15,06:42,-5,1,planetHouses,1.6000,1
서울-2000-02-15-06:42,서울,2000-02-15,06:42,5,1,mcSign,1.6167,0
서울-2000-02-15-06:42,서울,2000-02-15,06:42,15,1,mcSign,4.9500,0
서울-2000-02-15-06:42,서울,2000-02-15,06:42,30,1,mcSign|planetHouses,10.0833,2
서울-2000-02-15-06:42,서울,2000-02-15,06:42,60,1,hourPillar|minggongBranch|bodyPalaceBranch|soulStar|ascSign|mcSign|planetHouses,20.9833,6
서울-2000-02-15-06:42,서울,2000-02-15,06:42,120,1,hourPillar|minggongBranch|bodyPalaceBranch|soulStar|ascSign|mcSign|planetHouses,44.7333,12
서울-2000-02-15-08:56,서울,2000-02-15,08:56,-120,1,hourPillar|minggongBranch|bodyPalaceBranch|soulStar|ascSign|mcSign|planetHouses,45.8667,12
서울-2000-02-15-08:56,서울,2000-02-15,08:56,-60,1,ascSign|mcSign|planetHouses,24.1333,7
서울-2000-02-15-08:56,서울,2000-02-15,08:56,-30,1,ascSign|mcSign|planetHouses,12.2500,1
서울-2000-02-15-08:56,서울,2000-02-15,08:56,-15,1,ascSign|mcSign|planetHouses,6.1500,1
서울-2000-02-15-08:56,서울,2000-02-15,08:56,-5,1,ascSign|mcSign,2.0500,0
서울-2000-02-15-08:56,서울,2000-02-15,08:56,5,1,planetHouses,2.0500,2
서울-2000-02-15-08:56,서울,2000-02-15,08:56,15,1,planetHouses,6.1333,3
서울-2000-02-15-08:56,서울,2000-02-15,08:56,30,1,planetHouses,12.2167,5
서울-2000-02-15-08:56,서울,2000-02-15,08:56,60,1,hourPillar|minggongBranch|bodyPalaceBranch|soulStar|planetHouses,24.0667,8
서울-2000-02-15-08:56,서울,2000-02-15,08:56,120,1,hourPillar|minggongBranch|bodyPalaceBranch|soulStar|ascSign|planetHouses,45.6833,12
서울-2000-02-15-10:10,서울,2000-02-15,10:10,-120,1,hourPillar|minggongBranch|bodyPalaceBranch|soulStar|ascSign|mcSign|planetHouses,48.0333,12
서울-2000-02-15-10:10,서울,2000-02-15,10:10,-60,1,hourPillar|minggongBranch|bodyPalaceBranch|soulStar|planetHouses,23.6500,7
서울-2000-02-15-10:10,서울,2000-02-15,10:10,-30,1,planetHouses,11.5667,3
서울-2000-02-15-10:10,서울,2000-02-15,10:10,-15,1,planetHouses,5.7000,2
서울-2000-02-15-10:10,서울,2000-02-15,10:10,-5,1,planetHouses,1.8833,1
서울-2000-02-15-10:10,서울,2000-02-15,10:10,5,1,ascSign|planetHouses,1.8667,1
서울-2000-02-15-10:10,서울,2000-02-15,10:10,15,1,ascSign|planetHouses,5.5167,1
서울-2000-02-15-10:10,서울,2000-02-15,10:10,30,1,ascSign|planetHouses,10.8500,2
서울-2000-02-15-10:10,서울,2000-02-15,10:10,60,1,ascSign|mcSign|planetHouses,20.8667,7
서울-2000-02-15-10:10,서울,2000-02-15,10:10,120,1,hourPillar|minggongBranch|bodyPalaceBranch|soulStar|ascSign|mcSign|planetHouses,38.6333,12
서울-2000-02-15-12:24,서울,2000-02-15,12:24,-120,1,hourPillar|minggongBranch|bodyPalaceBranch|soulStar|ascSign|mcSign|planetHouses,37.2333,12
서울-2000-02-15-12:24,서울,2000-02-15,12:24,-60,1,hourPillar|minggongBranch|bodyPalaceBranch|soulStar|ascSign|planetHouses,17.1167,4
서울-2000-02-15-12:24,서울,2000-02-15,12:24,-30,1,planetHouses,8.2333,3
서울-2000-02-15-12:24,서울,2000-02-15,12:24,-15,1,planetHouses,4.0333,2
서울-2000-02-15-12:24,서울,2000-02-15,12:24,-5,1,planetHouses,1.3167,1
서울-2000-02-15-12:24,서울,2000-02-15,12:24,5,1,planetHouses,1.3167,2
서울-2000-02-15-12:24,서울,2000-02-15,12:24,15,1,planetHouses,3.9167,2
서울-2000-02-15-12:24,서울,2000-02-15,12:24,30,1,planetHouses,7.6833,5
서울-2000-02-15-12:24,서울,2000-02-15,12:24,60,1,mcSign|planetHouses,14.9167,9
서울-2000-02-15-12:24,서울,2000-02-15,12:24,120,1,hourPillar|minggongBranch|bodyPalaceBranch|soulStar|ascSign|mcSign|planetHouses,28.3833,11
서울-2000-02-15-14:38,서울,2000-02-15,14:38,-120,1,hourPillar|minggongBranch|bodyPalaceBranch|soulStar|ascSign|mcSign|planetHouses,27.7333,11
서울-2000-02-15-14:38,서울,2000-02-15,14:38,-60,1,planetHouses,13.2167,7
서울-2000-02-15-14:38,서울,2000-02-15,14:38,-30,1,planetHouses,6.4833,4
서울-2000-02-15-14:38,서울,2000-02-15,14:38,-15,1,planetHouses,3.2167,4
서울-2000-02-15-14:38,서울,2000-02-15,14:38,-5,1,planetHouses,1.0667,1
서울-2000-02-15-14:38,서울,2000-02-15,14:38,5,1,planetHouses,1.0667,1
서울-2000-02-15-14:38,서울,2000-02-15,14:38,15,1,planetHouses,3.1833,2
서울-2000-02-15-14:38,서울,2000-02-15,14:38,30,1,mcSign|planetHouses,6.3167,3
서울-2000-02-15-14:38,서울,2000-02-15,14:38,60,1,hourPillar|minggongBranch|bodyPalaceBranch|soulStar|mcSign|planetHouses,12.5167,4
서울-2000-02-15-14:38,서울,2000-02-15,14:38,120,1,hourPillar|minggongBranch|bodyPalaceBranch|soulStar|ascSign|mcSign|planetHouses,24.6667,11
서울-2000-02-15-16:52,서울,2000-02-15,16:52,-120,1,hourPillar|minggongBranch|bodyPalaceBranch|soulStar|ascSign|mcSign|planetHouses,24.5167,11
서울-2000-02-15-16:52,서울,2000-02-15,16:52,-60,1,ascSign|mcSign|planetHouses,12.1167,5
서울-2000-02-15-16:52,서울,2000-02-15,16:52,-30,1,mcSign|planetHouses,6.0333,1
서울-2000-02-15-16:52,서울,2000-02-15,16:52,-15,1,mcSign|planetHouses,3.0167,1
서울-2000-02-15-16:52,서울,2000-02-15,16:52,-5,0,,1.0000,0
서울-2000-02-15-16:52,서울,2000-02-15,16:52,5,0,,1.0167,0
서울-2000-02-15-16:52,서울,2000-02-15,16:52,15,1,planetHouses,3.0167,1
서울-2000-02-15-16:52,서울,2000-02-15,16:52,30,1,planetHouses,6.0333,2
서울-2000-02-15-16:52,서울,2000-02-15,16:52,60,1,hourPillar|minggongBranch|bodyPalaceBranch|soulStar|planetHouses,12.0667,5
서울-2000-02-15-16:52,서울,2000-02-15,16:52,120,1,hourPillar|minggongBranch|bodyPalaceBranch|soulStar|ascSign|mcSign|planetHouses,24.1833,11
서울-2000-02-15-18:06,서울,2000-02-15,18:06,-120,1,hourPillar|minggongBranch|bodyPalaceBranch|soulStar|mcSign|planetHouses,24.1500,11
서울-2000-02-15-18:06,서울,2000-02-15,18:06,-60,1,hourPillar|minggongBranch|bodyPalaceBranch|soulStar|planetHouses,12.0667,6
서울-2000-02-15-18:06,서울,2000-02-15,18:06,-30,1,planetHouses,6.0333,3
서울-2000-02-15-18:06,서울,2000-02-15,18:06,-15,1,planetHouses,3.0167,2
서울-2000-02-15-18:06,서울,2000-02-15,18:06,-5,1,planetHouses,1.0000,2
서울-2000-02-15-18:06,서울,2000-02-15,18:06,5,0,,1.0167,0
서울-2000-02-15-18:06,서울,2000-02-15,18:06,15,1,planetHouses,3.0333,1
서울-2000-02-15-18:06,서울,2000-02-15,18:06,30,1,ascSign|planetHouses,6.0667,3
서울-2000-02-15-18:06,서울,2000-02-15,18:06,60,1,ascSign|mcSign|planetHouses,12.1500,6
서울-2000-02-15-18:06,서울,2000-02-15,18:06,120,1,hourPillar|minggongBranch|bodyPalaceBranch|soulStar|ascSign|mcSign|planetHouses,24.3833,10
서울-2000-02-15-20:20,서울,2000-02-15,20:20,-120,1,hourPillar|minggongBranch|bodyPalaceBranch|soulStar|ascSign|mcSign|planetHouses,24.4167,10
서울-2000-02-15-20:20,서울,2000-02-15,20:20,-60,1,hourPillar|minggongBranch|bodyPalaceBranch|soulStar|planetHouses,12.2500,5
서울-2000-02-15-20:20,서울,2000-02-15,20:20,-30,1,planetHouses,6.1333,1
서울-2000-02-15-20:20,서울,2000-02-15,20:20,-15,1,planetHouses,3.0667,1
서울-2000-02-15-20:20,서울,2000-02-15,20:20,-5,1,planetHouses,1.0167,1
서울-2000-02-15-20:20,서울,2000-02-15,20:20,5,1,planetHouses,1.0333,1
서울-2000-02-15-20:20,서울,2000-02-15,20:20,15,1,planetHouses,3.0667,1
서울-2000-02-15-20:20,서울,2000-02-15,20:20,30,1,planetHouses,6.1500,1
서울-2000-02-15-20:20,서울,2000-02-15,20:20,60,1,ascSign|mcSign|planetHouses,12.3000,7
서울-2000-02-15-20:20,서울,2000-02-15,20:20,120,1,hourPillar|minggongBranch|bodyPalaceBranch|soulStar|ascSign|mcSign|planetHouses,24.5500,11
서울-2000-02-15-22:34,서울,2000-02-15,22:34,-120,1,hourPillar|minggongBranch|bodyPalaceBranch|soulStar|ascSign|mcSign|planetHouses,24.5333,11
서울-2000-02-15-22:34,서울,2000-02-15,22:34,-60,1,planetHouses,12.2333,5
서울-2000-02-15-22:34,서울,2000-02-15,22:34,-30,1,planetHouses,6.1167,1
서울-2000-02-15-22:34,서울,2000-02-15,22:34,-15,1,planetHouses,3.0500,1
서울-2000-02-15-22:34,서울,2000-02-15,22:34,-5,1,planetHouses,1.0167,1
서울-2000-02-15-22:34,서울,2000-02-15,22:34,5,0,,1.0167,0
서울-2000-02-15-22:34,서울,2000-02-15,22:34,15,1,planetHouses,3.0500,1
서울-2000-02-15-22:34,서울,2000-02-15,22:34,30,1,mcSign|planetHouses,6.0833,1
서울-2000-02-15-22:34,서울,2000-02-15,22:34,60,1,hourPillar|minggongBranch|bodyPalaceBranch|soulStar|ascSign|mcSign|planetHouses,12.1500,7
서울-2000-02-15-22:34,서울,2000-02-15,22:34,120,1,dayPillar|hourPillar|minggongBranch|bodyPalaceBranch|soulStar|ascSign|mcSign|planetHouses,24.2333,11
서울-2000-03-22-00:00,서울,2000-03-22,00:00,-120,1,hourPillar|minggongBranch|bodyPalaceBranch|soulStar|ascSign|mcSign|planetHouses,24.2667,12
서울-2000-03-22-00:00,서울,2000-03-22,00:00,-60,1,hourPillar|minggongBranch|bodyPalaceBranch|soulStar|ascSign|planetHouses,12.2000,8
서울-2000-03-22-00:00,서울,2000-03-22,00:00,-30,1,hourPillar|minggongBranch|bodyPalaceBranch|soulStar|ascSign|planetHouses,6.1333,2
서울-2000-03-22-00:00,서울,2000-03-22,00:00,-15,1,planetHouses,3.0667,2
서울-2000-03-22-00:00,서울,2000-03-22,00:00,-5,1,planetHouses,1.0333,1
서울-2000-03-22-00:00,서울,2000-03-22,00:00,5,0,,1.0333,0
서울-2000-03-22-00:00,서울,2000-03-22,00:00,15,0,,3.1000,0
서울-2000-03-22-00:00,서울,2000-03-22,00:00,30,1,planetHouses,6.2333,1
서울-2000-03-22-00:00,서울,2000-03-22,00:00,60,1,dayPillar|mcSign|planetHouses,12.6000,4
서울-2000-03-22-00:00,서울,2000-03-22,00:00,120,1,dayPillar|hourPillar|minggongBranch|bodyPalaceBranch|soulStar|ascSign|mcSign|planetHouses,25.9833,12
서울-2000-03-22-02:14,서울,2000-03-22,02:14,-120,1,dayPillar|hourPillar|minggongBranch|bodyPalaceBranch|soulStar|ascSign|mcSign|planetHouses,26.4000,12
서울-2000-03-22-02:14,서울,2000-03-22,02:14,-60,1,hourPillar|minggongBranch|bodyPalaceBranch|soulStar|ascSign|planetHouses,13.6500,7
서울-2000-03-22-02:14,서울,2000-03-22,02:14,-30,1,ascSign|planetHouses,6.9667,3
서울-2000-03-22-02:14,서울,2000-03-22,02:14,-15,1,planetHouses,3.5333,1
서울-2000-03-22-02:14,서울,2000-03-22,02:14,-5,0,,1.1833,0
서울-2000-03-22-02:14,서울,2000-03-22,02:14,5,0,,1.2000,0
서울-2000-03-22-02:14,서울,2000-03-22,02:14,15,1,mcSign|planetHouses,3.6333,1
서울-2000-03-22-02:14,서울,2000-03-22,02:14,30,1,mcSign|planetHouses,7.3667,3
서울-2000-03-22-02:14,서울,2000-03-22,02:14,60,1,mcSign|planetHouses,15.2167,4
서울-2000-03-22-02:14,서울,2000-03-22,02:14,120,1,hourPillar|minggongBranch|bodyPalaceBranch|soulStar|ascSign|mcSign|planetHouses,32.8000,12
서울-2000-03-22-04:28,서울,2000-03-22,04:28,-120,1,hourPillar|minggongBranch|bodyPalaceBranch|soulStar|ascSign|mcSign|planetHouses,33.9333,12
서울-2000-03-22-04:28,서울,2000-03-22,04:28,-60,1,hourPillar|minggongBranch|bodyPalaceBranch|soulStar|ascSign|mcSign|planetHouses,18.2500,7
서울-2000-03-22-04:28,서울,2000-03-22,04:28,-30,1,mcSign|planetHouses,9.5000,2
서울-2000-03-22-04:28,서울,2000-03-22,04:28,-15,1,mcSign,4.8500,0
서울-2000-03-22-04:28,서울,2000-03-22,04:28,-5,1,mcSign,1.6500,0
서울-2000-03-22-04:28,서울,2000-03-22,04:28,5,0,,1.6500,0
서울-2000-03-22-04:28,서울,2000-03-22,04:28,15,1,planetHouses,5.0333,2
서울-2000-03-22-04:28,서울,2000-03-22,04:28,30,1,planetHouses,10.2833,3
서울-2000-03-22-04:28,서울,2000-03-22,04:28,60,1,ascSign|planetHouses,21.3833,5
서울-2000-03-22-04:28,서울,2000-03-22,04:28,120,1,hourPillar|minggongBranch|bodyPalaceBranch|soulStar|ascSign|planetHouses,45.3500,12
서울-2000-03-22-06:42,서울,2000-03-22,06:42,-120,1,hourPillar|minggongBranch|bodyPalaceBranch|soulStar|ascSign|mcSign|planetHouses,46.3833,12
서울-2000-03-22-06:42,서울,2000-03-22,06:42,-60,1,ascSign|mcSign|planetHouses,24.2833,6
서울-2000-03-22-06:42,서울,2000-03-22,06:42,-30,1,ascSign|mcSign|planetHouses,12.2667,3
서울-2000-03-22-06:42,서울,2000-03-22,06:42,-15,1,ascSign|mcSign|planetHouses,6.1500,2
서울-2000-03-22-06:42,서울,2000-03-22,06:42,-5,1,planetHouses,2.0500,1
서울-2000-03-22-06:42,서울,2000-03-22,06:42,5,1,planetHouses,2.0500,1
서울-2000-03-22-06:42,서울,2000-03-22,06:42,15,1,planetHouses,6.1167,2
서울-2000-03-22-06:42,서울,2000-03-22,06:42,30,1,planetHouses,12.1667,4
서울-2000-03-22-06:42,서울,2000-03-22,06:42,60,1,hourPillar|minggongBranch|bodyPalaceBranch|soulStar|planetHouses,23.8667,8
서울-2000-03-22-06:42,서울,2000-03-22,06:42,120,1,hourPillar|minggongBranch|bodyPalaceBranch|soulStar|ascSign|mcSign|planetHouses,45.0833,12
서울-2000-03-22-08:56,서울,2000-03-22,08:56,-120,1,hourPillar|minggongBranch|bodyPalaceBranch|soulStar|ascSign|mcSign|planetHouses,43.8500,12
서울-2000-03-22-08:56,서울,2000-03-22,08:56,-60,1,mcSign|planetHouses,20.4667,7
서울-2000-03-22-08:56,서울,2000-03-22,08:56,-30,1,mcSign|planetHouses,9.8167,5
서울-2000-03-22-08:56,서울,2000-03-22,08:56,-15,1,mcSign|planetHouses,4.8167,2
서울-2000-03-22-08:56,서울,2000-03-22,08:56,-5,0,,1.5833,0
서울-2000-03-22-08:56,서울,2000-03-22,08:56,5,0,,1.5667,0
서울-2000-03-22-08:56,서울,2000-03-22,08:56,15,1,planetHouses,4.6167,2
서울-2000-03-22-08:56,서울,2000-03-22,08:56,30,1,ascSign|planetHouses,9.0500,2
서울-2000-03-22-08:56,서울,2000-03-22,08:56,60,1,hourPillar|minggongBranch|bodyPalaceBranch|soulStar|ascSign|planetHouses,17.4167,4
서울-2000-03-22-08:56,서울,2000-03-22,08:56,120,1,hourPillar|minggongBranch|bodyPalaceBranch|soulStar|ascSign|mcSign|planetHouses,32.5333,12
서울-2000-03-22-10:10,서울,2000-03-22,10:10,-120,1,hourPillar|minggongBranch|bodyPalaceBranch|soulStar|ascSign|mcSign|planetHouses,36.5167,11
서울-2000-03-22-10:10,서울,2000-03-22,10:10,-60,1,hourPillar|minggongBranch|bodyPalaceBranch|soulStar|ascSign|planetHouses,16.8000,6
서울-2000-03-22-10:10,서울,2000-03-22,10:10,-30,1,planetHouses,8.0833,4
서울-2000-03-22-10:10,서울,2000-03-22,10:10,-15,1,planetHouses,3.9667,3
서울-2000-03-22-10:10,서울,2000-03-22,10:10,-5,0,,1.3000,0
서울-2000-03-22-10:10,서울,2000-03-22,10:10,5,0,,1.3000,0
서울-2000-03-22-10:10,서울,2000-03-22,10:10,15,1,planetHouses,3.8333,3
서울-2000-03-22-10:10,서울,2000-03-22,10:10,30,1,planetHouses,7.5667,4
서울-2000-03-22-10:10,서울,2000-03-22,10:10,60,1,mcSign|planetHouses,14.6833,7
서울-2000-03-22-10:10,서울,2000-03-22,10:10,120,1,hourPillar|minggongBranch|bodyPalaceBranch|soulStar|ascSign|mcSign|planetHouses,28.0333,11
서울-2000-03-22-12:24,서울,2000-03-22,12:24,-120,1,hourPillar|minggongBranch|bodyPalaceBranch|soulStar|ascSign|mcSign|planetHouses,27.4333,10
서울-2000-03-22-12:24,서울,2000-03-22,12:24,-60,1,hourPillar|minggongBranch|bodyPalaceBranch|soulStar|planetHouses,13.1167,5
서울-2000-03-22-12:24,서울,2000-03-22,12:24,-30,1,planetHouses,6.4500,4
서울-2000-03-22-12:24,서울,2000-03-22,12:24,-15,1,planetHouses,3.2000,1
서울-2000-03-22-12:24,서울,2000-03-22,12:24,-5,0,,1.0667,0
서울-2000-03-22-12:24,서울,2000-03-22,12:24,5,1,planetHouses,1.0500,2
서울-2000-03-22-12:24,서울,2000-03-22,12:24,15,1,mcSign|planetHouses,3.1500,4
서울-2000-03-22-12:24,서울,2000-03-22,12:24,30,1,mcSign|planetHouses,6.2667,5
서울-2000-03-22-12:24,서울,2000-03-22,12:24,60,1,mcSign|planetHouses,12.4333,7
서울-2000-03-22-12:24,서울,2000-03-22,12:24,120,1,hourPillar|minggongBranch|bodyPalaceBranch|soulStar|ascSign|mcSign|planetHouses,24.5667,12
서울-2000-03-22-14:38,서울,2000-03-22,14:38,-120,1,hourPillar|minggongBranch|bodyPalaceBranch|soulStar|ascSign|mcSign|planetHouses,24.4500,10
서울-2000-03-22-14:38,서울,2000-03-22,14:38,-60,1,mcSign|planetHouses,12.1000,5
서울-2000-03-22-14:38,서울,2000-03-22,14:38,-30,1,mcSign|planetHouses,6.0333,2
서울-2000-03-22-14:38,서울,2000-03-22,14:38,-15,1,mcSign,3.0167,0
서울-2000-03-22-14:38,서울,2000-03-22,14:38,-5,0,,1.0000,0
서울-2000-03-22-14:38,서울,2000-03-22,14:38,5,1,planetHouses,1.0167,2
서울-2000-03-22-14:38,서울,2000-03-22,14:38,15,1,planetHouses,3.0167,3
서울-2000-03-22-14:38,서울,2000-03-22,14:38,30,1,planetHouses,6.0333,5
서울-2000-03-22-14:38,서울,2000-03-22,14:38,60,1,hourPillar|minggongBranch|bodyPalaceBranch|soulStar|planetHouses,12.0667,7
서울-2000-03-22-14:38,서울,2000-03-22,14:38,120,1,hourPillar|minggongBranch|bodyPalaceBranch|soulStar|ascSign|mcSign|planetHouses,24.2000,12
서울-2000-03-22-16:52,서울,2000-03-22,16:52,-120,1,hourPillar|minggongBranch|bodyPalaceBranch|soulStar|ascSign|mcSign|planetHouses,24.2333,11
서울-2000-03-22-16:52,서울,2000-03-22,16:52,-60,1,ascSign|mcSign|planetHouses,12.1500,7
서울-2000-03-22-16:52,서울,2000-03-22,16:52,-30,1,mcSign|planetHouses,6.0833,5
서울-2000-03-22-16:52,서울,2000-03-22,16:52,-15,1,planetHouses,3.0500,1
서울-2000-03-22-16:52,서울,2000-03-22,16:52,-5,0,,1.0167,0
서울-2000-03-22-16:52,서울,2000-03-22,16:52,5,0,,1.0167,0
서울-2000-03-22-16:52,서울,2000-03-22,16:52,15,1,planetHouses,3.0500,2
서울-2000-03-22-16:52,서울,2000-03-22,16:52,30,1,planetHouses,6.1167,3
서울-2000-03-22-16:52,서울,2000-03-22,16:52,60,1,hourPillar|minggongBranch|bodyPalaceBranch|soulStar|planetHouses,12.2500,5
서울-2000-03-22-16:52,서울,2000-03-22,16:52,120,1,hourPillar|minggongBranch|bodyPalaceBranch|soulStar|ascSign|mcSign|planetHouses,24.5333,12
서울-2000-03-22-18:06,서울,2000-03-22,18:06,-120,1,hourPillar|minggongBranch|bodyPalaceBranch|soulStar|mcSign|planetHouses,24.4500,10
서울-2000-03-22-18:06,서울,2000-03-22,18:06,-60,1,hourPillar|minggongBranch|bodyPalaceBranch|soulStar|planetHouses,12.2667,3
서울-2000-03-22-18:06,서울,2000-03-22,18:06,-30,1,planetHouses,6.1500,1
서울-2000-03-22-18:06,서울,2000-03-22,18:06,-15,0,,3.0667,0
서울-2000-03-22-18:06,서울,2000-03-22,18:06,-5,0,,1.0333,0
서울-2000-03-22-18:06,서울,2000-03-22,18:06,5,0,,1.0167,0
서울-2000-03-22-18:06,서울,2000-03-22,18:06,15,0,,3.0667,0
서울-2000-03-22-18:06,서울,2000-03-22,18:06,30,1,ascSign|mcSign|planetHouses,6.1500,2
서울-2000-03-22-18:06,서울,2000-03-22,18:06,60,1,ascSign|mcSign|planetHouses,12.2833,8
서울-2000-03-22-18:06,서울,2000-03-22,18:06,120,1,hourPillar|minggongBranch|bodyPalaceBranch|soulStar|ascSign|mcSign|planetHouses,24.5333,12
서울-2000-03-22-20:20,서울,2000-03-22,20:20,-120,1,hourPillar|minggongBranch|bodyPalaceBranch|soulStar|ascSign|mcSign|planetHouses,24.5167,12
서울-2000-03-22-20:20,서울,2000-03-22,20:20,-60,1,hourPillar|minggongBranch|bodyPalaceBranch|soulStar|planetHouses,12.2333,3
서울-2000-03-22-20:20,서울,2000-03-22,20:20,-30,1,planetHouses,6.1000,1
서울-2000-03-22-20:20,서울,2000-03-22,20:20,-15,0,,3.0500,0
서울-2000-03-22-20:20,서울,2000-03-22,20:20,-5,0,,1.0167,0
서울-2000-03-22-20:20,서울,2000-03-22,20:20,5,0,,1.0167,0
서울-2000-03-22-20:20,서울,2000-03-22,20:20,15,0,,3.0500,0
서울-2000-03-22-20:20,서울,2000-03-22,20:20,30,1,mcSign|planetHouses,6.0833,4
서울-2000-03-22-20:20,서울,2000-03-22,20:20,60,1,ascSign|mcSign|planetHouses,12.1500,8
서울-2000-03-22-20:20,서울,2000-03-22,20:20,120,1,hourPillar|minggongBranch|bodyPalaceBranch|soulStar|ascSign|mcSign|planetHouses,24.2167,12
서울-2000-03-22-22:34,서울,2000-03-22,22:34,-120,1,hourPillar|minggongBranch|bodyPalaceBranch|soulStar|ascSign|mcSign|planetHouses,24.1833,12
서울-2000-03-22-22:34,서울,2000-03-22,22:34,-60,1,planetHouses,12.0667,3
서울-2000-03-22-22:34,서울,2000-03-22,22:34,-30,1,planetHouses,6.0333,2
서울-2000-03-22-22:34,서울,2000-03-22,22:34,-15,0,,3.0167,0
서울-2000-03-22-22:34,서울,2000-03-22,22:34,-5,0,,1.0167,0
서울-2000-03-22-22:34,서울,2000-03-22,22:34,5,1,mcSign,1.0000,0
서울-2000-03-22-22:34,서울,2000-03-22,22:34,15,1,mcSign|planetHouses,3.0167,2
서울-2000-03-22-22:34,서울,2000-03-22,22:34,30,1,mcSign|planetHouses,6.0333,4
서울-2000-03-22-22:34,서울,2000-03-22,22:34,60,1,hourPillar|minggongBranch|bodyPalaceBranch|soulStar|ascSign|mcSign|planetHouses,12.1167,9
서울-2000-03-22-22:34,서울,2000-03-22,22:34,120,1,dayPillar|hourPillar|minggongBranch|bodyPalaceBranch|soulStar|ascSign|mcSign|planetHouses,24.5333,12
서울-2000-04-02-00:00,서울,2000-04-02,00:00,-120,1,hourPillar|minggongBranch|bodyPalaceBranch|soulStar|ascSign|mcSign|planetHouses,24.5833,12
서울-2000-04-02-00:00,서울,2000-04-02,00:00,-60,1,hourPillar|minggongBranch|bodyPalaceBranch|soulStar|mcSign|planetHouses,12.4500,4
서울-2000-04-02-00:00,서울,2000-04-02,00:00,-30,1,hourPillar|minggongBranch|bodyPalaceBranch|soulStar|mcSign|planetHouses,6.2833,2
서울-2000-04-02-00:00,서울,2000-04-02,00:00,-15,1,mcSign|planetHouses,3.1500,1
서울-2000-04-02-00:00,서울,2000-04-02,00:00,-5,0,,1.0500,0
서울-2000-04-02-00:00,서울,2000-04-02,00:00,5,0,,1.0667,0
서울-2000-04-02-00:00,서울,2000-04-02,00:00,15,0,,3.2000,0
서울-2000-04-02-00:00,서울,2000-04-02,00:00,30,1,planetHouses,6.4500,2
서울-2000-04-02-00:00,서울,2000-04-02,00:00,60,1,dayPillar|planetHouses,13.1167,6
서울-2000-04-02-00:00,서울,2000-04-02,00:00,120,1,dayPillar|hourPillar|minggongBranch|bodyPalaceBranch|soulStar|ascSign|mcSign|planetHouses,27.4500,12
서울-2000-04-02-02:14,서울,2000-04-02,02:14,-120,1,dayPillar|hourPillar|minggongBranch|bodyPalaceBranch|soulStar|ascSign|mcSign|planetHouses,28.0667,12
서울-2000-04-02-02:14,서울,2000-04-02,02:14,-60,1,hourPillar|minggongBranch|bodyPalaceBranch|soulStar|mcSign|planetHouses,14.7167,4
서울-2000-04-02-02:14,서울,2000-04-02,02:14,-30,1,planetHouses,7.5833,2
서울-2000-04-02-02:14,서울,2000-04-02,02:14,-15,1,planetHouses,3.8500,1
서울-2000-04-02-02:14,서울,2000-04-02,02:14,-5,1,planetHouses,1.3000,1
서울-2000-04-02-02:14,서울,2000-04-02,02:14,5,1,planetHouses,1.3000,1
서울-2000-04-02-02:14,서울,2000-04-02,02:14,15,1,planetHouses,3.9667,1
서울-2000-04-02-02:14,서울,2000-04-02,02:14,30,1,planetHouses,8.0833,4
서울-2000-04-02-02:14,서울,2000-04-02,02:14,60,1,ascSign|planetHouses,16.8167,8
서울-2000-04-02-02:14,서울,2000-04-02,02:14,120,1,hourPillar|minggongBranch|bodyPalaceBranch|soulStar|ascSign|mcSign|planetHouses,36.5667,12
서울-2000-04-02-04:28,서울,2000-04-02,04:28,-120,1,hourPillar|minggongBranch|bodyPalaceBranch|soulStar|ascSign|mcSign|planetHouses,37.9500,12
서울-2000-04-02-04:28,서울,2000-04-02,04:28,-60,1,hourPillar|minggongBranch|bodyPalaceBranch|soulStar|mcSign|planetHouses,20.5000,6
서울-2000-04-02-04:28,서울,2000-04-02,04:28,-30,1,planetHouses,10.6667,4
서울-2000-04-02-04:28,서울,2000-04-02,04:28,-15,1,planetHouses,5.4333,2
서울-2000-04-02-04:28,서울,2000-04-02,04:28,-5,1,planetHouses,1.8333,2
서울-2000-04-02-04:28,서울,2000-04-02,04:28,5,0,,1.8500,0
서울-2000-04-02-04:28,서울,2000-04-02,04:28,15,1,ascSign|planetHouses,5.6167,1
서울-2000-04-02-04:28,서울,2000-04-02,04:28,30,1,ascSign|planetHouses,11.4167,4
서울-2000-04-02-04:28,서울,2000-04-02,04:28,60,1,ascSign|planetHouses,23.4167,6
서울-2000-04-02-04:28,서울,2000-04-02,04:28,120,1,hourPillar|minggongBranch|bodyPalaceBranch|soulStar|ascSign|mcSign|planetHouses,47.8500,12
서울-2000-04-02-06:42,서울,2000-04-02,06:42,-120,1,hourPillar|minggongBranch|bodyPalaceBranch|soulStar|ascSign|mcSign|planetHouses,48.1667,12
서울-2000-04-02-06:42,서울,2000-04-02,06:42,-60,1,ascSign|mcSign|planetHouses,24.2833,7
서울-2000-04-02-06:42,서울,2000-04-02,06:42,-30,1,planetHouses,12.0000,3
서울-2000-04-02-06:42,서울,2000-04-02,06:42,-15,0,,5.9500,0
서울-2000-04-02-06:42,서울,2000-04-02,06:42,-5,0,,1.9667,0
서울-2000-04-02-06:42,서울,2000-04-02,06:42,5,1,planetHouses,1.9500,2
서울-2000-04-02-06:42,서울,2000-04-02,06:42,15,1,planetHouses,5.7833,2
서울-2000-04-02-06:42,서울,2000-04-02,06:42,30,1,ascSign|planetHouses,11.4167,3
서울-2000-04-02-06:42,서울,2000-04-02,06:42,60,1,hourPillar|minggongBranch|bodyPalaceBranch|soulStar|ascSign|planetHouses,22.0667,7
서울-2000-04-02-06:42,서울,2000-04-02,06:42,120,1,hourPillar|minggongBranch|bodyPalaceBranch|soulStar|ascSign|mcSign|planetHouses,40.9833,12
서울-2000-04-02-08:56,서울,2000-04-02,08:56,-120,1,hourPillar|minggongBranch|bodyPalaceBranch|soulStar|ascSign|mcSign|planetHouses,39.5667,12
서울-2000-04-02-08:56,서울,2000-04-02,08:56,-60,1,ascSign|mcSign|planetHouses,18.2167,5
서울-2000-04-02-08:56,서울,2000-04-02,08:56,-30,1,ascSign|planetHouses,8.7500,1
서울-2000-04-02-08:56,서울,2000-04-02,08:56,-15,0,,4.2833,0
서울-2000-04-02-08:56,서울,2000-04-02,08:56,-5,0,,1.4167,0
서울-2000-04-02-08:56,서울,2000-04-02,08:56,5,1,planetHouses,1.3833,1
서울-2000-04-02-08:56,서울,2000-04-02,08:56,15,1,planetHouses,4.1167,1
서울-2000-04-02-08:56,서울,2000-04-02,08:56,30,1,planetHouses,8.0833,3
서울-2000-04-02-08:56,서울,2000-04-02,08:56,60,1,hourPillar|minggongBranch|bodyPalaceBranch|soulStar|planetHouses,15.6667,8
서울-2000-04-02-08:56,서울,2000-04-02,08:56,120,1,hourPillar|minggongBranch|bodyPalaceBranch|soulStar|ascSign|mcSign|planetHouses,29.6000,12
서울-2000-04-02-10:10,서울,2000-04-02,10:10,-120,1,hourPillar|minggongBranch|bodyPalaceBranch|soulStar|ascSign|mcSign|planetHouses,32.7333,12
서울-2000-04-02-10:10,서울,2000-04-02,10:10,-60,1,hourPillar|minggongBranch|bodyPalaceBranch|soulStar|mcSign|planetHouses,15.1833,9
서울-2000-04-02-10:10,서울,2000-04-02,10:10,-30,1,mcSign|planetHouses,7.3500,3
서울-2000-04-02-10:10,서울,2000-04-02,10:10,-15,1,mcSign|planetHouses,3.6167,2
서울-2000-04-02-10:10,서울,2000-04-02,10:10,-5,1,planetHouses,1.2000,1
서울-2000-04-02-10:10,서울,2000-04-02,10:10,5,0,,1.1833,0
서울-2000-04-02-10:10,서울,2000-04-02,10:10,15,0,,3.5333,0
서울-2000-04-02-10:10,서울,2000-04-02,10:10,30,1,ascSign|planetHouses,6.9833,2
서울-2000-04-02-10:10,서울,2000-04-02,10:10,60,1,ascSign|planetHouses,13.6500,4
서울-2000-04-02-10:10,서울,2000-04-02,10:10,120,1,hourPillar|minggongBranch|bodyPalaceBranch|soulStar|ascSign|mcSign|planetHouses,26.3833,11
서울-2000-04-02-12:24,서울,2000-04-02,12:24,-120,1,hourPillar|minggongBranch|bodyPalaceBranch|soulStar|ascSign|mcSign|planetHouses,25.9667,11
서울-2000-04-02-12:24,서울,2000-04-02,12:24,-60,1,hourPillar|minggongBranch|bodyPalaceBranch|soulStar|mcSign|planetHouses,12.5833,5
서울-2000-04-02-12:24,서울,2000-04-02,12:24,-30,1,planetHouses,6.2167,2
서울-2000-04-02-12:24,서울,2000-04-02,12:24,-15,0,,3.0833,0
서울-2000-04-02-12:24,서울,2000-04-02,12:24,-5,0,,1.0167,0
서울-2000-04-02-12:24,서울,2000-04-02,12:24,5,1,planetHouses,1.0333,2
서울-2000-04-02-12:24,서울,2000-04-02,12:24,15,1,planetHouses,3.0833,3
서울-2000-04-02-12:24,서울,2000-04-02,12:24,30,1,ascSign|planetHouses,6.1333,7
서울-2000-04-02-12:24,서울,2000-04-02,12:24,60,1,ascSign|planetHouses,12.2000,8
서울-2000-04-02-12:24,서울,2000-04-02,12:24,120,1,hourPillar|minggongBranch|bodyPalaceBranch|soulStar|ascSign|mcSign|planetHouses,24.2667,12
서울-2000-04-02-14:38,서울,2000-04-02,14:38,-120,1,hourPillar|minggongBranch|bodyPalaceBranch|soulStar|ascSign|mcSign|planetHouses,24.2000,10
서울-2000-04-02-14:38,서울,2000-04-02,14:38,-60,1,mcSign|planetHouses,12.0667,5
서울-2000-04-02-14:38,서울,2000-04-02,14:38,-30,1,planetHouses,6.0333,5
서울-2000-04-02-14:38,서울,2000-04-02,14:38,-15,1,planetHouses,3.0167,2
서울-2000-04-02-14:38,서울,2000-04-02,14:38,-5,0,,1.0000,0
서울-2000-04-02-14:38,서울,2000-04-02,14:38,5,1,planetHouses,1.0000,2
서울-2000-04-02-14:38,서울,2000-04-02,14:38,15,1,planetHouses,3.0167,3
서울-2000-04-02-14:38,서울,2000-04-02,14:38,30,1,planetHouses,6.0500,3
서울-2000-04-02-14:38,서울,2000-04-02,14:38,60,1,hourPillar|minggongBranch|bodyPalaceBranch|soulStar|ascSign|planetHouses,12.1167,6
서울-2000-04-02-14:38,서울,2000-04-02,14:38,120,1,hourPillar|minggongBranch|bodyPalaceBranch|soulStar|ascSign|mcSign|planetHouses,24.3167,11
서울-2000-04-02-16:52,서울,2000-04-02,16:52,-120,1,hourPillar|minggongBranch|bodyPalaceBranch|soulStar|ascSign|mcSign|planetHouses,24.3500,11
서울-2000-04-02-16:52,서울,2000-04-02,16:52,-60,1,planetHouses,12.2167,7
서울-2000-04-02-16:52,서울,2000-04-02,16:52,-30,1,planetHouses,6.1167,6
서울-2000-04-02-16:52,서울,2000-04-02,16:52,-15,1,planetHouses,3.0667,3
서울-2000-04-02-16:52,서울,2000-04-02,16:52,-5,0,,1.0167,0
서울-2000-04-02-16:52,서울,2000-04-02,16:52,5,0,,1.0333,0
서울-2000-04-02-16:52,서울,2000-04-02,16:52,15,1,planetHouses,3.0667,1
서울-2000-04-02-16:52,서울,2000-04-02,16:52,30,1,planetHouses,6.1500,2
서울-2000-04-02-16:52,서울,2000-04-02,16:52,60,1,hourPillar|minggongBranch|bodyPalaceBranch|soulStar|ascSign|mcSign|planetHouses,12.2833,4
서울-2000-04-02-16:52,서울,2000-04-02,16:52,120,1,hourPillar|minggongBranch|bodyPalaceBranch|soulStar|ascSign|mcSign|planetHouses,24.5667,10
서울-2000-04-02-18:06,서울,2000-04-02,18:06,-120,1,hourPillar|minggongBranch|bodyPalaceBranch|soulStar|ascSign|mcSign|planetHouses,24.5167,12
서울-2000-04-02-18:06,서울,2000-04-02,18:06,-60,1,hourPillar|minggongBranch|bodyPalaceBranch|soulStar|ascSign|mcSign|planetHouses,12.2833,4
서울-2000-04-02-18:06,서울,2000-04-02,18:06,-30,1,ascSign|mcSign|planetHouses,6.1333,1
서울-2000-04-02-18:06,서울,2000-04-02,18:06,-15,1,planetHouses,3.0667,1
서울-2000-04-02-18:06,서울,2000-04-02,18:06,-5,1,planetHouses,1.0167,1
서울-2000-04-02-18:06,서울,2000-04-02,18:06,5,0,,1.0333,0
서울-2000-04-02-18:06,서울,2000-04-02,18:06,15,0,,3.0833,0
서울-2000-04-02-18:06,서울,2000-04-02,18:06,30,1,planetHouses,6.1500,1
서울-2000-04-02-18:06,서울,2000-04-02,18:06,60,1,planetHouses,12.2833,7
서울-2000-04-02-18:06,서울,2000-04-02,18:06,120,1,hourPillar|minggongBranch|bodyPalaceBranch|soulStar|mcSign|planetHouses,24.4667,11
서울-2000-04-02-20:20,서울,2000-04-02,20:20,-120,1,hourPillar|minggongBranch|bodyPalaceBranch|soulStar|ascSign|mcSign|planetHouses,24.4333,11
서울-2000-04-02-20:20,서울,2000-04-02,20:20,-60,1,hourPillar|minggongBranch|bodyPalaceBranch|soulStar|ascSign|mcSign|planetHouses,12.1667,3
서울-2000-04-02-20:20,서울,2000-04-02,20:20,-30,1,ascSign|mcSign|planetHouses,6.0667,2
서울-2000-04-02-20:20,서울,2000-04-02,20:20,-15,1,ascSign,3.0333,0
서울-2000-04-02-20:20,서울,2000-04-02,20:20,-5,1,ascSign,1.0167,0
서울-2000-04-02-20:20,서울,2000-04-02,20:20,5,1,planetHouses,1.0000,1
서울-2000-04-02-20:20,서울,2000-04-02,20:20,15,1,planetHouses,3.0167,1
서울-2000-04-02-20:20,서울,2000-04-02,20:20,30,1,planetHouses,6.0500,4
서울-2000-04-02-20:20,서울,2000-04-02,20:20,60,1,planetHouses,12.0833,7
서울-2000-04-02-20:20,서울,2000-04-02,20:20,120,1,hourPillar|minggongBranch|bodyPalaceBranch|soulStar|mcSign|planetHouses,24.1500,12
서울-2000-04-02-22:34,서울,2000-04-02,22:34,-120,1,hourPillar|minggongBranch|bodyPalaceBranch|soulStar|mcSign|planetHouses,24.1667,11
서울-2000-04-02-22:34,서울,2000-04-02,22:34,-60,1,mcSign|planetHouses,12.0833,2
서울-2000-04-02-22:34,서울,2000-04-02,22:34,-30,1,planetHouses,6.0500,2
서울-2000-04-02-22:34,서울,2000-04-02,22:34,-15,0,,3.0333,0
서울-2000-04-02-22:34,서울,2000-04-02,22:34,-5,0,,1.0167,0
서울-2000-04-02-22:34,서울,2000-04-02,22:34,5,1,planetHouses,1.0167,1
서울-2000-04-02-22:34,서울,2000-04-02,22:34,15,1,ascSign|planetHouses,3.0500,4
서울-2000-04-02-22:34,서울,2000-04-02,22:34,30,1,ascSign|planetHouses,6.1000,6
서울-2000-04-02-22:34,서울,2000-04-02,22:34,60,1,hourPillar|minggongBranch|bodyPalaceBranch|soulStar|ascSign|planetHouses,12.3000,9
서울-2000-04-02-22:34,서울,2000-04-02,22:34,120,1,dayPillar|hourPillar|minggongBranch|bodyPalaceBranch|soulStar|ascSign|mcSign|planetHouses,25.1167,10
서울-2000-05-09-00:00,서울,2000-05-09,00:00,-120,1,hourPillar|minggongBranch|bodyPalaceBranch|soulStar|ascSign|mcSign|planetHouses,28.6000,11
서울-2000-05-09-00:00,서울,2000-05-09,00:00,-60,1,hourPillar|minggongBranch|bodyPalaceBranch|soulStar|mcSign|planetHouses,15.0500,3
서울-2000-05-09-00:00,서울,2000-05-09,00:00,-30,1,hourPillar|minggongBranch|bodyPalaceBranch|soulStar|planetHouses,7.7500,2
서울-2000-05-09-00:00,서울,2000-05-09,00:00,-15,1,planetHouses,3.9333,2
서울-2000-05-09-00:00,서울,2000-05-09,00:00,-5,0,,1.3333,0
서울-2000-05-09-00:00,서울,2000-05-09,00:00,5,1,planetHouses,1.3500,1
서울-2000-05-09-00:00,서울,2000-05-09,00:00,15,1,planetHouses,4.0833,1
서울-2000-05-09-00:00,서울,2000-05-09,00:00,30,1,planetHouses,8.3333,4
서울-2000-05-09-00:00,서울,2000-05-09,00:00,60,1,dayPillar|ascSign|planetHouses,17.3333,8
서울-2000-05-09-00:00,서울,2000-05-09,00:00,120,1,dayPillar|hourPillar|minggongBranch|bodyPalaceBranch|soulStar|ascSign|mcSign|planetHouses,37.7000,12
서울-2000-05-09-02:14,서울,2000-05-09,02:14,-120,1,dayPillar|hourPillar|minggongBranch|bodyPalaceBranch|soulStar|ascSign|mcSign|planetHouses,39.1000,12
서울-2000-05-09-02:14,서울,2000-05-09,02:14,-60,1,hourPillar|minggongBranch|bodyPalaceBranch|soulStar|ascSign|mcSign|planetHouses,21.1167,10
서울-2000-05-09-02:14,서울,2000-05-09,02:14,-30,1,ascSign|planetHouses,10.9667,6
서울-2000-05-09-02:14,서울,2000-05-09,02:14,-15,1,ascSign|planetHouses,5.5833,6
서울-2000-05-09-02:14,서울,2000-05-09,02:14,-5,1,ascSign|planetHouses,1.8833,3
서울-2000-05-09-02:14,서울,2000-05-09,02:14,5,1,planetHouses,1.9000,1
서울-2000-05-09-02:14,서울,2000-05-09,02:14,15,1,planetHouses,5.7500,1
서울-2000-05-09-02:14,서울,2000-05-09,02:14,30,1,planetHouses,11.6667,2
서울-2000-05-09-02:14,서울,2000-05-09,02:14,60,1,planetHouses,23.8000,3
서울-2000-05-09-02:14,서울,2000-05-09,02:14,120,1,hourPillar|minggongBranch|bodyPalaceBranch|soulStar|ascSign|mcSign|planetHouses,48.1167,12
서울-2000-05-09-04:28,서울,2000-05-09,04:28,-120,1,hourPillar|minggongBranch|bodyPalaceBranch|soulStar|ascSign|mcSign|planetHouses,48.2000,12
서울-2000-05-09-04:28,서울,2000-05-09,04:28,-60,1,hourPillar|minggongBranch|bodyPalaceBranch|soulStar|planetHouses,24.0167,8
서울-2000-05-09-04:28,서울,2000-05-09,04:28,-30,1,planetHouses,11.8167,1
서울-2000-05-09-04:28,서울,2000-05-09,04:28,-15,1,planetHouses,5.8333,1
서울-2000-05-09-04:28,서울,2000-05-09,04:28,-5,0,,1.9333,0
서울-2000-05-09-04:28,서울,2000-05-09,04:28,5,0,,1.9000,0
서울-2000-05-09-04:28,서울,2000-05-09,04:28,15,1,ascSign,5.6667,0
서울-2000-05-09-04:28,서울,2000-05-09,04:28,30,1,ascSign|planetHouses,11.1333,1
서울-2000-05-09-04:28,서울,2000-05-09,04:28,60,1,ascSign|planetHouses,21.4833,7
서울-2000-05-09-04:28,서울,2000-05-09,04:28,120,1,hourPillar|minggongBranch|bodyPalaceBranch|soulStar|ascSign|mcSign|planetHouses,39.8167,12
서울-2000-05-09-06:42,서울,2000-05-09,06:42,-120,1,hourPillar|minggongBranch|bodyPalaceBranch|soulStar|ascSign|mcSign|planetHouses,38.4167,12
서울-2000-05-09-06:42,서울,2000-05-09,06:42,-60,1,ascSign|planetHouses,17.6667,3
서울-2000-05-09-06:42,서울,2000-05-09,06:42,-30,1,planetHouses,8.4833,2
서울-2000-05-09-06:42,서울,2000-05-09,06:42,-15,1,planetHouses,4.1667,1
서울-2000-05-09-06:42,서울,2000-05-09,06:42,-5,1,planetHouses,1.3833,1
서울-2000-05-09-06:42,서울,2000-05-09,06:42,5,0,,1.3500,0
서울-2000-05-09-06:42,서울,2000-05-09,06:42,15,1,planetHouses,4.0000,2
서울-2000-05-09-06:42,서울,2000-05-09,06:42,30,1,planetHouses,7.8833,4
서울-2000-05-09-06:42,서울,2000-05-09,06:42,60,1,hourPillar|minggongBranch|bodyPalaceBranch|soulStar|mcSign|planetHouses,15.2667,6
서울-2000-05-09-06:42,서울,2000-05-09,06:42,120,1,hourPillar|minggongBranch|bodyPalaceBranch|soulStar|ascSign|mcSign|planetHouses,28.9667,11
서울-2000-05-09-08:56,서울,2000-05-09,08:56,-120,1,hourPillar|minggongBranch|bodyPalaceBranch|soulStar|ascSign|mcSign|planetHouses,28.2833,11
서울-2000-05-09-08:56,서울,2000-05-09,08:56,-60,1,ascSign|planetHouses,13.4333,6
서울-2000-05-09-08:56,서울,2000-05-09,08:56,-30,1,planetHouses,6.5833,4
서울-2000-05-09-08:56,서울,2000-05-09,08:56,-15,1,planetHouses,3.2667,1
서울-2000-05-09-08:56,서울,2000-05-09,08:56,-5,0,,1.0833,0
서울-2000-05-09-08:56,서울,2000-05-09,08:56,5,0,,1.0667,0
서울-2000-05-09-08:56,서울,2000-05-09,08:56,15,0,,3.2000,0
서울-2000-05-09-08:56,서울,2000-05-09,08:56,30,1,mcSign|planetHouses,6.3667,2
서울-2000-05-09-08:56,서울,2000-05-09,08:56,60,1,hourPillar|minggongBranch|bodyPalaceBranch|soulStar|mcSign|planetHouses,12.6000,3
서울-2000-05-09-08:56,서울,2000-05-09,08:56,120,1,hourPillar|minggongBranch|bodyPalaceBranch|soulStar|ascSign|mcSign|planetHouses,24.8167,11
서울-2000-05-09-10:10,서울,2000-05-09,10:10,-120,1,hourPillar|minggongBranch|bodyPalaceBranch|soulStar|mcSign|planetHouses,25.6833,11
서울-2000-05-09-10:10,서울,2000-05-09,10:10,-60,1,hourPillar|minggongBranch|bodyPalaceBranch|soulStar|mcSign|planetHouses,12.5000,7
서울-2000-05-09-10:10,서울,2000-05-09,10:10,-30,1,planetHouses,6.1833,4
서울-2000-05-09-10:10,서울,2000-05-09,10:10,-15,1,planetHouses,3.0833,4
서울-2000-05-09-10:10,서울,2000-05-09,10:10,-5,1,planetHouses,1.0333,3
서울-2000-05-09-10:10,서울,2000-05-09,10:10,5,0,,1.0167,0
서울-2000-05-09-10:10,서울,2000-05-09,10:10,15,1,planetHouses,3.0500,3
서울-2000-05-09-10:10,서울,2000-05-09,10:10,30,1,ascSign|planetHouses,6.1000,4
서울-2000-05-09-10:10,서울,2000-05-09,10:10,60,1,ascSign|planetHouses,12.1500,6
서울-2000-05-09-10:10,서울,2000-05-09,10:10,120,1,hourPillar|minggongBranch|bodyPalaceBranch|soulStar|ascSign|mcSign|planetHouses,24.2000,8
서울-2000-05-09-12:24,서울,2000-05-09,12:24,-120,1,hourPillar|minggongBranch|bodyPalaceBranch|soulStar|ascSign|mcSign|planetHouses,24.1833,5
서울-2000-05-09-12:24,서울,2000-05-09,12:24,-60,1,hourPillar|minggongBranch|bodyPalaceBranch|soulStar|planetHouses,12.0667,3
서울-2000-05-09-12:24,서울,2000-05-09,12:24,-30,1,planetHouses,6.0500,1
서울-2000-05-09-12:24,서울,2000-05-09,12:24,-15,1,planetHouses,3.0333,1
서울-2000-05-09-12:24,서울,2000-05-09,12:24,-5,0,,1.0167,0
서울-2000-05-09-12:24,서울,2000-05-09,12:24,5,1,planetHouses,1.0000,3
서울-2000-05-09-12:24,서울,2000-05-09,12:24,15,1,planetHouses,3.0167,5
서울-2000-05-09-12:24,서울,2000-05-09,12:24,30,1,planetHouses,6.0500,7
서울-2000-05-09-12:24,서울,2000-05-09,12:24,60,1,ascSign|mcSign|planetHouses,12.1167,8
서울-2000-05-09-12:24,서울,2000-05-09,12:24,120,1,hourPillar|minggongBranch|bodyPalaceBranch|soulStar|ascSign|mcSign|planetHouses,24.3333,11
서울-2000-05-09-14:38,서울,2000-05-09,14:38,-120,1,hourPillar|minggongBranch|bodyPalaceBranch|soulStar|ascSign|mcSign|planetHouses,24.3833,7
서울-2000-05-09-14:38,서울,2000-05-09,14:38,-60,1,planetHouses,12.2333,3
서울-2000-05-09-14:38,서울,2000-05-09,14:38,-30,1,planetHouses,6.1333,2
서울-2000-05-09-14:38,서울,2000-05-09,14:38,-15,1,planetHouses,3.0667,1
서울-2000-05-09-14:38,서울,2000-05-09,14:38,-5,0,,1.0167,0
서울-2000-05-09-14:38,서울,2000-05-09,14:38,5,0,,1.0167,0
서울-2000-05-09-14:38,서울,2000-05-09,14:38,15,1,planetHouses,3.0667,4
서울-2000-05-09-14:38,서울,2000-05-09,14:38,30,1,planetHouses,6.1500,7
서울-2000-05-09-14:38,서울,2000-05-09,14:38,60,1,hourPillar|minggongBranch|bodyPalaceBranch|soulStar|ascSign|mcSign|planetHouses,12.2833,7
서울-2000-05-09-14:38,서울,2000-05-09,14:38,120,1,hourPillar|minggongBranch|bodyPalaceBranch|soulStar|ascSign|mcSign|planetHouses,24.5667,11
서울-2000-05-09-16:52,서울,2000-05-09,16:52,-120,1,hourPillar|minggongBranch|bodyPalaceBranch|soulStar|ascSign|mcSign|planetHouses,24.5500,9
서울-2000-05-09-16:52,서울,2000-05-09,16:52,-60,1,planetHouses,12.2667,4
서울-2000-05-09-16:52,서울,2000-05-09,16:52,-30,1,planetHouses,6.1167,3
서울-2000-05-09-16:52,서울,2000-05-09,16:52,-15,1,planetHouses,3.0667,1
서울-2000-05-09-16:52,서울,2000-05-09,16:52,-5,0,,1.0167,0
서울-2000-05-09-16:52,서울,2000-05-09,16:52,5,0,,1.0167,0
서울-2000-05-09-16:52,서울,2000-05-09,16:52,15,1,planetHouses,3.0500,3
서울-2000-05-09-16:52,서울,2000-05-09,16:52,30,1,planetHouses,6.1000,4
서울-2000-05-09-16:52,서울,2000-05-09,16:52,60,1,hourPillar|minggongBranch|bodyPalaceBranch|soulStar|ascSign|mcSign|planetHouses,12.1667,7
서울-2000-05-09-16:52,서울,2000-05-09,16:52,120,1,hourPillar|minggongBranch|bodyPalaceBranch|soulStar|ascSign|mcSign|planetHouses,24.2500,10
서울-2000-05-09-18:06,서울,2000-05-09,18:06,-120,1,hourPillar|minggongBranch|bodyPalaceBranch|soulStar|ascSign|mcSign|planetHouses,24.4000,11
서울-2000-05-09-18:06,서울,2000-05-09,18:06,-60,1,hourPillar|minggongBranch|bodyPalaceBranch|soulStar|ascSign|mcSign|planetHouses,12.1500,6
서울-2000-05-09-18:06,서울,2000-05-09,18:06,-30,1,ascSign|planetHouses,6.0667,1
서울-2000-05-09-18:06,서울,2000-05-09,18:06,-15,1,planetHouses,3.0333,1
서울-2000-05-09-18:06,서울,2000-05-09,18:06,-5,0,,1.0167,0
서울-2000-05-09-18:06,서울,2000-05-09,18:06,5,0,,1.0000,0
서울-2000-05-09-18:06,서울,2000-05-09,18:06,15,1,planetHouses,3.0167,1
서울-2000-05-09-18:06,서울,2000-05-09,18:06,30,1,planetHouses,6.0333,1
서울-2000-05-09-18:06,서울,2000-05-09,18:06,60,1,planetHouses,12.0667,4
서울-2000-05-09-18:06,서울,2000-05-09,18:06,120,1,hourPillar|minggongBranch|bodyPalaceBranch|soulStar|mcSign|planetHouses,24.1500,11
서울-2000-05-09-20:20,서울,2000-05-09,20:20,-120,1,hourPillar|minggongBranch|bodyPalaceBranch|soulStar|ascSign|mcSign|planetHouses,24.1833,11
서울-2000-05-09-20:20,서울,2000-05-09,20:20,-60,1,hourPillar|minggongBranch|bodyPalaceBranch|soulStar|ascSign|mcSign|planetHouses,12.1167,8
서울-2000-05-09-20:20,서울,2000-05-09,20:20,-30,1,ascSign|planetHouses,6.0833,2
서울-2000-05-09-20:20,서울,2000-05-09,20:20,-15,1,ascSign|planetHouses,3.0500,1
서울-2000-05-09-20:20,서울,2000-05-09,20:20,-5,1,ascSign|planetHouses,1.0167,1
서울-2000-05-09-20:20,서울,2000-05-09,20:20,5,1,planetHouses,1.0167,1
서울-2000-05-09-20:20,서울,2000-05-09,20:20,15,1,planetHouses,3.0500,1
서울-2000-05-09-20:20,서울,2000-05-09,20:20,30,1,planetHouses,6.1333,2
서울-2000-05-09-20:20,서울,2000-05-09,20:20,60,1,planetHouses,12.3667,8
서울-2000-05-09-20:20,서울,2000-05-09,20:20,120,1,hourPillar|minggongBranch|bodyPalaceBranch|soulStar|mcSign|planetHouses,25.3333,10
서울-2000-05-09-22:34,서울,2000-05-09,22:34,-120,1,hourPillar|minggongBranch|bodyPalaceBranch|soulStar|mcSign|planetHouses,25.6500,11
서울-2000-05-09-22:34,서울,2000-05-09,22:34,-60,1,planetHouses,13.1833,5
서울-2000-05-09-22:34,서울,2000-05-09,22:34,-30,1,planetHouses,6.7000,5
서울-2000-05-09-22:34,서울,2000-05-09,22:34,-15,1,planetHouses,3.3833,1
서울-2000-05-09-22:34,서울,2000-05-09,22:34,-5,0,,1.1333,0
서울-2000-05-09-22:34,서울,2000-05-09,22:34,5,1,planetHouses,1.1500,1
서울-2000-05-09-22:34,서울,2000-05-09,22:34,15,1,ascSign|planetHouses,3.4667,3
서울-2000-05-09-22:34,서울,2000-05-09,22:34,30,1,ascSign|planetHouses,7.0167,6
서울-2000-05-09-22:34,서울,2000-05-09,22:34,60,1,hourPillar|minggongBranch|bodyPalaceBranch|soulStar|ascSign|mcSign|planetHouses,14.4167,7
서울-2000-05-09-22:34,서울,2000-05-09,22:34,120,1,dayPillar|hourPillar|minggongBranch|bodyPalaceBranch|soulStar|ascSign|mcSign|planetHouses,30.8167,11
서울-2000-06-16-00:00,서울,2000-06-16,00:00,-120,1,hourPillar|minggongBranch|bodyPalaceBranch|soulStar|ascSign|mcSign|planetHouses,40.6667,12
서울-2000-06-16-00:00,서울,2000-06-16,00:00,-60,1,hourPillar|minggongBranch|bodyPalaceBranch|soulStar|ascSign|planetHouses,21.9167,8
서울-2000-06-16-00:00,서울,2000-06-16,00:00,-30,1,hourPillar|minggongBranch|bodyPalaceBranch|soulStar|ascSign|planetHouses,11.3500,3
서울-2000-06-16-00:00,서울,2000-06-16,00:00,-15,0,,5.7667,0
서울-2000-06-16-00:00,서울,2000-06-16,00:00,-5,0,,1.9500,0
서울-2000-06-16-00:00,서울,2000-06-16,00:00,5,0,,1.9500,0
서울-2000-06-16-00:00,서울,2000-06-16,00:00,15,1,planetHouses,5.9167,3
서울-2000-06-16-00:00,서울,2000-06-16,00:00,30,1,planetHouses,11.9500,3
서울-2000-06-16-00:00,서울,2000-06-16,00:00,60,1,dayPillar|ascSign|mcSign|planetHouses,24.2000,8
서울-2000-06-16-00:00,서울,2000-06-16,00:00,120,1,dayPillar|hourPillar|minggongBranch|bodyPalaceBranch|soulStar|ascSign|mcSign|planetHouses,48.1833,12
서울-2000-06-16-02:14,서울,2000-06-16,02:14,-120,1,dayPillar|hourPillar|minggongBranch|bodyPalaceBranch|soulStar|ascSign|mcSign|planetHouses,47.9500,12
서울-2000-06-16-02:14,서울,2000-06-16,02:14,-60,1,hourPillar|minggongBranch|bodyPalaceBranch|soulStar|ascSign|planetHouses,23.5333,6
서울-2000-06-16-02:14,서울,2000-06-16,02:14,-30,1,ascSign|planetHouses,11.5000,6
서울-2000-06-16-02:14,서울,2000-06-16,02:14,-15,1,ascSign|planetHouses,5.6667,3
서울-2000-06-16-02:14,서울,2000-06-16,02:14,-5,1,ascSign|planetHouses,1.8667,2
서울-2000-06-16-02:14,서울,2000-06-16,02:14,5,0,,1.8333,0
서울-2000-06-16-02:14,서울,2000-06-16,02:14,15,1,planetHouses,5.4667,1
서울-2000-06-16-02:14,서울,2000-06-16,02:14,30,1,planetHouses,10.7333,2
서울-2000-06-16-02:14,서울,2000-06-16,02:14,60,1,mcSign|planetHouses,20.6667,6
서울-2000-06-16-02:14,서울,2000-06-16,02:14,120,1,hourPillar|minggongBranch|bodyPalaceBranch|soulStar|ascSign|mcSign|planetHouses,38.2667,12
서울-2000-06-16-04:28,서울,2000-06-16,04:28,-120,1,hourPillar|minggongBranch|bodyPalaceBranch|soulStar|ascSign|mcSign|planetHouses,36.9000,12
서울-2000-06-16-04:28,서울,2000-06-16,04:28,-60,1,hourPillar|minggongBranch|bodyPalaceBranch|soulStar|ascSign|planetHouses,16.9667,11
서울-2000-06-16-04:28,서울,2000-06-16,04:28,-30,1,planetHouses,8.1667,6
서울-2000-06-16-04:28,서울,2000-06-16,04:28,-15,1,planetHouses,4.0167,5
서울-2000-06-16-04:28,서울,2000-06-16,04:28,-5,1,planetHouses,1.3333,4
서울-2000-06-16-04:28,서울,2000-06-16,04:28,5,0,,1.3000,0
서울-2000-06-16-04:28,서울,2000-06-16,04:28,15,0,,3.8667,0
서울-2000-06-16-04:28,서울,2000-06-16,04:28,30,0,,7.6167,0
서울-2000-06-16-04:28,서울,2000-06-16,04:28,60,1,mcSign|planetHouses,14.7833,4
서울-2000-06-16-04:28,서울,2000-06-16,04:28,120,1,hourPillar|minggongBranch|bodyPalaceBranch|soulStar|ascSign|mcSign|planetHouses,28.2000,10
서울-2000-06-16-06:42,서울,2000-06-16,06:42,-120,1,hourPillar|minggongBranch|bodyPalaceBranch|soulStar|ascSign|mcSign|planetHouses,27.5667,10
서울-2000-06-16-06:42,서울,2000-06-16,06:42,-60,1,planetHouses,13.1667,5
서울-2000-06-16-06:42,서울,2000-06-16,06:42,-30,0,,6.4667,0
서울-2000-06-16-06:42,서울,2000-06-16,06:42,-15,0,,3.2000,0
서울-2000-06-16-06:42,서울,2000-06-16,06:42,-5,0,,1.0500,0
서울-2000-06-16-06:42,서울,2000-06-16,06:42,5,1,planetHouses,1.0667,1
서울-2000-06-16-06:42,서울,2000-06-16,06:42,15,1,mcSign|planetHouses,3.1667,3
서울-2000-06-16-06:42,서울,2000-06-16,06:42,30,1,mcSign|planetHouses,6.3000,4
서울-2000-06-16-06:42,서울,2000-06-16,06:42,60,1,hourPillar|minggongBranch|bodyPalaceBranch|soulStar|mcSign|planetHouses,12.4833,7
서울-2000-06-16-06:42,서울,2000-06-16,06:42,120,1,hourPillar|minggongBranch|bodyPalaceBranch|soulStar|ascSign|mcSign|planetHouses,24.6333,12
서울-2000-06-16-08:56,서울,2000-06-16,08:56,-120,1,hourPillar|minggongBranch|bodyPalaceBranch|soulStar|ascSign|mcSign|planetHouses,24.4833,10
서울-2000-06-16-08:56,서울,2000-06-16,08:56,-60,1,ascSign|mcSign|planetHouses,12.1167,4
서울-2000-06-16-08:56,서울,2000-06-16,08:56,-30,1,mcSign|planetHouses,6.0500,1
서울-2000-06-16-08:56,서울,2000-06-16,08:56,-15,1,mcSign,3.0167,0
서울-2000-06-16-08:56,서울,2000-06-16,08:56,-5,0,,1.0167,0
서울-2000-06-16-08:56,서울,2000-06-16,08:56,5,0,,1.0000,0
서울-2000-06-16-08:56,서울,2000-06-16,08:56,15,1,planetHouses,3.0167,1
서울-2000-06-16-08:56,서울,2000-06-16,08:56,30,1,planetHouses,6.0167,3
서울-2000-06-16-08:56,서울,2000-06-16,08:56,60,1,hourPillar|minggongBranch|bodyPalaceBranch|soulStar|planetHouses,12.0667,4
서울-2000-06-16-08:56,서울,2000-06-16,08:56,120,1,hourPillar|minggongBranch|bodyPalaceBranch|soulStar|ascSign|mcSign|planetHouses,24.1833,12
서울-2000-06-16-10:10,서울,2000-06-16,10:10,-120,1,hourPillar|minggongBranch|bodyPalaceBranch|soulStar|mcSign|planetHouses,24.1667,9
서울-2000-06-16-10:10,서울,2000-06-16,10:10,-60,1,hourPillar|minggongBranch|bodyPalaceBranch|soulStar|planetHouses,12.0667,6
서울-2000-06-16-10:10,서울,2000-06-16,10:10,-30,1,planetHouses,6.0500,3
서울-2000-06-16-10:10,서울,2000-06-16,10:10,-15,1,planetHouses,3.0167,3
서울-2000-06-16-10:10,서울,2000-06-16,10:10,-5,1,planetHouses,1.0167,1
서울-2000-06-16-10:10,서울,2000-06-16,10:10,5,1,planetHouses,1.0000,1
서울-2000-06-16-10:10,서울,2000-06-16,10:10,15,1,planetHouses,3.0333,2
서울-2000-06-16-10:10,서울,2000-06-16,10:10,30,1,ascSign|planetHouses,6.0667,4
서울-2000-06-16-10:10,서울,2000-06-16,10:10,60,1,ascSign|mcSign|planetHouses,12.1500,5
서울-2000-06-16-10:10,서울,2000-06-16,10:10,120,1,hourPillar|minggongBranch|bodyPalaceBranch|soulStar|ascSign|mcSign|planetHouses,24.3833,9
서울-2000-06-16-12:24,서울,2000-06-16,12:24,-120,1,hourPillar|minggongBranch|bodyPalaceBranch|soulStar|ascSign|mcSign|planetHouses,24.4333,10
서울-2000-06-16-12:24,서울,2000-06-16,12:24,-60,1,hourPillar|minggongBranch|bodyPalaceBranch|soulStar|planetHouses,12.2500,6
서울-2000-06-16-12:24,서울,2000-06-16,12:24,-30,1,planetHouses,6.1333,4
서울-2000-06-16-12:24,서울,2000-06-16,12:24,-15,1,planetHouses,3.0667,2
서울-2000-06-16-12:24,서울,2000-06-16,12:24,-5,1,planetHouses,1.0167,2
서울-2000-06-16-12:24,서울,2000-06-16,12:24,5,0,,1.0333,0
서울-2000-06-16-12:24,서울,2000-06-16,12:24,15,1,planetHouses,3.0833,2
서울-2000-06-16-12:24,서울,2000-06-16,12:24,30,1,ascSign|mcSign|planetHouses,6.1500,5
서울-2000-06-16-12:24,서울,2000-06-16,12:24,60,1,ascSign|mcSign|planetHouses,12.3000,6
서울-2000-06-16-12:24,서울,2000-06-16,12:24,120,1,hourPillar|minggongBranch|bodyPalaceBranch|soulStar|ascSign|mcSign|planetHouses,24.5500,9
서울-2000-06-16-14:38,서울,2000-06-16,14:38,-120,1,hourPillar|minggongBranch|bodyPalaceBranch|soulStar|ascSign|mcSign|planetHouses,24.5333,9
서울-2000-06-16-14:38,서울,2000-06-16,14:38,-60,1,planetHouses,12.2333,4
서울-2000-06-16-14:38,서울,2000-06-16,14:38,-30,1,planetHouses,6.1167,3
서울-2000-06-16-14:38,서울,2000-06-16,14:38,-15,1,planetHouses,3.0500,1
서울-2000-06-16-14:38,서울,2000-06-16,14:38,-5,0,,1.0167,0
서울-2000-06-16-14:38,서울,2000-06-16,14:38,5,0,,1.0167,0
서울-2000-06-16-14:38,서울,2000-06-16,14:38,15,1,planetHouses,3.0500,2
서울-2000-06-16-14:38,서울,2000-06-16,14:38,30,1,mcSign|planetHouses,6.0833,5
서울-2000-06-16-14:38,서울,2000-06-16,14:38,60,1,hourPillar|minggongBranch|bodyPalaceBranch|soulStar|ascSign|mcSign|planetHouses,12.1500,8
서울-2000-06-16-14:38,서울,2000-06-16,14:38,120,1,hourPillar|minggongBranch|bodyPalaceBranch|soulStar|ascSign|mcSign|planetHouses,24.2167,11
서울-2000-06-16-16:52,서울,2000-06-16,16:52,-120,1,hourPillar|minggongBranch|bodyPalaceBranch|soulStar|ascSign|mcSign|planetHouses,24.1833,9
서울-2000-06-16-16:52,서울,2000-06-16,16:52,-60,1,planetHouses,12.0667,3
서울-2000-06-16-16:52,서울,2000-06-16,16:52,-30,1,planetHouses,6.0333,2
서울-2000-06-16-16:52,서울,2000-06-16,16:52,-15,0,,3.0167,0
서울-2000-06-16-16:52,서울,2000-06-16,16:52,-5,0,,1.0000,0
서울-2000-06-16-16:52,서울,2000-06-16,16:52,5,1,planetHouses,1.0000,1
서울-2000-06-16-16:52,서울,2000-06-16,16:52,15,1,mcSign|planetHouses,3.0167,1
서울-2000-06-16-16:52,서울,2000-06-16,16:52,30,1,mcSign|planetHouses,6.0333,3
서울-2000-06-16-16:52,서울,2000-06-16,16:52,60,1,hourPillar|minggongBranch|bodyPalaceBranch|soulStar|ascSign|mcSign|planetHouses,12.1167,9
서울-2000-06-16-16:52,서울,2000-06-16,16:52,120,1,hourPillar|minggongBranch|bodyPalaceBranch|soulStar|ascSign|mcSign|planetHouses,24.5000,11
서울-2000-06-16-18:06,서울,2000-06-16,18:06,-120,1,hourPillar|minggongBranch|bodyPalaceBranch|soulStar|ascSign|mcSign|planetHouses,24.2167,12
서울-2000-06-16-18:06,서울,2000-06-16,18:06,-60,1,hourPillar|minggongBranch|bodyPalaceBranch|soulStar|ascSign|planetHouses,12.1500,8
서울-2000-06-16-18:06,서울,2000-06-16,18:06,-30,1,ascSign|planetHouses,6.1000,2
서울-2000-06-16-18:06,서울,2000-06-16,18:06,-15,0,,3.0500,0
서울-2000-06-16-18:06,서울,2000-06-16,18:06,-5,0,,1.0167,0
서울-2000-06-16-18:06,서울,2000-06-16,18:06,5,0,,1.0333,0
서울-2000-06-16-18:06,서울,2000-06-16,18:06,15,0,,3.0833,0
서울-2000-06-16-18:06,서울,2000-06-16,18:06,30,0,,6.1833,0
서울-2000-06-16-18:06,서울,2000-06-16,18:06,60,1,mcSign|planetHouses,12.4833,4
서울-2000-06-16-18:06,서울,2000-06-16,18:06,120,1,hourPillar|minggongBranch|bodyPalaceBranch|soulStar|mcSign|planetHouses,25.6833,10
서울-2000-06-16-20:20,서울,2000-06-16,20:20,-120,1,hourPillar|minggongBranch|bodyPalaceBranch|soulStar|ascSign|mcSign|planetHouses,26.0333,12
서울-2000-06-16-20:20,서울,2000-06-16,20:20,-60,1,hourPillar|minggongBranch|bodyPalaceBranch|soulStar|ascSign|planetHouses,13.4333,8
서울-2000-06-16-20:20,서울,2000-06-16,20:20,-30,1,ascSign|planetHouses,6.8500,5
서울-2000-06-16-20:20,서울,2000-06-16,20:20,-15,1,ascSign|planetHouses,3.4500,3
서울-2000-06-16-20:20,서울,2000-06-16,20:20,-5,1,planetHouses,1.1500,1
서울-2000-06-16-20:20,서울,2000-06-16,20:20,5,0,,1.1833,0
서울-2000-06-16-20:20,서울,2000-06-16,20:20,15,0,,3.5667,0
서울-2000-06-16-20:20,서울,2000-06-16,20:20,30,1,mcSign|planetHouses,7.2167,1
서울-2000-06-16-20:20,서울,2000-06-16,20:20,60,1,mcSign|planetHouses,14.8500,4
서울-2000-06-16-20:20,서울,2000-06-16,20:20,120,1,hourPillar|minggongBranch|bodyPalaceBranch|soulStar|ascSign|mcSign|planetHouses,31.9000,11
서울-2000-06-16-22:34,서울,2000-06-16,22:34,-120,1,hourPillar|minggongBranch|bodyPalaceBranch|soulStar|ascSign|mcSign|planetHouses,32.9500,12
서울-2000-06-16-22:34,서울,2000-06-16,22:34,-60,1,ascSign|planetHouses,17.6667,7
서울-2000-06-16-22:34,서울,2000-06-16,22:34,-30,1,ascSign|planetHouses,9.1833,3
서울-2000-06-16-22:34,서울,2000-06-16,22:34,-15,1,planetHouses,4.6833,3
서울-2000-06-16-22:34,서울,2000-06-16,22:34,-5,1,planetHouses,1.5833,1
서울-2000-06-16-22:34,서울,2000-06-16,22:34,5,0,,1.6167,0
서울-2000-06-16-22:34,서울,2000-06-16,22:34,15,1,mcSign|planetHouses,4.8833,1
서울-2000-06-16-22:34,서울,2000-06-16,22:34,30,1,mcSign|planetHouses,9.9833,3
서울-2000-06-16-22:34,서울,2000-06-16,22:34,60,1,hourPillar|minggongBranch|bodyPalaceBranch|soulStar|mcSign|planetHouses,20.7667,9
서울-2000-06-16-22:34,서울,2000-06-16,22:34,120,1,dayPillar|hourPillar|minggongBranch|bodyPalaceBranch|soulStar|ascSign|mcSign|planetHouses,44.3500,12
서울-2000-07-23-00:00,서울,2000-07-23,00:00,-120,1,hourPillar|minggongBranch|bodyPalaceBranch|soulStar|ascSign|mcSign|planetHouses,47.5500,12
서울-2000-07-23-00:00,서울,2000-07-23,00:00,-60,1,hourPillar|minggongBranch|bodyPalaceBranch|soulStar|ascSign|planetHouses,23.0833,6
서울-2000-07-23-00:00,서울,2000-07-23,00:00,-30,1,hourPillar|minggongBranch|bodyPalaceBranch|soulStar|ascSign|planetHouses,11.2167,3
서울-2000-07-23-00:00,서울,2000-07-23,00:00,-15,1,ascSign|planetHouses,5.5167,1
서울-2000-07-23-00:00,서울,2000-07-23,00:00,-5,0,,1.8167,0
서울-2000-07-23-00:00,서울,2000-07-23,00:00,5,0,,1.8000,0
서울-2000-07-23-00:00,서울,2000-07-23,00:00,15,1,planetHouses,5.3167,4
서울-2000-07-23-00:00,서울,2000-07-23,00:00,30,1,planetHouses,10.4333,5
서울-2000-07-23-00:00,서울,2000-07-23,00:00,60,1,dayPillar|mcSign|planetHouses,20.0500,9
서울-2000-07-23-00:00,서울,2000-07-23,00:00,120,1,dayPillar|hourPillar|minggongBranch|bodyPalaceBranch|soulStar|ascSign|mcSign|planetHouses,37.1333,12
서울-2000-07-23-02:14,서울,2000-07-23,02:14,-120,1,dayPillar|hourPillar|minggongBranch|bodyPalaceBranch|soulStar|ascSign|mcSign|planetHouses,35.8000,12
서울-2000-07-23-02:14,서울,2000-07-23,02:14,-60,1,hourPillar|minggongBranch|bodyPalaceBranch|soulStar|ascSign|planetHouses,16.4833,7
서울-2000-07-23-02:14,서울,2000-07-23,02:14,-30,1,planetHouses,7.9333,5
서울-2000-07-23-02:14,서울,2000-07-23,02:14,-15,0,,3.9000,0
서울-2000-07-23-02:14,서울,2000-07-23,02:14,-5,0,,1.2833,0
서울-2000-07-23-02:14,서울,2000-07-23,02:14,5,1,planetHouses,1.2667,1
서울-2000-07-23-02:14,서울,2000-07-23,02:14,15,1,planetHouses,3.7667,2
서울-2000-07-23-02:14,서울,2000-07-23,02:14,30,1,mcSign|planetHouses,7.4333,3
서울-2000-07-23-02:14,서울,2000-07-23,02:14,60,1,ascSign|mcSign|planetHouses,14.4833,5
서울-2000-07-23-02:14,서울,2000-07-23,02:14,120,1,hourPillar|minggongBranch|bodyPalaceBranch|soulStar|ascSign|mcSign|planetHouses,27.6833,11
서울-2000-07-23-04:28,서울,2000-07-23,04:28,-120,1,hourPillar|minggongBranch|bodyPalaceBranch|soulStar|ascSign|mcSign|planetHouses,27.1167,12
서울-2000-07-23-04:28,서울,2000-07-23,04:28,-60,1,hourPillar|minggongBranch|bodyPalaceBranch|soulStar|planetHouses,13.0000,7
서울-2000-07-23-04:28,서울,2000-07-23,04:28,-30,1,planetHouses,6.4000,3
서울-2000-07-23-04:28,서울,2000-07-23,04:28,-15,1,planetHouses,3.1833,2
서울-2000-07-23-04:28,서울,2000-07-23,04:28,-5,0,,1.0500,0
서울-2000-07-23-04:28,서울,2000-07-23,04:28,5,1,mcSign,1.0500,0
서울-2000-07-23-04:28,서울,2000-07-23,04:28,15,1,mcSign,3.1333,0
서울-2000-07-23-04:28,서울,2000-07-23,04:28,30,1,mcSign|planetHouses,6.2500,1
서울-2000-07-23-04:28,서울,2000-07-23,04:28,60,1,mcSign|planetHouses,12.3833,6
서울-2000-07-23-04:28,서울,2000-07-23,04:28,120,1,hourPillar|minggongBranch|bodyPalaceBranch|soulStar|ascSign|mcSign|planetHouses,24.5000,10
서울-2000-07-23-06:42,서울,2000-07-23,06:42,-120,1,hourPillar|minggongBranch|bodyPalaceBranch|soulStar|ascSign|mcSign|planetHouses,24.3833,12
서울-2000-07-23-06:42,서울,2000-07-23,06:42,-60,1,mcSign|planetHouses,12.0833,6
서울-2000-07-23-06:42,서울,2000-07-23,06:42,-30,1,mcSign|planetHouses,6.0333,4
서울-2000-07-23-06:42,서울,2000-07-23,06:42,-15,1,planetHouses,3.0167,3
서울-2000-07-23-06:42,서울,2000-07-23,06:42,-5,1,planetHouses,1.0000,1
서울-2000-07-23-06:42,서울,2000-07-23,06:42,5,0,,1.0000,0
서울-2000-07-23-06:42,서울,2000-07-23,06:42,15,0,,3.0167,0
서울-2000-07-23-06:42,서울,2000-07-23,06:42,30,1,planetHouses,6.0333,1
서울-2000-07-23-06:42,서울,2000-07-23,06:42,60,1,hourPillar|minggongBranch|bodyPalaceBranch|soulStar|planetHouses,12.0667,5
서울-2000-07-23-06:42,서울,2000-07-23,06:42,120,1,hourPillar|minggongBranch|bodyPalaceBranch|soulStar|ascSign|mcSign|planetHouses,24.2167,9
서울-2000-07-23-08:56,서울,2000-07-23,08:56,-120,1,hourPillar|minggongBranch|bodyPalaceBranch|soulStar|ascSign|mcSign|planetHouses,24.2500,11
서울-2000-07-23-08:56,서울,2000-07-23,08:56,-60,1,ascSign|mcSign|planetHouses,12.1667,5
서울-2000-07-23-08:56,서울,2000-07-23,08:56,-30,1,planetHouses,6.1000,3
서울-2000-07-23-08:56,서울,2000-07-23,08:56,-15,1,planetHouses,3.0500,2
서울-2000-07-23-08:56,서울,2000-07-23,08:56,-5,1,planetHouses,1.0167,1
서울-2000-07-23-08:56,서울,2000-07-23,08:56,5,0,,1.0167,0
서울-2000-07-23-08:56,서울,2000-07-23,08:56,15,1,planetHouses,3.0500,1
서울-2000-07-23-08:56,서울,2000-07-23,08:56,30,1,planetHouses,6.1167,3
서울-2000-07-23-08:56,서울,2000-07-23,08:56,60,1,hourPillar|minggongBranch|bodyPalaceBranch|soulStar|planetHouses,12.2500,6
서울-2000-07-23-08:56,서울,2000-07-23,08:56,120,1,hourPillar|minggongBranch|bodyPalaceBranch|soulStar|ascSign|mcSign|planetHouses,24.5500,9
서울-2000-07-23-10:10,서울,2000-07-23,10:10,-120,1,hourPillar|minggongBranch|bodyPalaceBranch|soulStar|mcSign|planetHouses,24.4500,11
서울-2000-07-23-10:10,서울,2000-07-23,10:10,-60,1,hourPillar|minggongBranch|bodyPalaceBranch|soulStar|planetHouses,12.2667,5
서울-2000-07-23-10:10,서울,2000-07-23,10:10,-30,1,planetHouses,6.1333,3
서울-2000-07-23-10:10,서울,2000-07-23,10:10,-15,0,,3.0667,0
서울-2000-07-23-10:10,서울,2000-07-23,10:10,-5,0,,1.0167,0
서울-2000-07-23-10:10,서울,2000-07-23,10:10,5,0,,1.0333,0
서울-2000-07-23-10:10,서울,2000-07-23,10:10,15,1,planetHouses,3.0833,1
서울-2000-07-23-10:10,서울,2000-07-23,10:10,30,1,ascSign|mcSign|planetHouses,6.1500,3
서울-2000-07-23-10:10,서울,2000-07-23,10:10,60,1,ascSign|mcSign|planetHouses,12.3000,5
서울-2000-07-23-10:10,서울,2000-07-23,10:10,120,1,hourPillar|minggongBranch|bodyPalaceBranch|soulStar|ascSign|mcSign|planetHouses,24.5333,9
서울-2000-07-23-12:24,서울,2000-07-23,12:24,-120,1,hourPillar|minggongBranch|bodyPalaceBranch|soulStar|ascSign|mcSign|planetHouses,24.5167,11
서울-2000-07-23-12:24,서울,2000-07-23,12:24,-60,1,hourPillar|minggongBranch|bodyPalaceBranch|soulStar|planetHouses,12.2167,6
서울-2000-07-23-12:24,서울,2000-07-23,12:24,-30,1,planetHouses,6.1000,3
서울-2000-07-23-12:24,서울,2000-07-23,12:24,-15,1,planetHouses,3.0500,3
서울-2000-07-23-12:24,서울,2000-07-23,12:24,-5,0,,1.0167,0
서울-2000-07-23-12:24,서울,2000-07-23,12:24,5,0,,1.0167,0
서울-2000-07-23-12:24,서울,2000-07-23,12:24,15,1,mcSign|planetHouses,3.0333,1
서울-2000-07-23-12:24,서울,2000-07-23,12:24,30,1,mcSign|planetHouses,6.0833,1
서울-2000-07-23-12:24,서울,2000-07-23,12:24,60,1,ascSign|mcSign|planetHouses,12.1333,4
서울-2000-07-23-12:24,서울,2000-07-23,12:24,120,1,hourPillar|minggongBranch|bodyPalaceBranch|soulStar|ascSign|mcSign|planetHouses,24.2000,9
서울-2000-07-23-14:38,서울,2000-07-23,14:38,-120,1,hourPillar|minggongBranch|bodyPalaceBranch|soulStar|ascSign|mcSign|planetHouses,24.1667,12
서울-2000-07-23-14:38,서울,2000-07-23,14:38,-60,1,mcSign|planetHouses,12.0500,6
서울-2000-07-23-14:38,서울,2000-07-23,14:38,-30,1,mcSign|planetHouses,6.0167,3
서울-2000-07-23-14:38,서울,2000-07-23,14:38,-15,1,mcSign|planetHouses,3.0000,3
서울-2000-07-23-14:38,서울,2000-07-23,14:38,-5,1,mcSign|planetHouses,1.0000,3
서울-2000-07-23-14:38,서울,2000-07-23,14:38,5,0,,1.0167,0
서울-2000-07-23-14:38,서울,2000-07-23,14:38,15,0,,3.0333,0
서울-2000-07-23-14:38,서울,2000-07-23,14:38,30,1,planetHouses,6.0667,1
서울-2000-07-23-14:38,서울,2000-07-23,14:38,60,1,hourPillar|minggongBranch|bodyPalaceBranch|soulStar|ascSign|planetHouses,12.1500,4
서울-2000-07-23-14:38,서울,2000-07-23,14:38,120,1,hourPillar|minggongBranch|bodyPalaceBranch|soulStar|ascSign|mcSign|planetHouses,24.6167,9
서울-2000-07-23-16:52,서울,2000-07-23,16:52,-120,1,hourPillar|minggongBranch|bodyPalaceBranch|soulStar|ascSign|mcSign|planetHouses,24.7833,9
서울-2000-07-23-16:52,서울,2000-07-23,16:52,-60,1,mcSign|planetHouses,12.6000,3
서울-2000-07-23-16:52,서울,2000-07-23,16:52,-30,1,mcSign,6.3667,0
서울-2000-07-23-16:52,서울,2000-07-23,16:52,-15,0,,3.2000,0
서울-2000-07-23-16:52,서울,2000-07-23,16:52,-5,0,,1.0833,0
서울-2000-07-23-16:52,서울,2000-07-23,16:52,5,1,planetHouses,1.0667,1
서울-2000-07-23-16:52,서울,2000-07-23,16:52,15,1,planetHouses,3.2500,4
서울-2000-07-23-16:52,서울,2000-07-23,16:52,30,1,planetHouses,6.5667,5
서울-2000-07-23-16:52,서울,2000-07-23,16:52,60,1,hourPillar|minggongBranch|bodyPalaceBranch|soulStar|ascSign|planetHouses,13.3833,9
서울-2000-07-23-16:52,서울,2000-07-23,16:52,120,1,hourPillar|minggongBranch|bodyPalaceBranch|soulStar|ascSign|mcSign|planetHouses,28.1500,12
서울-2000-07-23-18:06,서울,2000-07-23,18:06,-120,1,hourPillar|minggongBranch|bodyPalaceBranch|soulStar|ascSign|mcSign|planetHouses,26.3833,12
서울-2000-07-23-18:06,서울,2000-07-23,18:06,-60,1,hourPillar|minggongBranch|bodyPalaceBranch|soulStar|ascSign|planetHouses,13.6500,6
서울-2000-07-23-18:06,서울,2000-07-23,18:06,-30,1,ascSign|planetHouses,6.9833,3
서울-2000-07-23-18:06,서울,2000-07-23,18:06,-15,1,planetHouses,3.5333,1
서울-2000-07-23-18:06,서울,2000-07-23,18:06,-5,1,planetHouses,1.1833,1
서울-2000-07-23-18:06,서울,2000-07-23,18:06,5,0,,1.2000,0
서울-2000-07-23-18:06,서울,2000-07-23,18:06,15,1,mcSign,3.6333,0
서울-2000-07-23-18:06,서울,2000-07-23,18:06,30,1,mcSign|planetHouses,7.3667,3
서울-2000-07-23-18:06,서울,2000-07-23,18:06,60,1,mcSign|planetHouses,15.2000,4
서울-2000-07-23-18:06,서울,2000-07-23,18:06,120,1,hourPillar|minggongBranch|bodyPalaceBranch|soulStar|ascSign|mcSign|planetHouses,32.7500,11
서울-2000-07-23-20:20,서울,2000-07-23,20:20,-120,1,hourPillar|minggongBranch|bodyPalaceBranch|soulStar|ascSign|mcSign|planetHouses,33.9000,11
서울-2000-07-23-20:20,서울,2000-07-23,20:20,-60,1,hourPillar|minggongBranch|bodyPalaceBranch|soulStar|ascSign|mcSign|planetHouses,18.2333,9
서울-2000-07-23-20:20,서울,2000-07-23,20:20,-30,1,mcSign|planetHouses,9.4833,3
서울-2000-07-23-20:20,서울,2000-07-23,20:20,-15,1,mcSign|planetHouses,4.8500,2
서울-2000-07-23-20:20,서울,2000-07-23,20:20,-5,1,mcSign,1.6500,0
서울-2000-07-23-20:20,서울,2000-07-23,20:20,5,1,planetHouses,1.6500,1
서울-2000-07-23-20:20,서울,2000-07-23,20:20,15,1,planetHouses,5.0333,1
서울-2000-07-23-20:20,서울,2000-07-23,20:20,30,1,planetHouses,10.2833,3
서울-2000-07-23-20:20,서울,2000-07-23,20:20,60,1,ascSign|planetHouses,21.3667,7
서울-2000-07-23-20:20,서울,2000-07-23,20:20,120,1,hourPillar|minggongBranch|bodyPalaceBranch|soulStar|ascSign|planetHouses,45.3167,12
서울-2000-07-23-22:34,서울,2000-07-23,22:34,-120,1,hourPillar|minggongBranch|bodyPalaceBranch|soulStar|ascSign|mcSign|planetHouses,46.3667,12
서울-2000-07-23-22:34,서울,2000-07-23,22:34,-60,1,ascSign|mcSign|planetHouses,24.2667,8
서울-2000-07-23-22:34,서울,2000-07-23,22:34,-30,1,ascSign|mcSign|planetHouses,12.2667,4
서울-2000-07-23-22:34,서울,2000-07-23,22:34,-15,1,ascSign|mcSign|planetHouses,6.1500,3
서울-2000-07-23-22:34,서울,2000-07-23,22:34,-5,1,planetHouses,2.0500,2
서울-2000-07-23-22:34,서울,2000-07-23,22:34,5,1,planetHouses,2.0500,2
서울-2000-07-23-22:34,서울,2000-07-23,22:34,15,1,planetHouses,6.1167,2
서울-2000-07-23-22:34,서울,2000-07-23,22:34,30,1,planetHouses,12.1667,3
서울-2000-07-23-22:34,서울,2000-07-23,22:34,60,1,hourPillar|minggongBranch|bodyPalaceBranch|soulStar|planetHouses,23.8833,7
서울-2000-07-23-22:34,서울,2000-07-23,22:34,120,1,dayPillar|hourPillar|minggongBranch|bodyPalaceBranch|soulStar|ascSign|planetHouses,45.1167,12
서울-2000-08-03-00:00,서울,2000-08-03,00:00,-120,1,hourPillar|minggongBranch|bodyPalaceBranch|soulStar|ascSign|mcSign|planetHouses,44.6667,12
서울-2000-08-03-00:00,서울,2000-08-03,00:00,-60,1,hourPillar|minggongBranch|bodyPalaceBranch|soulStar|ascSign|mcSign|planetHouses,20.9500,9
서울-2000-08-03-00:00,서울,2000-08-03,00:00,-30,1,hourPillar|minggongBranch|bodyPalaceBranch|soulStar|mcSign|planetHouses,10.0833,3
서울-2000-08-03-00:00,서울,2000-08-03,00:00,-15,1,mcSign|planetHouses,4.9333,2
서울-2000-08-03-00:00,서울,2000-08-03,00:00,-5,1,planetHouses,1.6333,1
서울-2000-08-03-00:00,서울,2000-08-03,00:00,5,0,,1.6000,0
서울-2000-08-03-00:00,서울,2000-08-03,00:00,15,0,,4.7333,0
서울-2000-08-03-00:00,서울,2000-08-03,00:00,30,1,planetHouses,9.2667,1
서울-2000-08-03-00:00,서울,2000-08-03,00:00,60,1,dayPillar|ascSign|planetHouses,17.8333,5
서울-2000-08-03-00:00,서울,2000-08-03,00:00,120,1,dayPillar|hourPillar|minggongBranch|bodyPalaceBranch|soulStar|ascSign|mcSign|planetHouses,33.2333,12
서울-2000-08-03-02:14,서울,2000-08-03,02:14,-120,1,dayPillar|hourPillar|minggongBranch|bodyPalaceBranch|soulStar|ascSign|mcSign|planetHouses,32.1500,12
서울-2000-08-03-02:14,서울,2000-08-03,02:14,-60,1,hourPillar|minggongBranch|bodyPalaceBranch|soulStar|mcSign|planetHouses,14.9500,3
서울-2000-08-03-02:14,서울,2000-08-03,02:14,-30,1,mcSign|planetHouses,7.2500,1
서울-2000-08-03-02:14,서울,2000-08-03,02:14,-15,0,,3.5667,0
서울-2000-08-03-02:14,서울,2000-08-03,02:14,-5,0,,1.1667,0
서울-2000-08-03-02:14,서울,2000-08-03,02:14,5,0,,1.1833,0
서울-2000-08-03-02:14,서울,2000-08-03,02:14,15,1,ascSign|planetHouses,3.5000,1
서울-2000-08-03-02:14,서울,2000-08-03,02:14,30,1,ascSign|planetHouses,6.9000,4
서울-2000-08-03-02:14,서울,2000-08-03,02:14,60,1,ascSign|planetHouses,13.5167,7
서울-2000-08-03-02:14,서울,2000-08-03,02:14,120,1,hourPillar|minggongBranch|bodyPalaceBranch|soulStar|ascSign|mcSign|planetHouses,26.1667,12
서울-2000-08-03-04:28,서울,2000-08-03,04:28,-120,1,hourPillar|minggongBranch|bodyPalaceBranch|soulStar|mcSign|planetHouses,25.7667,12
서울-2000-08-03-04:28,서울,2000-08-03,04:28,-60,1,hourPillar|minggongBranch|bodyPalaceBranch|soulStar|mcSign|planetHouses,12.5167,6
서울-2000-08-03-04:28,서울,2000-08-03,04:28,-30,1,planetHouses,6.1833,4
서울-2000-08-03-04:28,서울,2000-08-03,04:28,-15,1,planetHouses,3.0833,2
서울-2000-08-03-04:28,서울,2000-08-03,04:28,-5,0,,1.0167,0
서울-2000-08-03-04:28,서울,2000-08-03,04:28,5,0,,1.0333,0
서울-2000-08-03-04:28,서울,2000-08-03,04:28,15,1,planetHouses,3.0667,1
서울-2000-08-03-04:28,서울,2000-08-03,04:28,30,1,ascSign|planetHouses,6.1167,2
서울-2000-08-03-04:28,서울,2000-08-03,04:28,60,1,ascSign|planetHouses,12.1667,6
서울-2000-08-03-04:28,서울,2000-08-03,04:28,120,1,hourPillar|minggongBranch|bodyPalaceBranch|soulStar|ascSign|mcSign|planetHouses,24.2333,9
서울-2000-08-03-06:42,서울,2000-08-03,06:42,-120,1,hourPillar|minggongBranch|bodyPalaceBranch|soulStar|ascSign|mcSign|planetHouses,24.1833,12
서울-2000-08-03-06:42,서울,2000-08-03,06:42,-60,1,planetHouses,12.0667,6
서울-2000-08-03-06:42,서울,2000-08-03,06:42,-30,1,planetHouses,6.0333,4
서울-2000-08-03-06:42,서울,2000-08-03,06:42,-15,1,planetHouses,3.0167,3
서울-2000-08-03-06:42,서울,2000-08-03,06:42,-5,1,planetHouses,1.0000,2
서울-2000-08-03-06:42,서울,2000-08-03,06:42,5,0,,1.0000,0
서울-2000-08-03-06:42,서울,2000-08-03,06:42,15,1,planetHouses,3.0167,1
서울-2000-08-03-06:42,서울,2000-08-03,06:42,30,1,planetHouses,6.0500,2
서울-2000-08-03-06:42,서울,2000-08-03,06:42,60,1,hourPillar|minggongBranch|bodyPalaceBranch|soulStar|ascSign|mcSign|planetHouses,12.1167,5
서울-2000-08-03-06:42,서울,2000-08-03,06:42,120,1,hourPillar|minggongBranch|bodyPalaceBranch|soulStar|ascSign|mcSign|planetHouses,24.3333,9
서울-2000-08-03-08:56,서울,2000-08-03,08:56,-120,1,hourPillar|minggongBranch|bodyPalaceBranch|soulStar|ascSign|mcSign|planetHouses,24.3833,8
서울-2000-08-03-08:56,서울,2000-08-03,08:56,-60,1,planetHouses,12.2333,4
서울-2000-08-03-08:56,서울,2000-08-03,08:56,-30,1,planetHouses,6.1333,1
서울-2000-08-03-08:56,서울,2000-08-03,08:56,-15,0,,3.0667,0
서울-2000-08-03-08:56,서울,2000-08-03,08:56,-5,0,,1.0333,0
서울-2000-08-03-08:56,서울,2000-08-03,08:56,5,1,planetHouses,1.0167,2
서울-2000-08-03-08:56,서울,2000-08-03,08:56,15,1,planetHouses,3.0667,5
서울-2000-08-03-08:56,서울,2000-08-03,08:56,30,1,planetHouses,6.1333,5
서울-2000-08-03-08:56,서울,2000-08-03,08:56,60,1,hourPillar|minggongBranch|bodyPalaceBranch|soulStar|ascSign|mcSign|planetHouses,12.2833,8
서울-2000-08-03-08:56,서울,2000-08-03,08:56,120,1,hourPillar|minggongBranch|bodyPalaceBranch|soulStar|ascSign|mcSign|planetHouses,24.5500,12
서울-2000-08-03-10:10,서울,2000-08-03,10:10,-120,1,hourPillar|minggongBranch|bodyPalaceBranch|soulStar|ascSign|mcSign|planetHouses,24.5500,10
서울-2000-08-03-10:10,서울,2000-08-03,10:10,-60,1,hourPillar|minggongBranch|bodyPalaceBranch|soulStar|ascSign|mcSign|planetHouses,12.2833,3
서울-2000-08-03-10:10,서울,2000-08-03,10:10,-30,1,ascSign|mcSign|planetHouses,6.1500,2
서울-2000-08-03-10:10,서울,2000-08-03,10:10,-15,1,planetHouses,3.0667,1
서울-2000-08-03-10:10,서울,2000-08-03,10:10,-5,0,,1.0167,0
서울-2000-08-03-10:10,서울,2000-08-03,10:10,5,0,,1.0167,0
서울-2000-08-03-10:10,서울,2000-08-03,10:10,15,1,planetHouses,3.0667,1
서울-2000-08-03-10:10,서울,2000-08-03,10:10,30,1,planetHouses,6.1333,2
서울-2000-08-03-10:10,서울,2000-08-03,10:10,60,1,planetHouses,12.2667,5
서울-2000-08-03-10:10,서울,2000-08-03,10:10,120,1,hourPillar|minggongBranch|bodyPalaceBranch|soulStar|mcSign|planetHouses,24.4333,10
서울-2000-08-03-12:24,서울,2000-08-03,12:24,-120,1,hourPillar|minggongBranch|bodyPalaceBranch|soulStar|ascSign|mcSign|planetHouses,24.4000,11
서울-2000-08-03-12:24,서울,2000-08-03,12:24,-60,1,hourPillar|minggongBranch|bodyPalaceBranch|soulStar|ascSign|mcSign|planetHouses,12.1500,6
서울-2000-08-03-12:24,서울,2000-08-03,12:24,-30,1,ascSign|planetHouses,6.0667,3
서울-2000-08-03-12:24,서울,2000-08-03,12:24,-15,1,ascSign|planetHouses,3.0333,2
서울-2000-08-03-12:24,서울,2000-08-03,12:24,-5,0,,1.0000,0
서울-2000-08-03-12:24,서울,2000-08-03,12:24,5,0,,1.0167,0
서울-2000-08-03-12:24,서울,2000-08-03,12:24,15,1,planetHouses,3.0333,1
서울-2000-08-03-12:24,서울,2000-08-03,12:24,30,1,planetHouses,6.0500,2
서울-2000-08-03-12:24,서울,2000-08-03,12:24,60,1,planetHouses,12.0833,5
서울-2000-08-03-12:24,서울,2000-08-03,12:24,120,1,hourPillar|minggongBranch|bodyPalaceBranch|soulStar|mcSign|planetHouses,24.1500,10
서울-2000-08-03-14:38,서울,2000-08-03,14:38,-120,1,hourPillar|minggongBranch|bodyPalaceBranch|soulStar|mcSign|planetHouses,24.1833,11
서울-2000-08-03-14:38,서울,2000-08-03,14:38,-60,1,mcSign|planetHouses,12.1167,5
서울-2000-08-03-14:38,서울,2000-08-03,14:38,-30,1,planetHouses,6.0667,2
서울-2000-08-03-14:38,서울,2000-08-03,14:38,-15,1,planetHouses,3.0500,1
서울-2000-08-03-14:38,서울,2000-08-03,14:38,-5,1,planetHouses,1.0167,1
서울-2000-08-03-14:38,서울,2000-08-03,14:38,5,1,ascSign|planetHouses,1.0167,1
서울-2000-08-03-14:38,서울,2000-08-03,14:38,15,1,ascSign|planetHouses,3.0500,1
서울-2000-08-03-14:38,서울,2000-08-03,14:38,30,1,ascSign|planetHouses,6.1167,2
서울-2000-08-03-14:38,서울,2000-08-03,14:38,60,1,hourPillar|minggongBranch|bodyPalaceBranch|soulStar|ascSign|planetHouses,12.3333,6
서울-2000-08-03-14:38,서울,2000-08-03,14:38,120,1,hourPillar|minggongBranch|bodyPalaceBranch|soulStar|ascSign|mcSign|planetHouses,25.2667,10
서울-2000-08-03-16:52,서울,2000-08-03,16:52,-120,1,hourPillar|minggongBranch|bodyPalaceBranch|soulStar|mcSign|planetHouses,25.5500,11
서울-2000-08-03-16:52,서울,2000-08-03,16:52,-60,1,planetHouses,13.1167,6
서울-2000-08-03-16:52,서울,2000-08-03,16:52,-30,1,planetHouses,6.6667,2
서울-2000-08-03-16:52,서울,2000-08-03,16:52,-15,1,planetHouses,3.3667,2
서울-2000-08-03-16:52,서울,2000-08-03,16:52,-5,1,planetHouses,1.1333,1
서울-2000-08-03-16:52,서울,2000-08-03,16:52,5,1,planetHouses,1.1500,1
서울-2000-08-03-16:52,서울,2000-08-03,16:52,15,1,ascSign|planetHouses,3.4500,2
서울-2000-08-03-16:52,서울,2000-08-03,16:52,30,1,ascSign|planetHouses,6.9667,3
서울-2000-08-03-16:52,서울,2000-08-03,16:52,60,1,hourPillar|minggongBranch|bodyPalaceBranch|soulStar|ascSign|mcSign|planetHouses,14.3167,5
서울-2000-08-03-16:52,서울,2000-08-03,16:52,120,1,hourPillar|minggongBranch|bodyPalaceBranch|soulStar|ascSign|mcSign|planetHouses,30.5667,11
서울-2000-08-03-18:06,서울,2000-08-03,18:06,-120,1,hourPillar|minggongBranch|bodyPalaceBranch|soulStar|ascSign|mcSign|planetHouses,28.0333,12
서울-2000-08-03-18:06,서울,2000-08-03,18:06,-60,1,hourPillar|minggongBranch|bodyPalaceBranch|soulStar|mcSign|planetHouses,14.6833,5
서울-2000-08-03-18:06,서울,2000-08-03,18:06,-30,1,planetHouses,7.5500,3
서울-2000-08-03-18:06,서울,2000-08-03,18:06,-15,1,planetHouses,3.8333,2
서울-2000-08-03-18:06,서울,2000-08-03,18:06,-5,1,planetHouses,1.2833,1
서울-2000-08-03-18:06,서울,2000-08-03,18:06,5,0,,1.3167,0
서울-2000-08-03-18:06,서울,2000-08-03,18:06,15,0,,3.9833,0
서울-2000-08-03-18:06,서울,2000-08-03,18:06,30,1,planetHouses,8.1000,4
서울-2000-08-03-18:06,서울,2000-08-03,18:06,60,1,ascSign|planetHouses,16.8167,6
서울-2000-08-03-18:06,서울,2000-08-03,18:06,120,1,hourPillar|minggongBranch|bodyPalaceBranch|soulStar|ascSign|mcSign|planetHouses,36.5500,11
서울-2000-08-03-20:20,서울,2000-08-03,20:20,-120,1,hourPillar|minggongBranch|bodyPalaceBranch|soulStar|ascSign|mcSign|planetHouses,37.9000,12
서울-2000-08-03-20:20,서울,2000-08-03,20:20,-60,1,hourPillar|minggongBranch|bodyPalaceBranch|soulStar|mcSign|planetHouses,20.4833,10
서울-2000-08-03-20:20,서울,2000-08-03,20:20,-30,1,planetHouses,10.6500,7
서울-2000-08-03-20:20,서울,2000-08-03,20:20,-15,1,planetHouses,5.4333,5
서울-2000-08-03-20:20,서울,2000-08-03,20:20,-5,1,planetHouses,1.8333,2
서울-2000-08-03-20:20,서울,2000-08-03,20:20,5,0,,1.8500,0
서울-2000-08-03-20:20,서울,2000-08-03,20:20,15,1,ascSign,5.6167,0
서울-2000-08-03-20:20,서울,2000-08-03,20:20,30,1,ascSign|planetHouses,11.4000,1
서울-2000-08-03-20:20,서울,2000-08-03,20:20,60,1,ascSign|planetHouses,23.4000,4
서울-2000-08-03-20:20,서울,2000-08-03,20:20,120,1,hourPillar|minggongBranch|bodyPalaceBranch|soulStar|ascSign|mcSign|planetHouses,47.8333,12
서울-2000-08-03-22:34,서울,2000-08-03,22:34,-120,1,hourPillar|minggongBranch|bodyPalaceBranch|soulStar|ascSign|mcSign|planetHouses,48.1500,12
서울-2000-08-03-22:34,서울,2000-08-03,22:34,-60,1,ascSign|mcSign|planetHouses,24.2833,10
서울-2000-08-03-22:34,서울,2000-08-03,22:34,-30,1,planetHouses,12.0000,2
서울-2000-08-03-22:34,서울,2000-08-03,22:34,-15,1,planetHouses,5.9500,2
서울-2000-08-03-22:34,서울,2000-08-03,22:34,-5,1,planetHouses,1.9667,1
서울-2000-08-03-22:34,서울,2000-08-03,22:34,5,0,,1.9500,0
서울-2000-08-03-22:34,서울,2000-08-03,22:34,15,1,planetHouses,5.8000,1
서울-2000-08-03-22:34,서울,2000-08-03,22:34,30,1,ascSign|planetHouses,11.4333,2
서울-2000-08-03-22:34,서울,2000-08-03,22:34,60,1,hourPillar|minggongBranch|bodyPalaceBranch|soulStar|ascSign|planetHouses,22.1000,8
서울-2000-08-03-22:34,서울,2000-08-03,22:34,120,1,dayPillar|hourPillar|minggongBranch|bodyPalaceBranch|soulStar|ascSign|mcSign|planetHouses,41.0333,12
서울-2000-09-10-00:00,서울,2000-09-10,00:00,-120,1,hourPillar|minggongBranch|bodyPalaceBranch|soulStar|ascSign|mcSign|planetHouses,31.0500,12
서울-2000-09-10-00:00,서울,2000-09-10,00:00,-60,1,hourPillar|minggongBranch|bodyPalaceBranch|soulStar|ascSign|mcSign|planetHouses,14.5167,5
서울-2000-09-10-00:00,서울,2000-09-10,00:00,-30,1,hourPillar|minggongBranch|bodyPalaceBranch|soulStar|ascSign|planetHouses,7.0500,1
서울-2000-09-10-00:00,서울,2000-09-10,00:00,-15,1,ascSign|planetHouses,3.4833,1
서울-2000-09-10-00:00,서울,2000-09-10,00:00,-5,1,ascSign,1.1500,0
서울-2000-09-10-00:00,서울,2000-09-10,00:00,5,1,planetHouses,1.1500,2
서울-2000-09-10-00:00,서울,2000-09-10,00:00,15,1,planetHouses,3.4000,2
서울-2000-09-10-00:00,서울,2000-09-10,00:00,30,1,planetHouses,6.7333,5
서울-2000-09-10-00:00,서울,2000-09-10,00:00,60,1,dayPillar|planetHouses,13.2333,7
서울-2000-09-10-00:00,서울,2000-09-10,00:00,120,1,dayPillar|hourPillar|minggongBranch|bodyPalaceBranch|soulStar|mcSign|planetHouses,25.7333,12
서울-2000-09-10-02:14,서울,2000-09-10,02:14,-120,1,dayPillar|hourPillar|minggongBranch|bodyPalaceBranch|soulStar|mcSign|planetHouses,25.4167,12
서울-2000-09-10-02:14,서울,2000-09-10,02:14,-60,1,hourPillar|minggongBranch|bodyPalaceBranch|soulStar|mcSign|planetHouses,12.4000,5
서울-2000-09-10-02:14,서울,2000-09-10,02:14,-30,1,planetHouses,6.1500,2
서울-2000-09-10-02:14,서울,2000-09-10,02:14,-15,1,planetHouses,3.0667,2
서울-2000-09-10-02:14,서울,2000-09-10,02:14,-5,0,,1.0167,0
서울-2000-09-10-02:14,서울,2000-09-10,02:14,5,1,ascSign,1.0167,0
서울-2000-09-10-02:14,서울,2000-09-10,02:14,15,1,ascSign|planetHouses,3.0500,2
서울-2000-09-10-02:14,서울,2000-09-10,02:14,30,1,ascSign|planetHouses,6.0833,4
서울-2000-09-10-02:14,서울,2000-09-10,02:14,60,1,ascSign|mcSign|planetHouses,12.1167,5
서울-2000-09-10-02:14,서울,2000-09-10,02:14,120,1,hourPillar|minggongBranch|bodyPalaceBranch|soulStar|ascSign|mcSign|planetHouses,24.1833,12
서울-2000-09-10-04:28,서울,2000-09-10,04:28,-120,1,hourPillar|minggongBranch|bodyPalaceBranch|soulStar|mcSign|planetHouses,24.1500,11
서울-2000-09-10-04:28,서울,2000-09-10,04:28,-60,1,hourPillar|minggongBranch|bodyPalaceBranch|soulStar|planetHouses,12.0667,6
서울-2000-09-10-04:28,서울,2000-09-10,04:28,-30,1,planetHouses,6.0333,5
서울-2000-09-10-04:28,서울,2000-09-10,04:28,-15,1,planetHouses,3.0167,2
서울-2000-09-10-04:28,서울,2000-09-10,04:28,-5,1,planetHouses,1.0000,1
서울-2000-09-10-04:28,서울,2000-09-10,04:28,5,0,,1.0167,0
서울-2000-09-10-04:28,서울,2000-09-10,04:28,15,0,,3.0333,0
서울-2000-09-10-04:28,서울,2000-09-10,04:28,30,1,ascSign|planetHouses,6.0667,1
서울-2000-09-10-04:28,서울,2000-09-10,04:28,60,1,ascSign|mcSign|planetHouses,12.1500,3
서울-2000-09-10-04:28,서울,2000-09-10,04:28,120,1,hourPillar|minggongBranch|bodyPalaceBranch|soulStar|ascSign|mcSign|planetHouses,24.3833,11
서울-2000-09-10-06:42,서울,2000-09-10,06:42,-120,1,hourPillar|minggongBranch|bodyPalaceBranch|soulStar|ascSign|mcSign|planetHouses,24.4167,12
서울-2000-09-10-06:42,서울,2000-09-10,06:42,-60,1,planetHouses,12.2500,8
서울-2000-09-10-06:42,서울,2000-09-10,06:42,-30,1,planetHouses,6.1333,4
서울-2000-09-10-06:42,서울,2000-09-10,06:42,-15,1,planetHouses,3.0667,1
서울-2000-09-10-06:42,서울,2000-09-10,06:42,-5,1,planetHouses,1.0333,1
서울-2000-09-10-06:42,서울,2000-09-10,06:42,5,0,,1.0167,0
서울-2000-09-10-06:42,서울,2000-09-10,06:42,15,0,,3.0667,0
서울-2000-09-10-06:42,서울,2000-09-10,06:42,30,0,,6.1500,0
서울-2000-09-10-06:42,서울,2000-09-10,06:42,60,1,hourPillar|minggongBranch|bodyPalaceBranch|soulStar|ascSign|mcSign|planetHouses,12.2833,4
서울-2000-09-10-06:42,서울,2000-09-10,06:42,120,1,hourPillar|minggongBranch|bodyPalaceBranch|soulStar|ascSign|mcSign|planetHouses,24.5500,9
서울-2000-09-10-08:56,서울,2000-09-10,08:56,-120,1,hourPillar|minggongBranch|bodyPalaceBranch|soulStar|ascSign|mcSign|planetHouses,24.5333,12
서울-2000-09-10-08:56,서울,2000-09-10,08:56,-60,1,planetHouses,12.2500,8
서울-2000-09-10-08:56,서울,2000-09-10,08:56,-30,1,planetHouses,6.1167,3
서울-2000-09-10-08:56,서울,2000-09-10,08:56,-15,1,planetHouses,3.0500,3
서울-2000-09-10-08:56,서울,2000-09-10,08:56,-5,1,planetHouses,1.0167,1
서울-2000-09-10-08:56,서울,2000-09-10,08:56,5,0,,1.0167,0
서울-2000-09-10-08:56,서울,2000-09-10,08:56,15,0,,3.0500,0
서울-2000-09-10-08:56,서울,2000-09-10,08:56,30,1,mcSign,6.0833,0
서울-2000-09-10-08:56,서울,2000-09-10,08:56,60,1,hourPillar|minggongBranch|bodyPalaceBranch|soulStar|ascSign|mcSign|planetHouses,12.1500,4
서울-2000-09-10-08:56,서울,2000-09-10,08:56,120,1,hourPillar|minggongBranch|bodyPalaceBranch|soulStar|ascSign|mcSign|planetHouses,24.2333,9
서울-2000-09-10-10:10,서울,2000-09-10,10:10,-120,1,hourPillar|minggongBranch|bodyPalaceBranch|soulStar|ascSign|mcSign|planetHouses,24.3500,12
서울-2000-09-10-10:10,서울,2000-09-10,10:10,-60,1,hourPillar|minggongBranch|bodyPalaceBranch|soulStar|ascSign|mcSign|planetHouses,12.1167,5
서울-2000-09-10-10:10,서울,2000-09-10,10:10,-30,1,ascSign|planetHouses,6.0500,4
서울-2000-09-10-10:10,서울,2000-09-10,10:10,-15,1,planetHouses,3.0167,1
서울-2000-09-10-10:10,서울,2000-09-10,10:10,-5,1,planetHouses,1.0000,1
서울-2000-09-10-10:10,서울,2000-09-10,10:10,5,0,,1.0167,0
서울-2000-09-10-10:10,서울,2000-09-10,10:10,15,1,planetHouses,3.0333,1
서울-2000-09-10-10:10,서울,2000-09-10,10:10,30,1,planetHouses,6.0500,4
서울-2000-09-10-10:10,서울,2000-09-10,10:10,60,1,planetHouses,12.0667,5
서울-2000-09-10-10:10,서울,2000-09-10,10:10,120,1,hourPillar|minggongBranch|bodyPalaceBranch|soulStar|mcSign|planetHouses,24.1833,11
서울-2000-09-10-12:24,서울,2000-09-10,12:24,-120,1,hourPillar|minggongBranch|bodyPalaceBranch|soulStar|ascSign|mcSign|planetHouses,24.2000,12
서울-2000-09-10-12:24,서울,2000-09-10,12:24,-60,1,hourPillar|minggongBranch|bodyPalaceBranch|soulStar|ascSign|planetHouses,12.1500,5
서울-2000-09-10-12:24,서울,2000-09-10,12:24,-30,1,ascSign|planetHouses,6.1000,4
서울-2000-09-10-12:24,서울,2000-09-10,12:24,-15,1,ascSign|planetHouses,3.0500,1
서울-2000-09-10-12:24,서울,2000-09-10,12:24,-5,0,,1.0167,0
서울-2000-09-10-12:24,서울,2000-09-10,12:24,5,0,,1.0167,0
서울-2000-09-10-12:24,서울,2000-09-10,12:24,15,1,planetHouses,3.0667,1
서울-2000-09-10-12:24,서울,2000-09-10,12:24,30,1,planetHouses,6.1667,2
서울-2000-09-10-12:24,서울,2000-09-10,12:24,60,1,mcSign|planetHouses,12.4500,5
서울-2000-09-10-12:24,서울,2000-09-10,12:24,120,1,hourPillar|minggongBranch|bodyPalaceBranch|soulStar|mcSign|planetHouses,25.5833,11
서울-2000-09-10-14:38,서울,2000-09-10,14:38,-120,1,hourPillar|minggongBranch|bodyPalaceBranch|soulStar|ascSign|mcSign|planetHouses,25.9333,12
서울-2000-09-10-14:38,서울,2000-09-10,14:38,-60,1,ascSign|planetHouses,13.3667,6
서울-2000-09-10-14:38,서울,2000-09-10,14:38,-30,1,ascSign|planetHouses,6.8000,4
서울-2000-09-10-14:38,서울,2000-09-10,14:38,-15,1,ascSign|planetHouses,3.4333,3
서울-2000-09-10-14:38,서울,2000-09-10,14:38,-5,1,planetHouses,1.1500,2
서울-2000-09-10-14:38,서울,2000-09-10,14:38,5,1,planetHouses,1.1667,1
서울-2000-09-10-14:38,서울,2000-09-10,14:38,15,1,planetHouses,3.5333,1
서울-2000-09-10-14:38,서울,2000-09-10,14:38,30,1,mcSign|planetHouses,7.1667,2
서울-2000-09-10-14:38,서울,2000-09-10,14:38,60,1,hourPillar|minggongBranch|bodyPalaceBranch|soulStar|mcSign|planetHouses,14.7333,5
서울-2000-09-10-14:38,서울,2000-09-10,14:38,120,1,hourPillar|minggongBranch|bodyPalaceBranch|soulStar|ascSign|mcSign|planetHouses,31.6167,9
서울-2000-09-10-16:52,서울,2000-09-10,16:52,-120,1,hourPillar|minggongBranch|bodyPalaceBranch|soulStar|ascSign|mcSign|planetHouses,32.6500,11
서울-2000-09-10-16:52,서울,2000-09-10,16:52,-60,1,ascSign|planetHouses,17.5000,7
서울-2000-09-10-16:52,서울,2000-09-10,16:52,-30,1,ascSign|planetHouses,9.1000,2
서울-2000-09-10-16:52,서울,2000-09-10,16:52,-15,1,planetHouses,4.6333,2
서울-2000-09-10-16:52,서울,2000-09-10,16:52,-5,0,,1.5667,0
서울-2000-09-10-16:52,서울,2000-09-10,16:52,5,1,planetHouses,1.5833,1
서울-2000-09-10-16:52,서울,2000-09-10,16:52,15,1,mcSign|planetHouses,4.8333,1
서울-2000-09-10-16:52,서울,2000-09-10,16:52,30,1,mcSign|planetHouses,9.8667,2
서울-2000-09-10-16:52,서울,2000-09-10,16:52,60,1,hourPillar|minggongBranch|bodyPalaceBranch|soulStar|mcSign|planetHouses,20.5500,10
서울-2000-09-10-16:52,서울,2000-09-10,16:52,120,1,hourPillar|minggongBranch|bodyPalaceBranch|soulStar|ascSign|mcSign|planetHouses,44.0000,12
서울-2000-09-10-18:06,서울,2000-09-10,18:06,-120,1,hourPillar|minggongBranch|bodyPalaceBranch|soulStar|ascSign|mcSign|planetHouses,39.4500,12
서울-2000-09-10-18:06,서울,2000-09-10,18:06,-60,1,hourPillar|minggongBranch|bodyPalaceBranch|soulStar|ascSign|planetHouses,21.3000,9
서울-2000-09-10-18:06,서울,2000-09-10,18:06,-30,1,ascSign|planetHouses,11.0500,4
서울-2000-09-10-18:06,서울,2000-09-10,18:06,-15,1,ascSign,5.6167,0
서울-2000-09-10-18:06,서울,2000-09-10,18:06,-5,0,,1.9000,0
서울-2000-09-10-18:06,서울,2000-09-10,18:06,5,0,,1.9167,0
서울-2000-09-10-18:06,서울,2000-09-10,18:06,15,1,planetHouses,5.8000,1
서울-2000-09-10-18:06,서울,2000-09-10,18:06,30,1,planetHouses,11.7333,1
서울-2000-09-10-18:06,서울,2000-09-10,18:06,60,1,planetHouses,23.9167,4
서울-2000-09-10-18:06,서울,2000-09-10,18:06,120,1,hourPillar|minggongBranch|bodyPalaceBranch|soulStar|ascSign|mcSign|planetHouses,48.1667,12
서울-2000-09-10-20:20,서울,2000-09-10,20:20,-120,1,hourPillar|minggongBranch|bodyPalaceBranch|soulStar|ascSign|mcSign|planetHouses,48.1667,12
서울-2000-09-10-20:20,서울,2000-09-10,20:20,-60,1,hourPillar|minggongBranch|bodyPalaceBranch|soulStar|planetHouses,23.9167,6
서울-2000-09-10-20:20,서울,2000-09-10,20:20,-30,1,planetHouses,11.7333,1
서울-2000-09-10-20:20,서울,2000-09-10,20:20,-15,0,,5.7833,0
서울-2000-09-10-20:20,서울,2000-09-10,20:20,-5,0,,1.9000,0
서울-2000-09-10-20:20,서울,2000-09-10,20:20,5,1,planetHouses,1.9000,2
서울-2000-09-10-20:20,서울,2000-09-10,20:20,15,1,ascSign|planetHouses,5.6333,2
서울-2000-09-10-20:20,서울,2000-09-10,20:20,30,1,ascSign|planetHouses,11.0667,6
서울-2000-09-10-20:20,서울,2000-09-10,20:20,60,1,ascSign|planetHouses,21.3167,9
서울-2000-09-10-20:20,서울,2000-09-10,20:20,120,1,hourPillar|minggongBranch|bodyPalaceBranch|soulStar|ascSign|mcSign|planetHouses,39.4833,12
서울-2000-09-10-22:34,서울,2000-09-10,22:34,-120,1,hourPillar|minggongBranch|bodyPalaceBranch|soulStar|ascSign|mcSign|planetHouses,38.0500,12
서울-2000-09-10-22:34,서울,2000-09-10,22:34,-60,1,ascSign|planetHouses,17.5000,8
서울-2000-09-10-22:34,서울,2000-09-10,22:34,-30,1,planetHouses,8.4000,5
서울-2000-09-10-22:34,서울,2000-09-10,22:34,-15,1,planetHouses,4.1167,4
서울-2000-09-10-22:34,서울,2000-09-10,22:34,-5,1,planetHouses,1.3500,2
서울-2000-09-10-22:34,서울,2000-09-10,22:34,5,1,planetHouses,1.3500,2
서울-2000-09-10-22:34,서울,2000-09-10,22:34,15,1,planetHouses,3.9833,2
서울-2000-09-10-22:34,서울,2000-09-10,22:34,30,1,planetHouses,7.8167,2
서울-2000-09-10-22:34,서울,2000-09-10,22:34,60,1,hourPillar|minggongBranch|bodyPalaceBranch|soulStar|mcSign|planetHouses,15.1667,5
서울-2000-09-10-22:34,서울,2000-09-10,22:34,120,1,dayPillar|hourPillar|minggongBranch|bodyPalaceBranch|soulStar|ascSign|mcSign|planetHouses,28.8000,12
서울-2000-10-17-00:00,서울,2000-10-17,00:00,-120,1,hourPillar|minggongBranch|bodyPalaceBranch|soulStar|ascSign|mcSign|planetHouses,25.2000,10
서울-2000-10-17-00:00,서울,2000-10-17,00:00,-60,1,hourPillar|minggongBranch|bodyPalaceBranch|soulStar|ascSign|planetHouses,12.3167,4
서울-2000-10-17-00:00,서울,2000-10-17,00:00,-30,1,hourPillar|minggongBranch|bodyPalaceBranch|soulStar|ascSign|planetHouses,6.1167,1
서울-2000-10-17-00:00,서울,2000-10-17,00:00,-15,1,ascSign,3.0500,0
서울-2000-10-17-00:00,서울,2000-10-17,00:00,-5,0,,1.0167,0
서울-2000-10-17-00:00,서울,2000-10-17,00:00,5,1,planetHouses,1.0167,1
서울-2000-10-17-00:00,서울,2000-10-17,00:00,15,1,planetHouses,3.0333,3
서울-2000-10-17-00:00,서울,2000-10-17,00:00,30,1,planetHouses,6.0500,5
서울-2000-10-17-00:00,서울,2000-10-17,00:00,60,1,dayPillar|mcSign|planetHouses,12.1000,6
서울-2000-10-17-00:00,서울,2000-10-17,00:00,120,1,dayPillar|hourPillar|minggongBranch|bodyPalaceBranch|soulStar|mcSign|planetHouses,24.1667,12
서울-2000-10-17-02:14,서울,2000-10-17,02:14,-120,1,dayPillar|hourPillar|minggongBranch|bodyPalaceBranch|soulStar|mcSign|planetHouses,24.1500,10
서울-2000-10-17-02:14,서울,2000-10-17,02:14,-60,1,hourPillar|minggongBranch|bodyPalaceBranch|soulStar|planetHouses,12.0833,5
서울-2000-10-17-02:14,서울,2000-10-17,02:14,-30,1,planetHouses,6.0500,1
서울-2000-10-17-02:14,서울,2000-10-17,02:14,-15,0,,3.0167,0
서울-2000-10-17-02:14,서울,2000-10-17,02:14,-5,0,,1.0000,0
서울-2000-10-17-02:14,서울,2000-10-17,02:14,5,0,,1.0167,0
서울-2000-10-17-02:14,서울,2000-10-17,02:14,15,1,ascSign|planetHouses,3.0333,2
서울-2000-10-17-02:14,서울,2000-10-17,02:14,30,1,ascSign|mcSign|planetHouses,6.0667,4
서울-2000-10-17-02:14,서울,2000-10-17,02:14,60,1,ascSign|mcSign|planetHouses,12.1667,5
서울-2000-10-17-02:14,서울,2000-10-17,02:14,120,1,hourPillar|minggongBranch|bodyPalaceBranch|soulStar|ascSign|mcSign|planetHouses,24.4167,12
서울-2000-10-17-04:28,서울,2000-10-17,04:28,-120,1,hourPillar|minggongBranch|bodyPalaceBranch|soulStar|mcSign|planetHouses,24.4500,11
서울-2000-10-17-04:28,서울,2000-10-17,04:28,-60,1,hourPillar|minggongBranch|bodyPalaceBranch|soulStar|planetHouses,12.2667,5
서울-2000-10-17-04:28,서울,2000-10-17,04:28,-30,1,planetHouses,6.1500,1
서울-2000-10-17-04:28,서울,2000-10-17,04:28,-15,0,,3.0667,0
서울-2000-10-17-04:28,서울,2000-10-17,04:28,-5,0,,1.0333,0
서울-2000-10-17-04:28,서울,2000-10-17,04:28,5,0,,1.0167,0
서울-2000-10-17-04:28,서울,2000-10-17,04:28,15,1,planetHouses,3.0667,1
서울-2000-10-17-04:28,서울,2000-10-17,04:28,30,1,ascSign|mcSign|planetHouses,6.1500,3
서울-2000-10-17-04:28,서울,2000-10-17,04:28,60,1,ascSign|mcSign|planetHouses,12.2833,4
서울-2000-10-17-04:28,서울,2000-10-17,04:28,120,1,hourPillar|minggongBranch|bodyPalaceBranch|soulStar|ascSign|mcSign|planetHouses,24.5333,12
서울-2000-10-17-06:42,서울,2000-10-17,06:42,-120,1,hourPillar|minggongBranch|bodyPalaceBranch|soulStar|ascSign|mcSign|planetHouses,24.5167,11
서울-2000-10-17-06:42,서울,2000-10-17,06:42,-60,1,planetHouses,12.2333,7
서울-2000-10-17-06:42,서울,2000-10-17,06:42,-30,1,planetHouses,6.1000,3
서울-2000-10-17-06:42,서울,2000-10-17,06:42,-15,0,,3.0500,0
서울-2000-10-17-06:42,서울,2000-10-17,06:42,-5,0,,1.0167,0
서울-2000-10-17-06:42,서울,2000-10-17,06:42,5,1,planetHouses,1.0167,1
서울-2000-10-17-06:42,서울,2000-10-17,06:42,15,1,planetHouses,3.0333,1
서울-2000-10-17-06:42,서울,2000-10-17,06:42,30,1,mcSign|planetHouses,6.0833,2
서울-2000-10-17-06:42,서울,2000-10-17,06:42,60,1,hourPillar|minggongBranch|bodyPalaceBranch|soulStar|ascSign|mcSign|planetHouses,12.1333,4
서울-2000-10-17-06:42,서울,2000-10-17,06:42,120,1,hourPillar|minggongBranch|bodyPalaceBranch|soulStar|ascSign|mcSign|planetHouses,24.2000,12
서울-2000-10-17-08:56,서울,2000-10-17,08:56,-120,1,hourPillar|minggongBranch|bodyPalaceBranch|soulStar|ascSign|mcSign|planetHouses,24.1833,12
서울-2000-10-17-08:56,서울,2000-10-17,08:56,-60,1,planetHouses,12.0667,9
서울-2000-10-17-08:56,서울,2000-10-17,08:56,-30,1,planetHouses,6.0333,4
서울-2000-10-17-08:56,서울,2000-10-17,08:56,-15,0,,3.0167,0
서울-2000-10-17-08:56,서울,2000-10-17,08:56,-5,0,,1.0167,0
서울-2000-10-17-08:56,서울,2000-10-17,08:56,5,1,mcSign,1.0000,0
서울-2000-10-17-08:56,서울,2000-10-17,08:56,15,1,mcSign,3.0167,0
서울-2000-10-17-08:56,서울,2000-10-17,08:56,30,1,mcSign,6.0500,0
서울-2000-10-17-08:56,서울,2000-10-17,08:56,60,1,hourPillar|minggongBranch|bodyPalaceBranch|soulStar|ascSign|mcSign|planetHouses,12.1333,3
서울-2000-10-17-08:56,서울,2000-10-17,08:56,120,1,hourPillar|minggongBranch|bodyPalaceBranch|soulStar|ascSign|mcSign|planetHouses,24.5667,10
서울-2000-10-17-10:10,서울,2000-10-17,10:10,-120,1,hourPillar|minggongBranch|bodyPalaceBranch|soulStar|ascSign|mcSign|planetHouses,24.2500,10
서울-2000-10-17-10:10,서울,2000-10-17,10:10,-60,1,hourPillar|minggongBranch|bodyPalaceBranch|soulStar|ascSign|planetHouses,12.1833,4
서울-2000-10-17-10:10,서울,2000-10-17,10:10,-30,1,ascSign|planetHouses,6.1167,2
서울-2000-10-17-10:10,서울,2000-10-17,10:10,-15,1,planetHouses,3.0667,1
서울-2000-10-17-10:10,서울,2000-10-17,10:10,-5,1,planetHouses,1.0333,1
서울-2000-10-17-10:10,서울,2000-10-17,10:10,5,0,,1.0167,0
서울-2000-10-17-10:10,서울,2000-10-17,10:10,15,1,planetHouses,3.0833,2
서울-2000-10-17-10:10,서울,2000-10-17,10:10,30,1,planetHouses,6.2000,5
서울-2000-10-17-10:10,서울,2000-10-17,10:10,60,1,mcSign|planetHouses,12.5500,8
서울-2000-10-17-10:10,서울,2000-10-17,10:10,120,1,hourPillar|minggongBranch|bodyPalaceBranch|soulStar|ascSign|mcSign|planetHouses,25.8667,11
서울-2000-10-17-12:24,서울,2000-10-17,12:24,-120,1,hourPillar|minggongBranch|bodyPalaceBranch|soulStar|ascSign|mcSign|planetHouses,26.2667,11
서울-2000-10-17-12:24,서울,2000-10-17,12:24,-60,1,hourPillar|minggongBranch|bodyPalaceBranch|soulStar|ascSign|planetHouses,13.5833,7
서울-2000-10-17-12:24,서울,2000-10-17,12:24,-30,1,ascSign|planetHouses,6.9333,7
서울-2000-10-17-12:24,서울,2000-10-17,12:24,-15,1,planetHouses,3.5167,5
서울-2000-10-17-12:24,서울,2000-10-17,12:24,-5,1,planetHouses,1.1833,1
서울-2000-10-17-12:24,서울,2000-10-17,12:24,5,0,,1.1833,0
서울-2000-10-17-12:24,서울,2000-10-17,12:24,15,0,,3.6000,0
서울-2000-10-17-12:24,서울,2000-10-17,12:24,30,1,mcSign|planetHouses,7.3000,2
서울-2000-10-17-12:24,서울,2000-10-17,12:24,60,1,mcSign|planetHouses,15.0833,3
서울-2000-10-17-12:24,서울,2000-10-17,12:24,120,1,hourPillar|minggongBranch|bodyPalaceBranch|soulStar|ascSign|mcSign|planetHouses,32.4500,12
서울-2000-10-17-14:38,서울,2000-10-17,14:38,-120,1,hourPillar|minggongBranch|bodyPalaceBranch|soulStar|ascSign|mcSign|planetHouses,33.5833,12
서울-2000-10-17-14:38,서울,2000-10-17,14:38,-60,1,ascSign|planetHouses,18.0333,8
서울-2000-10-17-14:38,서울,2000-10-17,14:38,-30,1,planetHouses,9.3833,3
서울-2000-10-17-14:38,서울,2000-10-17,14:38,-15,1,planetHouses,4.8000,1
서울-2000-10-17-14:38,서울,2000-10-17,14:38,-5,0,,1.6167,0
서울-2000-10-17-14:38,서울,2000-10-17,14:38,5,1,mcSign|planetHouses,1.6333,1
서울-2000-10-17-14:38,서울,2000-10-17,14:38,15,1,mcSign|planetHouses,4.9833,1
서울-2000-10-17-14:38,서울,2000-10-17,14:38,30,1,mcSign|planetHouses,10.1667,4
서울-2000-10-17-14:38,서울,2000-10-17,14:38,60,1,hourPillar|minggongBranch|bodyPalaceBranch|soulStar|ascSign|mcSign|planetHouses,21.1500,7
서울-2000-10-17-14:38,서울,2000-10-17,14:38,120,1,hourPillar|minggongBranch|bodyPalaceBranch|soulStar|ascSign|mcSign|planetHouses,45.0000,12
서울-2000-10-17-16:52,서울,2000-10-17,16:52,-120,1,hourPillar|minggongBranch|bodyPalaceBranch|soulStar|ascSign|mcSign|planetHouses,46.0833,12
서울-2000-10-17-16:52,서울,2000-10-17,16:52,-60,1,ascSign|mcSign|planetHouses,24.2000,8
서울-2000-10-17-16:52,서울,2000-10-17,16:52,-30,1,ascSign|mcSign|planetHouses,12.2500,3
서울-2000-10-17-16:52,서울,2000-10-17,16:52,-15,1,ascSign|mcSign|planetHouses,6.1500,3
서울-2000-10-17-16:52,서울,2000-10-17,16:52,-5,1,ascSign|mcSign,2.0500,0
서울-2000-10-17-16:52,서울,2000-10-17,16:52,5,0,,2.0500,0
서울-2000-10-17-16:52,서울,2000-10-17,16:52,15,1,planetHouses,6.1333,3
서울-2000-10-17-16:52,서울,2000-10-17,16:52,30,1,planetHouses,12.2000,4
서울-2000-10-17-16:52,서울,2000-10-17,16:52,60,1,hourPillar|minggongBranch|bodyPalaceBranch|soulStar|planetHouses,24.0000,7
서울-2000-10-17-16:52,서울,2000-10-17,16:52,120,1,hourPillar|minggongBranch|bodyPalaceBranch|soulStar|ascSign|planetHouses,45.4333,12
서울-2000-10-17-18:06,서울,2000-10-17,18:06,-120,1,hourPillar|minggongBranch|bodyPalaceBranch|soulStar|ascSign|mcSign|planetHouses,47.9500,12
서울-2000-10-17-18:06,서울,2000-10-17,18:06,-60,1,hourPillar|minggongBranch|bodyPalaceBranch|soulStar|ascSign|planetHouses,23.5333,5
서울-2000-10-17-18:06,서울,2000-10-17,18:06,-30,1,ascSign|planetHouses,11.4833,3
서울-2000-10-17-18:06,서울,2000-10-17,18:06,-15,1,ascSign|planetHouses,5.6500,1
서울-2000-10-17-18:06,서울,2000-10-17,18:06,-5,1,ascSign,1.8667,0
서울-2000-10-17-18:06,서울,2000-10-17,18:06,5,0,,1.8500,0
서울-2000-10-17-18:06,서울,2000-10-17,18:06,15,1,planetHouses,5.4833,3
서울-2000-10-17-18:06,서울,2000-10-17,18:06,30,1,planetHouses,10.7667,5
서울-2000-10-17-18:06,서울,2000-10-17,18:06,60,1,mcSign|planetHouses,20.7000,8
서울-2000-10-17-18:06,서울,2000-10-17,18:06,120,1,hourPillar|minggongBranch|bodyPalaceBranch|soulStar|ascSign|mcSign|planetHouses,38.3167,12
서울-2000-10-17-20:20,서울,2000-10-17,20:20,-120,1,hourPillar|minggongBranch|bodyPalaceBranch|soulStar|ascSign|mcSign|planetHouses,36.9167,12
서울-2000-10-17-20:20,서울,2000-10-17,20:20,-60,1,hourPillar|minggongBranch|bodyPalaceBranch|soulStar|ascSign|planetHouses,16.9833,9
서울-2000-10-17-20:20,서울,2000-10-17,20:20,-30,1,planetHouses,8.1667,5
서울-2000-10-17-20:20,서울,2000-10-17,20:20,-15,1,planetHouses,4.0000,3
서울-2000-10-17-20:20,서울,2000-10-17,20:20,-5,0,,1.3167,0
서울-2000-10-17-20:20,서울,2000-10-17,20:20,5,0,,1.3167,0
서울-2000-10-17-20:20,서울,2000-10-17,20:20,15,0,,3.8833,0
서울-2000-10-17-20:20,서울,2000-10-17,20:20,30,1,planetHouses,7.6333,1
서울-2000-10-17-20:20,서울,2000-10-17,20:20,60,1,mcSign|planetHouses,14.8167,3
서울-2000-10-17-20:20,서울,2000-10-17,20:20,120,1,hourPillar|minggongBranch|bodyPalaceBranch|soulStar|ascSign|mcSign|planetHouses,28.2333,10
서울-2000-10-17-22:34,서울,2000-10-17,22:34,-120,1,hourPillar|minggongBranch|bodyPalaceBranch|soulStar|ascSign|mcSign|planetHouses,27.6000,10
서울-2000-10-17-22:34,서울,2000-10-17,22:34,-60,1,planetHouses,13.1833,6
서울-2000-10-17-22:34,서울,2000-10-17,22:34,-30,1,planetHouses,6.4833,3
서울-2000-10-17-22:34,서울,2000-10-17,22:34,-15,1,planetHouses,3.2167,1
서울-2000-10-17-22:34,서울,2000-10-17,22:34,-5,1,planetHouses,1.0667,1
서울-2000-10-17-22:34,서울,2000-10-17,22:34,5,1,planetHouses,1.0500,2
서울-2000-10-17-22:34,서울,2000-10-17,22:34,15,1,mcSign|planetHouses,3.1667,2
서울-2000-10-17-22:34,서울,2000-10-17,22:34,30,1,mcSign|planetHouses,6.3000,4
서울-2000-10-17-22:34,서울,2000-10-17,22:34,60,1,hourPillar|minggongBranch|bodyPalaceBranch|soulStar|mcSign|planetHouses,12.4667,7
서울-2000-10-17-22:34,서울,2000-10-17,22:34,120,1,dayPillar|hourPillar|minggongBranch|bodyPalaceBranch|soulStar|ascSign|mcSign|planetHouses,24.6167,12
서울-2000-11-24-00:00,서울,2000-11-24,00:00,-120,1,hourPillar|minggongBranch|bodyPalaceBranch|soulStar|ascSign|mcSign|planetHouses,24.1667,9
서울-2000-11-24-00:00,서울,2000-11-24,00:00,-60,1,hourPillar|minggongBranch|bodyPalaceBranch|soulStar|ascSign|planetHouses,12.1000,2
서울-2000-11-24-00:00,서울,2000-11-24,00:00,-30,1,hourPillar|minggongBranch|bodyPalaceBranch|soulStar|ascSign,6.0667,0
서울-2000-11-24-00:00,서울,2000-11-24,00:00,-15,1,ascSign,3.0333,0
서울-2000-11-24-00:00,서울,2000-11-24,00:00,-5,0,,1.0167,0
서울-2000-11-24-00:00,서울,2000-11-24,00:00,5,1,planetHouses,1.0167,1
서울-2000-11-24-00:00,서울,2000-11-24,00:00,15,1,mcSign|planetHouses,3.0333,2
서울-2000-11-24-00:00,서울,2000-11-24,00:00,30,1,mcSign|planetHouses,6.0833,3
서울-2000-11-24-00:00,서울,2000-11-24,00:00,60,1,dayPillar|mcSign|planetHouses,12.1833,6
서울-2000-11-24-00:00,서울,2000-11-24,00:00,120,1,dayPillar|hourPillar|minggongBranch|bodyPalaceBranch|soulStar|mcSign|planetHouses,24.4500,12
서울-2000-11-24-02:14,서울,2000-11-24,02:14,-120,1,dayPillar|hourPillar|minggongBranch|bodyPalaceBranch|soulStar|planetHouses,24.4833,10
서울-2000-11-24-02:14,서울,2000-11-24,02:14,-60,1,hourPillar|minggongBranch|bodyPalaceBranch|soulStar|planetHouses,12.2667,2
서울-2000-11-24-02:14,서울,2000-11-24,02:14,-30,0,,6.1333,0
서울-2000-11-24-02:14,서울,2000-11-24,02:14,-15,0,,3.0667,0
서울-2000-11-24-02:14,서울,2000-11-24,02:14,-5,0,,1.0167,0
서울-2000-11-24-02:14,서울,2000-11-24,02:14,5,0,,1.0333,0
서울-2000-11-24-02:14,서울,2000-11-24,02:14,15,1,ascSign|mcSign|planetHouses,3.0833,2
서울-2000-11-24-02:14,서울,2000-11-24,02:14,30,1,ascSign|mcSign|planetHouses,6.1500,3
서울-2000-11-24-02:14,서울,2000-11-24,02:14,60,1,ascSign|mcSign|planetHouses,12.2833,5
서울-2000-11-24-02:14,서울,2000-11-24,02:14,120,1,hourPillar|minggongBranch|bodyPalaceBranch|soulStar|ascSign|mcSign|planetHouses,24.5167,12
서울-2000-11-24-04:28,서울,2000-11-24,04:28,-120,1,hourPillar|minggongBranch|bodyPalaceBranch|soulStar|planetHouses,24.4833,10
서울-2000-11-24-04:28,서울,2000-11-24,04:28,-60,1,hourPillar|minggongBranch|bodyPalaceBranch|soulStar|planetHouses,12.2000,3
서울-2000-11-24-04:28,서울,2000-11-24,04:28,-30,0,,6.0833,0
서울-2000-11-24-04:28,서울,2000-11-24,04:28,-15,0,,3.0333,0
서울-2000-11-24-04:28,서울,2000-11-24,04:28,-5,0,,1.0000,0
서울-2000-11-24-04:28,서울,2000-11-24,04:28,5,1,mcSign,1.0167,0
서울-2000-11-24-04:28,서울,2000-11-24,04:28,15,1,mcSign|planetHouses,3.0500,1
서울-2000-11-24-04:28,서울,2000-11-24,04:28,30,1,ascSign|mcSign|planetHouses,6.0667,2
서울-2000-11-24-04:28,서울,2000-11-24,04:28,60,1,ascSign|mcSign|planetHouses,12.1167,6
서울-2000-11-24-04:28,서울,2000-11-24,04:28,120,1,hourPillar|minggongBranch|bodyPalaceBranch|soulStar|ascSign|mcSign|planetHouses,24.1833,12
서울-2000-11-24-06:42,서울,2000-11-24,06:42,-120,1,hourPillar|minggongBranch|bodyPalaceBranch|soulStar|ascSign|mcSign|planetHouses,24.1667,11
서울-2000-11-24-06:42,서울,2000-11-24,06:42,-60,1,mcSign|planetHouses,12.0667,4
서울-2000-11-24-06:42,서울,2000-11-24,06:42,-30,1,mcSign,6.0333,0
서울-2000-11-24-06:42,서울,2000-11-24,06:42,-15,1,mcSign,3.0167,0
서울-2000-11-24-06:42,서울,2000-11-24,06:42,-5,0,,1.0000,0
서울-2000-11-24-06:42,서울,2000-11-24,06:42,5,0,,1.0000,0
서울-2000-11-24-06:42,서울,2000-11-24,06:42,15,0,,3.0333,0
서울-2000-11-24-06:42,서울,2000-11-24,06:42,30,1,planetHouses,6.0667,4
서울-2000-11-24-06:42,서울,2000-11-24,06:42,60,1,hourPillar|minggongBranch|bodyPalaceBranch|soulStar|ascSign|planetHouses,12.1833,5
서울-2000-11-24-06:42,서울,2000-11-24,06:42,120,1,hourPillar|minggongBranch|bodyPalaceBranch|soulStar|ascSign|mcSign|planetHouses,24.7500,12
서울-2000-11-24-08:56,서울,2000-11-24,08:56,-120,1,hourPillar|minggongBranch|bodyPalaceBranch|soulStar|ascSign|mcSign|planetHouses,24.9667,12
서울-2000-11-24-08:56,서울,2000-11-24,08:56,-60,1,mcSign|planetHouses,12.7167,5
서울-2000-11-24-08:56,서울,2000-11-24,08:56,-30,1,planetHouses,6.4333,1
서울-2000-11-24-08:56,서울,2000-11-24,08:56,-15,0,,3.2500,0
서울-2000-11-24-08:56,서울,2000-11-24,08:56,-5,0,,1.0833,0
서울-2000-11-24-08:56,서울,2000-11-24,08:56,5,1,planetHouses,1.0833,1
서울-2000-11-24-08:56,서울,2000-11-24,08:56,15,1,planetHouses,3.2833,3
서울-2000-11-24-08:56,서울,2000-11-24,08:56,30,1,planetHouses,6.6500,4
서울-2000-11-24-08:56,서울,2000-11-24,08:56,60,1,hourPillar|minggongBranch|bodyPalaceBranch|soulStar|ascSign|planetHouses,13.6000,7
서울-2000-11-24-08:56,서울,2000-11-24,08:56,120,1,hourPillar|minggongBranch|bodyPalaceBranch|soulStar|ascSign|mcSign|planetHouses,28.7167,12
서울-2000-11-24-10:10,서울,2000-11-24,10:10,-120,1,hourPillar|minggongBranch|bodyPalaceBranch|soulStar|ascSign|mcSign|planetHouses,26.7667,10
서울-2000-11-24-10:10,서울,2000-11-24,10:10,-60,1,hourPillar|minggongBranch|bodyPalaceBranch|soulStar|ascSign|planetHouses,13.9000,4
서울-2000-11-24-10:10,서울,2000-11-24,10:10,-30,1,planetHouses,7.1167,1
서울-2000-11-24-10:10,서울,2000-11-24,10:10,-15,0,,3.6000,0
서울-2000-11-24-10:10,서울,2000-11-24,10:10,-5,0,,1.2167,0
서울-2000-11-24-10:10,서울,2000-11-24,10:10,5,1,mcSign|planetHouses,1.2167,1
서울-2000-11-24-10:10,서울,2000-11-24,10:10,15,1,mcSign|planetHouses,3.7000,2
서울-2000-11-24-10:10,서울,2000-11-24,10:10,30,1,mcSign|planetHouses,7.5333,3
서울-2000-11-24-10:10,서울,2000-11-24,10:10,60,1,mcSign|planetHouses,15.5833,10
서울-2000-11-24-10:10,서울,2000-11-24,10:10,120,1,hourPillar|minggongBranch|bodyPalaceBranch|soulStar|ascSign|mcSign|planetHouses,33.6833,12
서울-2000-11-24-12:24,서울,2000-11-24,12:24,-120,1,hourPillar|minggongBranch|bodyPalaceBranch|soulStar|ascSign|mcSign|planetHouses,34.9000,11
서울-2000-11-24-12:24,서울,2000-11-24,12:24,-60,1,hourPillar|minggongBranch|bodyPalaceBranch|soulStar|ascSign|mcSign|planetHouses,18.8000,5
서울-2000-11-24-12:24,서울,2000-11-24,12:24,-30,1,mcSign|planetHouses,9.7833,3
서울-2000-11-24-12:24,서울,2000-11-24,12:24,-15,1,mcSign|planetHouses,4.9833,1
서울-2000-11-24-12:24,서울,2000-11-24,12:24,-5,0,,1.6833,0
서울-2000-11-24-12:24,서울,2000-11-24,12:24,5,1,planetHouses,1.7167,3
서울-2000-11-24-12:24,서울,2000-11-24,12:24,15,1,planetHouses,5.2000,5
서울-2000-11-24-12:24,서울,2000-11-24,12:24,30,1,planetHouses,10.6000,7
서울-2000-11-24-12:24,서울,2000-11-24,12:24,60,1,ascSign|planetHouses,21.9667,8
서울-2000-11-24-12:24,서울,2000-11-24,12:24,120,1,hourPillar|minggongBranch|bodyPalaceBranch|soulStar|ascSign|mcSign|planetHouses,46.2000,12
서울-2000-11-24-14:38,서울,2000-11-24,14:38,-120,1,hourPillar|minggongBranch|bodyPalaceBranch|soulStar|ascSign|mcSign|planetHouses,47.0667,12
서울-2000-11-24-14:38,서울,2000-11-24,14:38,-60,1,ascSign|mcSign|planetHouses,24.4167,9
서울-2000-11-24-14:38,서울,2000-11-24,14:38,-30,1,ascSign|mcSign|planetHouses,12.2833,5
서울-2000-11-24-14:38,서울,2000-11-24,14:38,-15,1,planetHouses,6.1333,3
서울-2000-11-24-14:38,서울,2000-11-24,14:38,-5,1,planetHouses,2.0333,2
서울-2000-11-24-14:38,서울,2000-11-24,14:38,5,0,,2.0333,0
서울-2000-11-24-14:38,서울,2000-11-24,14:38,15,1,planetHouses,6.0667,1
서울-2000-11-24-14:38,서울,2000-11-24,14:38,30,1,planetHouses,12.0333,2
서울-2000-11-24-14:38,서울,2000-11-24,14:38,60,1,hourPillar|minggongBranch|bodyPalaceBranch|soulStar|ascSign|planetHouses,23.5000,7
서울-2000-11-24-14:38,서울,2000-11-24,14:38,120,1,hourPillar|minggongBranch|bodyPalaceBranch|soulStar|ascSign|mcSign|planetHouses,44.1167,12
서울-2000-11-24-16:52,서울,2000-11-24,16:52,-120,1,hourPillar|minggongBranch|bodyPalaceBranch|soulStar|ascSign|mcSign|planetHouses,42.8000,11
서울-2000-11-24-16:52,서울,2000-11-24,16:52,-60,1,mcSign|planetHouses,19.8667,6
서울-2000-11-24-16:52,서울,2000-11-24,16:52,-30,1,mcSign|planetHouses,9.5333,2
서울-2000-11-24-16:52,서울,2000-11-24,16:52,-15,1,planetHouses,4.6667,2
서울-2000-11-24-16:52,서울,2000-11-24,16:52,-5,1,planetHouses,1.5333,1
서울-2000-11-24-16:52,서울,2000-11-24,16:52,5,1,planetHouses,1.5167,2
서울-2000-11-24-16:52,서울,2000-11-24,16:52,15,1,ascSign|planetHouses,4.4833,2
서울-2000-11-24-16:52,서울,2000-11-24,16:52,30,1,ascSign|planetHouses,8.7833,5
서울-2000-11-24-16:52,서울,2000-11-24,16:52,60,1,hourPillar|minggongBranch|bodyPalaceBranch|soulStar|ascSign|planetHouses,16.9333,8
서울-2000-11-24-16:52,서울,2000-11-24,16:52,120,1,hourPillar|minggongBranch|bodyPalaceBranch|soulStar|ascSign|mcSign|planetHouses,31.7000,12
서울-2000-11-24-18:06,서울,2000-11-24,18:06,-120,1,hourPillar|minggongBranch|bodyPalaceBranch|soulStar|ascSign|mcSign|planetHouses,35.4833,12
서울-2000-11-24-18:06,서울,2000-11-24,18:06,-60,1,hourPillar|minggongBranch|bodyPalaceBranch|soulStar|planetHouses,16.3500,6
서울-2000-11-24-18:06,서울,2000-11-24,18:06,-30,1,planetHouses,7.8667,2
서울-2000-11-24-18:06,서울,2000-11-24,18:06,-15,0,,3.8667,0
서울-2000-11-24-18:06,서울,2000-11-24,18:06,-5,0,,1.2667,0
서울-2000-11-24-18:06,서울,2000-11-24,18:06,5,0,,1.2667,0
서울-2000-11-24-18:06,서울,2000-11-24,18:06,15,0,,3.7500,0
서울-2000-11-24-18:06,서울,2000-11-24,18:06,30,1,mcSign|planetHouses,7.3833,4
서울-2000-11-24-18:06,서울,2000-11-24,18:06,60,1,ascSign|mcSign|planetHouses,14.3833,7
서울-2000-11-24-18:06,서울,2000-11-24,18:06,120,1,hourPillar|minggongBranch|bodyPalaceBranch|soulStar|ascSign|mcSign|planetHouses,27.5500,11
서울-2000-11-24-20:20,서울,2000-11-24,20:20,-120,1,hourPillar|minggongBranch|bodyPalaceBranch|soulStar|ascSign|mcSign|planetHouses,27.0000,12
서울-2000-11-24-20:20,서울,2000-11-24,20:20,-60,1,hourPillar|minggongBranch|bodyPalaceBranch|soulStar|mcSign|planetHouses,12.9500,5
서울-2000-11-24-20:20,서울,2000-11-24,20:20,-30,1,mcSign|planetHouses,6.3833,3
서울-2000-11-24-20:20,서울,2000-11-24,20:20,-15,1,mcSign|planetHouses,3.1667,1
서울-2000-11-24-20:20,서울,2000-11-24,20:20,-5,1,mcSign,1.0500,0
서울-2000-11-24-20:20,서울,2000-11-24,20:20,5,1,planetHouses,1.0500,2
서울-2000-11-24-20:20,서울,2000-11-24,20:20,15,1,planetHouses,3.1333,2
서울-2000-11-24-20:20,서울,2000-11-24,20:20,30,1,planetHouses,6.2333,2
서울-2000-11-24-20:20,서울,2000-11-24,20:20,60,1,planetHouses,12.3667,6
서울-2000-11-24-20:20,서울,2000-11-24,20:20,120,1,hourPillar|minggongBranch|bodyPalaceBranch|soulStar|ascSign|mcSign|planetHouses,24.4667,10
서울-2000-11-24-22:34,서울,2000-11-24,22:34,-120,1,hourPillar|minggongBranch|bodyPalaceBranch|soulStar|ascSign|mcSign|planetHouses,24.3667,9
서울-2000-11-24-22:34,서울,2000-11-24,22:34,-60,1,mcSign|planetHouses,12.0833,5
서울-2000-11-24-22:34,서울,2000-11-24,22:34,-30,1,mcSign|planetHouses,6.0333,2
서울-2000-11-24-22:34,서울,2000-11-24,22:34,-15,1,planetHouses,3.0167,1
서울-2000-11-24-22:34,서울,2000-11-24,22:34,-5,0,,1.0000,0
서울-2000-11-24-22:34,서울,2000-11-24,22:34,5,1,planetHouses,1.0000,1
서울-2000-11-24-22:34,서울,2000-11-24,22:34,15,1,planetHouses,3.0167,4
서울-2000-11-24-22:34,서울,2000-11-24,22:34,30,1,planetHouses,6.0333,4
서울-2000-11-24-22:34,서울,2000-11-24,22:34,60,1,hourPillar|minggongBranch|bodyPalaceBranch|soulStar|planetHouses,12.0667,7
서울-2000-11-24-22:34,서울,2000-11-24,22:34,120,1,dayPillar|hourPillar|minggongBranch|bodyPalaceBranch|soulStar|ascSign|mcSign|planetHouses,24.2333,10
서울-2000-12-04-00:00,서울,2000-12-04,00:00,-120,1,hourPillar|minggongBranch|bodyPalaceBranch|soulStar|ascSign|mcSign|planetHouses,24.2167,11
서울-2000-12-04-00:00,서울,2000-12-04,00:00,-60,1,hourPillar|minggongBranch|bodyPalaceBranch|soulStar|ascSign|mcSign|planetHouses,12.1500,5
서울-2000-12-04-00:00,서울,2000-12-04,00:00,-30,1,hourPillar|minggongBranch|bodyPalaceBranch|soulStar|mcSign|planetHouses,6.0833,3
서울-2000-12-04-00:00,서울,2000-12-04,00:00,-15,1,planetHouses,3.0333,1
서울-2000-12-04-00:00,서울,2000-12-04,00:00,-5,1,planetHouses,1.0167,1
서울-2000-12-04-00:00,서울,2000-12-04,00:00,5,0,,1.0333,0
서울-2000-12-04-00:00,서울,2000-12-04,00:00,15,0,,3.0667,0
서울-2000-12-04-00:00,서울,2000-12-04,00:00,30,1,planetHouses,6.1167,3
서울-2000-12-04-00:00,서울,2000-12-04,00:00,60,1,dayPillar|planetHouses,12.2500,5
서울-2000-12-04-00:00,서울,2000-12-04,00:00,120,1,dayPillar|hourPillar|minggongBranch|bodyPalaceBranch|soulStar|ascSign|mcSign|planetHouses,24.5500,11
서울-2000-12-04-02:14,서울,2000-12-04,02:14,-120,1,dayPillar|hourPillar|minggongBranch|bodyPalaceBranch|soulStar|ascSign|mcSign|planetHouses,24.5667,11
서울-2000-12-04-02:14,서울,2000-12-04,02:14,-60,1,hourPillar|minggongBranch|bodyPalaceBranch|soulStar|ascSign|mcSign|planetHouses,12.3000,4
서울-2000-12-04-02:14,서울,2000-12-04,02:14,-30,1,planetHouses,6.1500,3
서울-2000-12-04-02:14,서울,2000-12-04,02:14,-15,0,,3.0833,0
서울-2000-12-04-02:14,서울,2000-12-04,02:14,-5,0,,1.0333,0
서울-2000-12-04-02:14,서울,2000-12-04,02:14,5,1,planetHouses,1.0167,1
서울-2000-12-04-02:14,서울,2000-12-04,02:14,15,1,planetHouses,3.0667,1
서울-2000-12-04-02:14,서울,2000-12-04,02:14,30,1,planetHouses,6.1333,2
서울-2000-12-04-02:14,서울,2000-12-04,02:14,60,1,planetHouses,12.2500,7
서울-2000-12-04-02:14,서울,2000-12-04,02:14,120,1,hourPillar|minggongBranch|bodyPalaceBranch|soulStar|ascSign|mcSign|planetHouses,24.4167,11
서울-2000-12-04-04:28,서울,2000-12-04,04:28,-120,1,hourPillar|minggongBranch|bodyPalaceBranch|soulStar|ascSign|mcSign|planetHouses,24.3833,11
서울-2000-12-04-04:28,서울,2000-12-04,04:28,-60,1,hourPillar|minggongBranch|bodyPalaceBranch|soulStar|ascSign|mcSign|planetHouses,12.1333,4
서울-2000-12-04-04:28,서울,2000-12-04,04:28,-30,1,ascSign|planetHouses,6.0500,4
서울-2000-12-04-04:28,서울,2000-12-04,04:28,-15,1,planetHouses,3.0167,1
서울-2000-12-04-04:28,서울,2000-12-04,04:28,-5,0,,1.0000,0
서울-2000-12-04-04:28,서울,2000-12-04,04:28,5,0,,1.0167,0
서울-2000-12-04-04:28,서울,2000-12-04,04:28,15,1,planetHouses,3.0333,1
서울-2000-12-04-04:28,서울,2000-12-04,04:28,30,1,planetHouses,6.0500,1
서울-2000-12-04-04:28,서울,2000-12-04,04:28,60,1,planetHouses,12.0667,7
서울-2000-12-04-04:28,서울,2000-12-04,04:28,120,1,hourPillar|minggongBranch|bodyPalaceBranch|soulStar|mcSign|planetHouses,24.1667,11
서울-2000-12-04-06:42,서울,2000-12-04,06:42,-120,1,hourPillar|minggongBranch|bodyPalaceBranch|soulStar|ascSign|mcSign|planetHouses,24.1833,11
서울-2000-12-04-06:42,서울,2000-12-04,06:42,-60,1,ascSign|mcSign|planetHouses,12.1167,5
서울-2000-12-04-06:42,서울,2000-12-04,06:42,-30,1,ascSign|planetHouses,6.0667,4
서울-2000-12-04-06:42,서울,2000-12-04,06:42,-15,1,ascSign|planetHouses,3.0333,2
서울-2000-12-04-06:42,서울,2000-12-04,06:42,-5,1,planetHouses,1.0167,1
서울-2000-12-04-06:42,서울,2000-12-04,06:42,5,0,,1.0333,0
서울-2000-12-04-06:42,서울,2000-12-04,06:42,15,1,planetHouses,3.0667,1
서울-2000-12-04-06:42,서울,2000-12-04,06:42,30,1,planetHouses,6.1500,2
서울-2000-12-04-06:42,서울,2000-12-04,06:42,60,1,hourPillar|minggongBranch|bodyPalaceBranch|soulStar|mcSign|planetHouses,12.4000,5
서울-2000-12-04-06:42,서울,2000-12-04,06:42,120,1,hourPillar|minggongBranch|bodyPalaceBranch|soulStar|mcSign|planetHouses,25.4333,11
서울-2000-12-04-08:56,서울,2000-12-04,08:56,-120,1,hourPillar|minggongBranch|bodyPalaceBranch|soulStar|mcSign|planetHouses,25.7333,12
서울-2000-12-04-08:56,서울,2000-12-04,08:56,-60,1,planetHouses,13.2333,7
서울-2000-12-04-08:56,서울,2000-12-04,08:56,-30,1,planetHouses,6.7333,4
서울-2000-12-04-08:56,서울,2000-12-04,08:56,-15,1,planetHouses,3.4000,2
서울-2000-12-04-08:56,서울,2000-12-04,08:56,-5,0,,1.1333,0
서울-2000-12-04-08:56,서울,2000-12-04,08:56,5,1,ascSign,1.1667,0
서울-2000-12-04-08:56,서울,2000-12-04,08:56,15,1,ascSign,3.4833,0
서울-2000-12-04-08:56,서울,2000-12-04,08:56,30,1,ascSign|planetHouses,7.0667,2
서울-2000-12-04-08:56,서울,2000-12-04,08:56,60,1,hourPillar|minggongBranch|bodyPalaceBranch|soulStar|ascSign|mcSign|planetHouses,14.5167,5
서울-2000-12-04-08:56,서울,2000-12-04,08:56,120,1,hourPillar|minggongBranch|bodyPalaceBranch|soulStar|ascSign|mcSign|planetHouses,31.0667,11
서울-2000-12-04-10:10,서울,2000-12-04,10:10,-120,1,hourPillar|minggongBranch|bodyPalaceBranch|soulStar|ascSign|mcSign|planetHouses,28.3833,12
서울-2000-12-04-10:10,서울,2000-12-04,10:10,-60,1,hourPillar|minggongBranch|bodyPalaceBranch|soulStar|mcSign|planetHouses,14.9167,7
서울-2000-12-04-10:10,서울,2000-12-04,10:10,-30,1,planetHouses,7.6833,3
서울-2000-12-04-10:10,서울,2000-12-04,10:10,-15,1,planetHouses,3.9000,2
서울-2000-12-04-10:10,서울,2000-12-04,10:10,-5,1,planetHouses,1.3167,2
서울-2000-12-04-10:10,서울,2000-12-04,10:10,5,0,,1.3333,0
서울-2000-12-04-10:10,서울,2000-12-04,10:10,15,1,planetHouses,4.0500,1
서울-2000-12-04-10:10,서울,2000-12-04,10:10,30,1,planetHouses,8.2500,3
서울-2000-12-04-10:10,서울,2000-12-04,10:10,60,1,ascSign|planetHouses,17.1500,7
서울-2000-12-04-10:10,서울,2000-12-04,10:10,120,1,hourPillar|minggongBranch|bodyPalaceBranch|soulStar|ascSign|mcSign|planetHouses,37.2833,12
서울-2000-12-04-12:24,서울,2000-12-04,12:24,-120,1,hourPillar|minggongBranch|bodyPalaceBranch|soulStar|ascSign|mcSign|planetHouses,38.6667,12
서울-2000-12-04-12:24,서울,2000-12-04,12:24,-60,1,hourPillar|minggongBranch|bodyPalaceBranch|soulStar|ascSign|mcSign|planetHouses,20.8833,7
서울-2000-12-04-12:24,서울,2000-12-04,12:24,-30,1,ascSign|planetHouses,10.8333,2
서울-2000-12-04-12:24,서울,2000-12-04,12:24,-15,1,ascSign|planetHouses,5.5167,2
서울-2000-12-04-12:24,서울,2000-12-04,12:24,-5,1,ascSign|planetHouses,1.8500,1
서울-2000-12-04-12:24,서울,2000-12-04,12:24,5,1,planetHouses,1.8833,1
서울-2000-12-04-12:24,서울,2000-12-04,12:24,15,1,planetHouses,5.7167,2
서울-2000-12-04-12:24,서울,2000-12-04,12:24,30,1,planetHouses,11.5833,3
서울-2000-12-04-12:24,서울,2000-12-04,12:24,60,1,planetHouses,23.6833,8
서울-2000-12-04-12:24,서울,2000-12-04,12:24,120,1,hourPillar|minggongBranch|bodyPalaceBranch|soulStar|ascSign|mcSign|planetHouses,48.0500,12
서울-2000-12-04-14:38,서울,2000-12-04,14:38,-120,1,hourPillar|minggongBranch|bodyPalaceBranch|soulStar|ascSign|mcSign|planetHouses,48.2000,12
서울-2000-12-04-14:38,서울,2000-12-04,14:38,-60,1,ascSign|mcSign|planetHouses,24.1333,6
서울-2000-12-04-14:38,서울,2000-12-04,14:38,-30,1,planetHouses,11.8833,3
서울-2000-12-04-14:38,서울,2000-12-04,14:38,-15,1,planetHouses,5.8833,3
서울-2000-12-04-14:38,서울,2000-12-04,14:38,-5,1,planetHouses,1.9500,1
서울-2000-12-04-14:38,서울,2000-12-04,14:38,5,0,,1.9167,0
서울-2000-12-04-14:38,서울,2000-12-04,14:38,15,1,planetHouses,5.7167,2
서울-2000-12-04-14:38,서울,2000-12-04,14:38,30,1,ascSign|planetHouses,11.2500,5
서울-2000-12-04-14:38,서울,2000-12-04,14:38,60,1,hourPillar|minggongBranch|bodyPalaceBranch|soulStar|ascSign|planetHouses,21.7167,9
서울-2000-12-04-14:38,서울,2000-12-04,14:38,120,1,hourPillar|minggongBranch|bodyPalaceBranch|soulStar|ascSign|mcSign|planetHouses,40.2667,12
서울-2000-12-04-16:52,서울,2000-12-04,16:52,-120,1,hourPillar|minggongBranch|bodyPalaceBranch|soulStar|ascSign|mcSign|planetHouses,38.8500,12
서울-2000-12-04-16:52,서울,2000-12-04,16:52,-60,1,ascSign|planetHouses,17.8667,8
서울-2000-12-04-16:52,서울,2000-12-04,16:52,-30,1,ascSign|planetHouses,8.5833,6
서울-2000-12-04-16:52,서울,2000-12-04,16:52,-15,1,planetHouses,4.2167,2
서울-2000-12-04-16:52,서울,2000-12-04,16:52,-5,0,,1.3833,0
서울-2000-12-04-16:52,서울,2000-12-04,16:52,5,0,,1.3667,0
서울-2000-12-04-16:52,서울,2000-12-04,16:52,15,1,planetHouses,4.0500,2
서울-2000-12-04-16:52,서울,2000-12-04,16:52,30,1,planetHouses,7.9500,4
서울-2000-12-04-16:52,서울,2000-12-04,16:52,60,1,hourPillar|minggongBranch|bodyPalaceBranch|soulStar|mcSign|planetHouses,15.4167,5
서울-2000-12-04-16:52,서울,2000-12-04,16:52,120,1,hourPillar|minggongBranch|bodyPalaceBranch|soulStar|ascSign|mcSign|planetHouses,29.2000,11
서울-2000-12-04-18:06,서울,2000-12-04,18:06,-120,1,hourPillar|minggongBranch|bodyPalaceBranch|soulStar|ascSign|mcSign|planetHouses,32.1833,12
서울-2000-12-04-18:06,서울,2000-12-04,18:06,-60,1,hourPillar|minggongBranch|bodyPalaceBranch|soulStar|mcSign|planetHouses,14.9667,5
서울-2000-12-04-18:06,서울,2000-12-04,18:06,-30,1,mcSign|planetHouses,7.2500,3
서울-2000-12-04-18:06,서울,2000-12-04,18:06,-15,1,planetHouses,3.5833,2
서울-2000-12-04-18:06,서울,2000-12-04,18:06,-5,1,planetHouses,1.1833,2
서울-2000-12-04-18:06,서울,2000-12-04,18:06,5,0,,1.1667,0
서울-2000-12-04-18:06,서울,2000-12-04,18:06,15,1,ascSign,3.4833,0
서울-2000-12-04-18:06,서울,2000-12-04,18:06,30,1,ascSign|planetHouses,6.9000,1
서울-2000-12-04-18:06,서울,2000-12-04,18:06,60,1,ascSign|planetHouses,13.5167,7
서울-2000-12-04-18:06,서울,2000-12-04,18:06,120,1,hourPillar|minggongBranch|bodyPalaceBranch|soulStar|ascSign|mcSign|planetHouses,26.1667,12
서울-2000-12-04-20:20,서울,2000-12-04,20:20,-120,1,hourPillar|minggongBranch|bodyPalaceBranch|soulStar|ascSign|mcSign|planetHouses,25.8000,12
서울-2000-12-04-20:20,서울,2000-12-04,20:20,-60,1,hourPillar|minggongBranch|bodyPalaceBranch|soulStar|mcSign|planetHouses,12.5333,6
서울-2000-12-04-20:20,서울,2000-12-04,20:20,-30,1,planetHouses,6.2000,1
서울-2000-12-04-20:20,서울,2000-12-04,20:20,-15,1,planetHouses,3.1000,1
서울-2000-12-04-20:20,서울,2000-12-04,20:20,-5,1,planetHouses,1.0333,1
서울-2000-12-04-20:20,서울,2000-12-04,20:20,5,1,planetHouses,1.0167,1
서울-2000-12-04-20:20,서울,2000-12-04,20:20,15,1,planetHouses,3.0500,1
서울-2000-12-04-20:20,서울,2000-12-04,20:20,30,1,ascSign|planetHouses,6.1000,3
서울-2000-12-04-20:20,서울,2000-12-04,20:20,60,1,ascSign|planetHouses,12.1667,6
서울-2000-12-04-20:20,서울,2000-12-04,20:20,120,1,hourPillar|minggongBranch|bodyPalaceBranch|soulStar|ascSign|mcSign|planetHouses,24.2167,11
서울-2000-12-04-22:34,서울,2000-12-04,22:34,-120,1,hourPillar|minggongBranch|bodyPalaceBranch|soulStar|ascSign|mcSign|planetHouses,24.1833,11
서울-2000-12-04-22:34,서울,2000-12-04,22:34,-60,1,planetHouses,12.0500,5
서울-2000-12-04-22:34,서울,2000-12-04,22:34,-30,1,planetHouses,6.0333,1
서울-2000-12-04-22:34,서울,2000-12-04,22:34,-15,0,,3.0167,0
서울-2000-12-04-22:34,서울,2000-12-04,22:34,-5,0,,1.0000,0
서울-2000-12-04-22:34,서울,2000-12-04,22:34,5,0,,1.0167,0
서울-2000-12-04-22:34,서울,2000-12-04,22:34,15,1,planetHouses,3.0333,2
서울-2000-12-04-22:34,서울,2000-12-04,22:34,30,1,planetHouses,6.0500,3
서울-2000-12-04-22:34,서울,2000-12-04,22:34,60,1,hourPillar|minggongBranch|bodyPalaceBranch|soulStar|ascSign|mcSign|planetHouses,12.1333,6
서울-2000-12-04-22:34,서울,2000-12-04,22:34,120,1,dayPillar|hourPillar|minggongBranch|bodyPalaceBranch|soulStar|ascSign|mcSign|planetHouses,24.3333,12
부산-1980-01-08-00:00,부산,1980-01-08,00:00,-120,1,hourPillar|minggongBranch|bodyPalaceBranch|soulStar|ascSign|mcSign|planetHouses,25.0833,12
부산-1980-01-08-00:00,부산,1980-01-08,00:00,-60,1,hourPillar|minggongBranch|bodyPalaceBranch|soulStar|ascSign|mcSign|planetHouses,12.5667,6
부산-1980-01-08-00:00,부산,1980-01-08,00:00,-30,1,planetHouses,6.2833,2
부산-1980-01-08-00:00,부산,1980-01-08,00:00,-15,1,planetHouses,3.1500,2
부산-1980-01-08-00:00,부산,1980-01-08,00:00,-5,0,,1.0500,0
부산-1980-01-08-00:00,부산,1980-01-08,00:00,5,0,,1.0333,0
부산-1980-01-08-00:00,부산,1980-01-08,00:00,15,1,planetHouses,3.1167,2
부산-1980-01-08-00:00,부산,1980-01-08,00:00,30,1,dayPillar|planetHouses,6.2500,3
부산-1980-01-08-00:00,부산,1980-01-08,00:00,60,1,dayPillar|planetHouses,12.4833,4
부산-1980-01-08-00:00,부산,1980-01-08,00:00,120,1,dayPillar|hourPillar|minggongBranch|bodyPalaceBranch|soulStar|ascSign|mcSign|planetHouses,24.8833,11
부산-1980-01-08-02:14,부산,1980-01-08,02:14,-120,1,dayPillar|hourPillar|minggongBranch|bodyPalaceBranch|soulStar|ascSign|mcSign|planetHouses,24.8500,10
부산-1980-01-08-02:14,부산,1980-01-08,02:14,-60,1,hourPillar|minggongBranch|bodyPalaceBranch|soulStar|ascSign|mcSign|planetHouses,12.3667,4
부산-1980-01-08-02:14,부산,1980-01-08,02:14,-30,1,planetHouses,6.1833,1
부산-1980-01-08-02:14,부산,1980-01-08,02:14,-15,0,,3.0833,0
부산-1980-01-08-02:14,부산,1980-01-08,02:14,-5,0,,1.0333,0
부산-1980-01-08-02:14,부산,1980-01-08,02:14,5,1,planetHouses,1.0167,2
부산-1980-01-08-02:14,부산,1980-01-08,02:14,15,1,planetHouses,3.0667,3
부산-1980-01-08-02:14,부산,1980-01-08,02:14,30,1,planetHouses,6.1500,3
부산-1980-01-08-02:14,부산,1980-01-08,02:14,60,1,planetHouses,12.2833,7
부산-1980-01-08-02:14,부산,1980-01-08,02:14,120,1,hourPillar|minggongBranch|bodyPalaceBranch|soulStar|ascSign|mcSign|planetHouses,24.5833,12
부산-1980-01-08-04:28,부산,1980-01-08,04:28,-120,1,hourPillar|minggongBranch|bodyPalaceBranch|soulStar|ascSign|mcSign|planetHouses,24.6167,10
부산-1980-01-08-04:28,부산,1980-01-08,04:28,-60,1,ascSign|planetHouses,12.3333,5
부산-1980-01-08-04:28,부산,1980-01-08,04:28,-30,1,ascSign|planetHouses,6.1833,2
부산-1980-01-08-04:28,부산,1980-01-08,04:28,-15,1,planetHouses,3.1000,1
부산-1980-01-08-04:28,부산,1980-01-08,04:28,-5,0,,1.0333,0
부산-1980-01-08-04:28,부산,1980-01-08,04:28,5,1,planetHouses,1.0333,1
부산-1980-01-08-04:28,부산,1980-01-08,04:28,15,1,planetHouses,3.1167,2
부산-1980-01-08-04:28,부산,1980-01-08,04:28,30,1,planetHouses,6.2667,3
부산-1980-01-08-04:28,부산,1980-01-08,04:28,60,1,hourPillar|minggongBranch|bodyPalaceBranch|soulStar|mcSign|planetHouses,12.6500,7
부산-1980-01-08-04:28,부산,1980-01-08,04:28,120,1,hourPillar|minggongBranch|bodyPalaceBranch|soulStar|mcSign|planetHouses,25.9500,12
부산-1980-01-08-06:42,부산,1980-01-08,06:42,-120,1,hourPillar|minggongBranch|bodyPalaceBranch|soulStar|ascSign|mcSign|planetHouses,26.2833,11
부산-1980-01-08-06:42,부산,1980-01-08,06:42,-60,1,ascSign|planetHouses,13.5333,7
부산-1980-01-08-06:42,부산,1980-01-08,06:42,-30,1,ascSign|planetHouses,6.9000,3
부산-1980-01-08-06:42,부산,1980-01-08,06:42,-15,1,ascSign|planetHouses,3.4833,3
부산-1980-01-08-06:42,부산,1980-01-08,06:42,-5,1,planetHouses,1.1667,2
부산-1980-01-08-06:42,부산,1980-01-08,06:42,5,0,,1.1667,0
부산-1980-01-08-06:42,부산,1980-01-08,06:42,15,0,,3.5500,0
부산-1980-01-08-06:42,부산,1980-01-08,06:42,30,1,mcSign|planetHouses,7.2167,3
부산-1980-01-08-06:42,부산,1980-01-08,06:42,60,1,hourPillar|minggongBranch|bodyPalaceBranch|soulStar|mcSign|planetHouses,14.8333,6
부산-1980-01-08-06:42,부산,1980-01-08,06:42,120,1,hourPillar|minggongBranch|bodyPalaceBranch|soulStar|ascSign|mcSign|planetHouses,31.6833,11
부산-1980-01-08-08:56,부산,1980-01-08,08:56,-120,1,hourPillar|minggongBranch|bodyPalaceBranch|soulStar|ascSign|mcSign|planetHouses,32.6667,12
부산-1980-01-08-08:56,부산,1980-01-08,08:56,-60,1,ascSign|planetHouses,17.4167,6
부산-1980-01-08-08:56,부산,1980-01-08,08:56,-30,1,planetHouses,9.0333,5
부산-1980-01-08-08:56,부산,1980-01-08,08:56,-15,1,planetHouses,4.6000,3
부산-1980-01-08-08:56,부산,1980-01-08,08:56,-5,0,,1.5500,0
부산-1980-01-08-08:56,부산,1980-01-08,08:56,5,0,,1.5667,0
부산-1980-01-08-08:56,부산,1980-01-08,08:56,15,1,mcSign|planetHouses,4.7667,2
부산-1980-01-08-08:56,부산,1980-01-08,08:56,30,1,hourPillar|minggongBranch|bodyPalaceBranch|soulStar|mcSign|planetHouses,9.7167,3
부산-1980-01-08-08:56,부산,1980-01-08,08:56,60,1,hourPillar|minggongBranch|bodyPalaceBranch|soulStar|mcSign|planetHouses,20.1667,4
부산-1980-01-08-08:56,부산,1980-01-08,08:56,120,1,hourPillar|minggongBranch|bodyPalaceBranch|soulStar|ascSign|mcSign|planetHouses,42.8333,12
부산-1980-01-08-10:10,부산,1980-01-08,10:10,-120,1,hourPillar|minggongBranch|bodyPalaceBranch|soulStar|ascSign|mcSign|planetHouses,38.8500,12
부산-1980-01-08-10:10,부산,1980-01-08,10:10,-60,1,hourPillar|minggongBranch|bodyPalaceBranch|soulStar|ascSign|planetHouses,20.8167,4
부산-1980-01-08-10:10,부산,1980-01-08,10:10,-30,1,ascSign|planetHouses,10.7667,2
부산-1980-01-08-10:10,부산,1980-01-08,10:10,-15,1,ascSign|planetHouses,5.4667,2
부산-1980-01-08-10:10,부산,1980-01-08,10:10,-5,0,,1.8333,0
부산-1980-01-08-10:10,부산,1980-01-08,10:10,5,0,,1.8500,0
부산-1980-01-08-10:10,부산,1980-01-08,10:10,15,1,planetHouses,5.6000,3
부산-1980-01-08-10:10,부산,1980-01-08,10:10,30,1,planetHouses,11.3333,6
부산-1980-01-08-10:10,부산,1980-01-08,10:10,60,1,planetHouses,23.0500,9
부산-1980-01-08-10:10,부산,1980-01-08,10:10,120,1,hourPillar|minggongBranch|bodyPalaceBranch|soulStar|ascSign|mcSign|planetHouses,46.3667,12
부산-1980-01-08-12:24,부산,1980-01-08,12:24,-120,1,hourPillar|minggongBranch|bodyPalaceBranch|soulStar|ascSign|mcSign|planetHouses,46.3500,12
부산-1980-01-08-12:24,부산,1980-01-08,12:24,-60,1,planetHouses,23.0167,7
부산-1980-01-08-12:24,부산,1980-01-08,12:24,-30,1,planetHouses,11.3167,5
부산-1980-01-08-12:24,부산,1980-01-08,12:24,-15,1,planetHouses,5.6000,3
부산-1980-01-08-12:24,부산,1980-01-08,12:24,-5,0,,1.8500,0
부산-1980-01-08-12:24,부산,1980-01-08,12:24,5,0,,1.8333,0
부산-1980-01-08-12:24,부산,1980-01-08,12:24,15,1,ascSign|planetHouses,5.4500,2
부산-1980-01-08-12:24,부산,1980-01-08,12:24,30,1,ascSign|planetHouses,10.7333,3
부산-1980-01-08-12:24,부산,1980-01-08,12:24,60,1,hourPillar|minggongBranch|bodyPalaceBranch|soulStar|ascSign|planetHouses,20.7667,5
부산-1980-01-08-12:24,부산,1980-01-08,12:24,120,1,hourPillar|minggongBranch|bodyPalaceBranch|soulStar|ascSign|mcSign|planetHouses,38.7500,12
부산-1980-01-08-14:38,부산,1980-01-08,14:38,-120,1,hourPillar|minggongBranch|bodyPalaceBranch|soulStar|ascSign|mcSign|planetHouses,37.4833,12
부산-1980-01-08-14:38,부산,1980-01-08,14:38,-60,1,ascSign|planetHouses,17.3667,8
부산-1980-01-08-14:38,부산,1980-01-08,14:38,-30,1,planetHouses,8.3667,3
부산-1980-01-08-14:38,부산,1980-01-08,14:38,-15,1,planetHouses,4.1167,1
부산-1980-01-08-14:38,부산,1980-01-08,14:38,-5,0,,1.3500,0
부산-1980-01-08-14:38,부산,1980-01-08,14:38,5,0,,1.3500,0
부산-1980-01-08-14:38,부산,1980-01-08,14:38,15,1,planetHouses,3.9833,2
부산-1980-01-08-14:38,부산,1980-01-08,14:38,30,1,planetHouses,7.8333,3
부산-1980-01-08-14:38,부산,1980-01-08,14:38,60,1,hourPillar|minggongBranch|bodyPalaceBranch|soulStar|mcSign|planetHouses,15.2167,7
부산-1980-01-08-14:38,부산,1980-01-08,14:38,120,1,hourPillar|minggongBranch|bodyPalaceBranch|soulStar|ascSign|mcSign|planetHouses,28.9667,12
부산-1980-01-08-16:52,부산,1980-01-08,16:52,-120,1,hourPillar|minggongBranch|bodyPalaceBranch|soulStar|ascSign|mcSign|planetHouses,28.3167,11
부산-1980-01-08-16:52,부산,1980-01-08,16:52,-60,1,ascSign|planetHouses,13.5000,6
부산-1980-01-08-16:52,부산,1980-01-08,16:52,-30,1,planetHouses,6.6167,3
부산-1980-01-08-16:52,부산,1980-01-08,16:52,-15,1,planetHouses,3.2833,1
부산-1980-01-08-16:52,부산,1980-01-08,16:52,-5,0,,1.0833,0
부산-1980-01-08-16:52,부산,1980-01-08,16:52,5,1,planetHouses,1.0833,1
부산-1980-01-08-16:52,부산,1980-01-08,16:52,15,1,planetHouses,3.2500,2
부산-1980-01-08-16:52,부산,1980-01-08,16:52,30,1,mcSign|planetHouses,6.4500,4
부산-1980-01-08-16:52,부산,1980-01-08,16:52,60,1,hourPillar|minggongBranch|bodyPalaceBranch|soulStar|mcSign|planetHouses,12.7500,6
부산-1980-01-08-16:52,부산,1980-01-08,16:52,120,1,hourPillar|minggongBranch|bodyPalaceBranch|soulStar|ascSign|mcSign|planetHouses,25.1333,11
부산-1980-01-08-18:06,부산,1980-01-08,18:06,-120,1,hourPillar|minggongBranch|bodyPalaceBranch|soulStar|mcSign|planetHouses,25.9167,12
부산-1980-01-08-18:06,부산,1980-01-08,18:06,-60,1,hourPillar|minggongBranch|bodyPalaceBranch|soulStar|mcSign|planetHouses,12.6333,5
부산-1980-01-08-18:06,부산,1980-01-08,18:06,-30,1,planetHouses,6.2667,2
부산-1980-01-08-18:06,부산,1980-01-08,18:06,-15,1,planetHouses,3.1167,1
부산-1980-01-08-18:06,부산,1980-01-08,18:06,-5,0,,1.0333,0
부산-1980-01-08-18:06,부산,1980-01-08,18:06,5,0,,1.0333,0
부산-1980-01-08-18:06,부산,1980-01-08,18:06,15,1,planetHouses,3.1000,2
부산-1980-01-08-18:06,부산,1980-01-08,18:06,30,1,ascSign|planetHouses,6.1833,4
부산-1980-01-08-18:06,부산,1980-01-08,18:06,60,1,ascSign|planetHouses,12.3333,6
부산-1980-01-08-18:06,부산,1980-01-08,18:06,120,1,hourPillar|minggongBranch|bodyPalaceBranch|soulStar|ascSign|mcSign|planetHouses,24.6167,11
부산-1980-01-08-20:20,부산,1980-01-08,20:20,-120,1,hourPillar|minggongBranch|bodyPalaceBranch|soulStar|ascSign|mcSign|planetHouses,24.5833,12
부산-1980-01-08-20:20,부산,1980-01-08,20:20,-60,1,hourPillar|minggongBranch|bodyPalaceBranch|soulStar|planetHouses,12.2833,5
부산-1980-01-08-20:20,부산,1980-01-08,20:20,-30,1,planetHouses,6.1500,3
부산-1980-01-08-20:20,부산,1980-01-08,20:20,-15,1,planetHouses,3.0667,2
부산-1980-01-08-20:20,부산,1980-01-08,20:20,-5,0,,1.0167,0
부산-1980-01-08-20:20,부산,1980-01-08,20:20,5,0,,1.0333,0
부산-1980-01-08-20:20,부산,1980-01-08,20:20,15,0,,3.0833,0
부산-1980-01-08-20:20,부산,1980-01-08,20:20,30,1,planetHouses,6.1667,2
부산-1980-01-08-20:20,부산,1980-01-08,20:20,60,1,ascSign|mcSign|planetHouses,12.3667,6
부산-1980-01-08-20:20,부산,1980-01-08,20:20,120,1,hourPillar|minggongBranch|bodyPalaceBranch|soulStar|ascSign|mcSign|planetHouses,24.8500,11
부산-1980-01-08-22:34,부산,1980-01-08,22:34,-120,1,hourPillar|minggongBranch|bodyPalaceBranch|soulStar|ascSign|mcSign|planetHouses,24.9000,11
부산-1980-01-08-22:34,부산,1980-01-08,22:34,-60,1,planetHouses,12.5000,4
부산-1980-01-08-22:34,부산,1980-01-08,22:34,-30,1,planetHouses,6.2667,2
부산-1980-01-08-22:34,부산,1980-01-08,22:34,-15,0,,3.1333,0
부산-1980-01-08-22:34,부산,1980-01-08,22:34,-5,0,,1.0500,0
부산-1980-01-08-22:34,부산,1980-01-08,22:34,5,1,planetHouses,1.0333,1
부산-1980-01-08-22:34,부산,1980-01-08,22:34,15,1,planetHouses,3.1333,1
부산-1980-01-08-22:34,부산,1980-01-08,22:34,30,1,planetHouses,6.2667,5
부산-1980-01-08-22:34,부산,1980-01-08,22:34,60,1,hourPillar|minggongBranch|bodyPalaceBranch|soulStar|ascSign|mcSign|planetHouses,12.5500,7
부산-1980-01-08-22:34,부산,1980-01-08,22:34,120,1,dayPillar|hourPillar|minggongBranch|bodyPalaceBranch|soulStar|ascSign|mcSign|planetHouses,25.0667,12
부산-1980-02-15-00:00,부산,1980-02-15,00:00,-120,1,hourPillar|minggongBranch|bodyPalaceBranch|soulStar|ascSign|mcSign|planetHouses,24.7833,12
부산-1980-02-15-00:00,부산,1980-02-15,00:00,-60,1,hourPillar|minggongBranch|bodyPalaceBranch|soulStar|ascSign|planetHouses,12.3333,4
부산-1980-02-15-00:00,부산,1980-02-15,00:00,-30,1,planetHouses,6.1500,1
부산-1980-02-15-00:00,부산,1980-02-15,00:00,-15,0,,3.0667,0
부산-1980-02-15-00:00,부산,1980-02-15,00:00,-5,0,,1.0167,0
부산-1980-02-15-00:00,부산,1980-02-15,00:00,5,0,,1.0333,0
부산-1980-02-15-00:00,부산,1980-02-15,00:00,15,0,,3.0833,0
부산-1980-02-15-00:00,부산,1980-02-15,00:00,30,1,dayPillar|planetHouses,6.1500,1
부산-1980-02-15-00:00,부산,1980-02-15,00:00,60,1,dayPillar|mcSign|planetHouses,12.2833,5
부산-1980-02-15-00:00,부산,1980-02-15,00:00,120,1,dayPillar|hourPillar|minggongBranch|bodyPalaceBranch|soulStar|ascSign|mcSign|planetHouses,24.6333,12
부산-1980-02-15-02:14,부산,1980-02-15,02:14,-120,1,dayPillar|hourPillar|minggongBranch|bodyPalaceBranch|soulStar|ascSign|mcSign|planetHouses,24.6667,12
부산-1980-02-15-02:14,부산,1980-02-15,02:14,-60,1,hourPillar|minggongBranch|bodyPalaceBranch|soulStar|ascSign|planetHouses,12.3833,5
부산-1980-02-15-02:14,부산,1980-02-15,02:14,-30,0,,6.2167,0
부산-1980-02-15-02:14,부산,1980-02-15,02:14,-15,0,,3.1167,0
부산-1980-02-15-02:14,부산,1980-02-15,02:14,-5,0,,1.0333,0
부산-1980-02-15-02:14,부산,1980-02-15,02:14,5,1,planetHouses,1.0500,1
부산-1980-02-15-02:14,부산,1980-02-15,02:14,15,1,planetHouses,3.1500,1
부산-1980-02-15-02:14,부산,1980-02-15,02:14,30,1,planetHouses,6.3167,2
부산-1980-02-15-02:14,부산,1980-02-15,02:14,60,1,mcSign|planetHouses,12.7833,7
부산-1980-02-15-02:14,부산,1980-02-15,02:14,120,1,hourPillar|minggongBranch|bodyPalaceBranch|soulStar|ascSign|mcSign|planetHouses,26.3333,12
부산-1980-02-15-04:28,부산,1980-02-15,04:28,-120,1,hourPillar|minggongBranch|bodyPalaceBranch|soulStar|ascSign|mcSign|planetHouses,26.7167,12
부산-1980-02-15-04:28,부산,1980-02-15,04:28,-60,1,ascSign|planetHouses,13.8000,5
부산-1980-02-15-04:28,부산,1980-02-15,04:28,-30,1,ascSign|planetHouses,7.0333,1
부산-1980-02-15-04:28,부산,1980-02-15,04:28,-15,0,,3.5500,0
부산-1980-02-15-04:28,부산,1980-02-15,04:28,-5,0,,1.1833,0
부산-1980-02-15-04:28,부산,1980-02-15,04:28,5,0,,1.2167,0
부산-1980-02-15-04:28,부산,1980-02-15,04:28,15,1,mcSign|planetHouses,3.6667,2
부산-1980-02-15-04:28,부산,1980-02-15,04:28,30,1,mcSign|planetHouses,7.4167,2
부산-1980-02-15-04:28,부산,1980-02-15,04:28,60,1,hourPillar|minggongBranch|bodyPalaceBranch|soulStar|mcSign|planetHouses,15.3000,7
부산-1980-02-15-04:28,부산,1980-02-15,04:28,120,1,hourPillar|minggongBranch|bodyPalaceBranch|soulStar|ascSign|mcSign|planetHouses,32.7667,12
부산-1980-02-15-06:42,부산,1980-02-15,06:42,-120,1,hourPillar|minggongBranch|bodyPalaceBranch|soulStar|ascSign|mcSign|planetHouses,33.8167,12
부산-1980-02-15-06:42,부산,1980-02-15,06:42,-60,1,ascSign|mcSign|planetHouses,18.0833,7
부산-1980-02-15-06:42,부산,1980-02-15,06:42,-30,1,mcSign|planetHouses,9.3833,4
부산-1980-02-15-06:42,부산,1980-02-15,06:42,-15,1,mcSign|planetHouses,4.7833,2
부산-1980-02-15-06:42,부산,1980-02-15,06:42,-5,1,mcSign|planetHouses,1.6167,1
부산-1980-02-15-06:42,부산,1980-02-15,06:42,5,0,,1.6333,0
부산-1980-02-15-06:42,부산,1980-02-15,06:42,15,0,,4.9667,0
부산-1980-02-15-06:42,부산,1980-02-15,06:42,30,1,planetHouses,10.1000,1
부산-1980-02-15-06:42,부산,1980-02-15,06:42,60,1,hourPillar|minggongBranch|bodyPalaceBranch|soulStar|ascSign|planetHouses,20.8833,4
부산-1980-02-15-06:42,부산,1980-02-15,06:42,120,1,hourPillar|minggongBranch|bodyPalaceBranch|soulStar|ascSign|planetHouses,43.9667,12
부산-1980-02-15-08:56,부산,1980-02-15,08:56,-120,1,hourPillar|minggongBranch|bodyPalaceBranch|soulStar|ascSign|mcSign|planetHouses,44.8667,12
부산-1980-02-15-08:56,부산,1980-02-15,08:56,-60,1,ascSign|mcSign|planetHouses,23.3500,5
부산-1980-02-15-08:56,부산,1980-02-15,08:56,-30,1,ascSign|mcSign|planetHouses,11.7833,1
부산-1980-02-15-08:56,부산,1980-02-15,08:56,-15,1,ascSign|mcSign,5.9000,0
부산-1980-02-15-08:56,부산,1980-02-15,08:56,-5,0,,1.9667,0
부산-1980-02-15-08:56,부산,1980-02-15,08:56,5,0,,1.9667,0
부산-1980-02-15-08:56,부산,1980-02-15,08:56,15,1,planetHouses,5.8667,2
부산-1980-02-15-08:56,부산,1980-02-15,08:56,30,1,hourPillar|minggongBranch|bodyPalaceBranch|soulStar|planetHouses,11.6833,4
부산-1980-02-15-08:56,부산,1980-02-15,08:56,60,1,hourPillar|minggongBranch|bodyPalaceBranch|soulStar|planetHouses,22.9833,11
부산-1980-02-15-08:56,부산,1980-02-15,08:56,120,1,hourPillar|minggongBranch|bodyPalaceBranch|soulStar|ascSign|mcSign|planetHouses,43.7000,12
부산-1980-02-15-10:10,부산,1980-02-15,10:10,-120,1,hourPillar|minggongBranch|bodyPalaceBranch|soulStar|ascSign|mcSign|planetHouses,46.0667,12
부산-1980-02-15-10:10,부산,1980-02-15,10:10,-60,1,hourPillar|minggongBranch|bodyPalaceBranch|soulStar|ascSign|planetHouses,22.5833,9
부산-1980-02-15-10:10,부산,1980-02-15,10:10,-30,1,ascSign|planetHouses,11.0500,6
부산-1980-02-15-10:10,부산,1980-02-15,10:10,-15,1,ascSign|planetHouses,5.4500,1
부산-1980-02-15-10:10,부산,1980-02-15,10:10,-5,1,ascSign,1.8000,0
부산-1980-02-15-10:10,부산,1980-02-15,10:10,5,0,,1.7833,0
부산-1980-02-15-10:10,부산,1980-02-15,10:10,15,0,,5.2833,0
부산-1980-02-15-10:10,부산,1980-02-15,10:10,30,1,planetHouses,10.3833,1
부산-1980-02-15-10:10,부산,1980-02-15,10:10,60,1,mcSign|planetHouses,20.0500,5
부산-1980-02-15-10:10,부산,1980-02-15,10:10,120,1,hourPillar|minggongBranch|bodyPalaceBranch|soulStar|ascSign|mcSign|planetHouses,37.3667,12
부산-1980-02-15-12:24,부산,1980-02-15,12:24,-120,1,hourPillar|minggongBranch|bodyPalaceBranch|soulStar|ascSign|mcSign|planetHouses,36.1333,12
부산-1980-02-15-12:24,부산,1980-02-15,12:24,-60,1,ascSign|planetHouses,16.7500,6
부산-1980-02-15-12:24,부산,1980-02-15,12:24,-30,0,,8.0833,0
부산-1980-02-15-12:24,부산,1980-02-15,12:24,-15,0,,3.9667,0
부산-1980-02-15-12:24,부산,1980-02-15,12:24,-5,0,,1.3000,0
부산-1980-02-15-12:24,부산,1980-02-15,12:24,5,0,,1.3000,0
부산-1980-02-15-12:24,부산,1980-02-15,12:24,15,1,planetHouses,3.8500,2
부산-1980-02-15-12:24,부산,1980-02-15,12:24,30,1,planetHouses,7.6000,4
부산-1980-02-15-12:24,부산,1980-02-15,12:24,60,1,hourPillar|minggongBranch|bodyPalaceBranch|soulStar|mcSign|planetHouses,14.7833,8
부산-1980-02-15-12:24,부산,1980-02-15,12:24,120,1,hourPillar|minggongBranch|bodyPalaceBranch|soulStar|ascSign|mcSign|planetHouses,28.2667,12
부산-1980-02-15-14:38,부산,1980-02-15,14:38,-120,1,hourPillar|minggongBranch|bodyPalaceBranch|soulStar|ascSign|mcSign|planetHouses,27.6833,12
부산-1980-02-15-14:38,부산,1980-02-15,14:38,-60,1,planetHouses,13.2667,5
부산-1980-02-15-14:38,부산,1980-02-15,14:38,-30,1,planetHouses,6.5167,2
부산-1980-02-15-14:38,부산,1980-02-15,14:38,-15,1,planetHouses,3.2333,2
부산-1980-02-15-14:38,부산,1980-02-15,14:38,-5,0,,1.0667,0
부산-1980-02-15-14:38,부산,1980-02-15,14:38,5,1,planetHouses,1.0667,2
부산-1980-02-15-14:38,부산,1980-02-15,14:38,15,1,mcSign|planetHouses,3.2000,2
부산-1980-02-15-14:38,부산,1980-02-15,14:38,30,1,mcSign|planetHouses,6.3667,3
부산-1980-02-15-14:38,부산,1980-02-15,14:38,60,1,hourPillar|minggongBranch|bodyPalaceBranch|soulStar|mcSign|planetHouses,12.6333,8
부산-1980-02-15-14:38,부산,1980-02-15,14:38,120,1,hourPillar|minggongBranch|bodyPalaceBranch|soulStar|ascSign|mcSign|planetHouses,24.9667,12
부산-1980-02-15-16:52,부산,1980-02-15,16:52,-120,1,hourPillar|minggongBranch|bodyPalaceBranch|soulStar|ascSign|mcSign|planetHouses,24.8333,12
부산-1980-02-15-16:52,부산,1980-02-15,16:52,-60,1,ascSign|mcSign|planetHouses,12.3000,7
부산-1980-02-15-16:52,부산,1980-02-15,16:52,-30,1,mcSign|planetHouses,6.1333,4
부산-1980-02-15-16:52,부산,1980-02-15,16:52,-15,1,mcSign|planetHouses,3.0667,1
부산-1980-02-15-16:52,부산,1980-02-15,16:52,-5,1,planetHouses,1.0167,1
부산-1980-02-15-16:52,부산,1980-02-15,16:52,5,0,,1.0333,0
부산-1980-02-15-16:52,부산,1980-02-15,16:52,15,1,planetHouses,3.0667,1
부산-1980-02-15-16:52,부산,1980-02-15,16:52,30,1,planetHouses,6.1500,3
부산-1980-02-15-16:52,부산,1980-02-15,16:52,60,1,hourPillar|minggongBranch|bodyPalaceBranch|soulStar|planetHouses,12.3000,5
부산-1980-02-15-16:52,부산,1980-02-15,16:52,120,1,hourPillar|minggongBranch|bodyPalaceBranch|soulStar|ascSign|mcSign|planetHouses,24.6667,11
부산-1980-02-15-18:06,부산,1980-02-15,18:06,-120,1,hourPillar|minggongBranch|bodyPalaceBranch|soulStar|mcSign|planetHouses,24.5833,10
부산-1980-02-15-18:06,부산,1980-02-15,18:06,-60,1,hourPillar|minggongBranch|bodyPalaceBranch|soulStar|planetHouses,12.3000,5
부산-1980-02-15-18:06,부산,1980-02-15,18:06,-30,1,planetHouses,6.1500,2
부산-1980-02-15-18:06,부산,1980-02-15,18:06,-15,1,planetHouses,3.0833,1
부산-1980-02-15-18:06,부산,1980-02-15,18:06,-5,0,,1.0167,0
부산-1980-02-15-18:06,부산,1980-02-15,18:06,5,0,,1.0333,0
부산-1980-02-15-18:06,부산,1980-02-15,18:06,15,1,ascSign|planetHouses,3.1000,4
부산-1980-02-15-18:06,부산,1980-02-15,18:06,30,1,ascSign|planetHouses,6.1833,5
부산-1980-02-15-18:06,부산,1980-02-15,18:06,60,1,ascSign|mcSign|planetHouses,12.4000,6
부산-1980-02-15-18:06,부산,1980-02-15,18:06,120,1,hourPillar|minggongBranch|bodyPalaceBranch|soulStar|ascSign|mcSign|planetHouses,24.9000,10
부산-1980-02-15-20:20,부산,1980-02-15,20:20,-120,1,hourPillar|minggongBranch|bodyPalaceBranch|soulStar|ascSign|mcSign|planetHouses,24.9500,8
부산-1980-02-15-20:20,부산,1980-02-15,20:20,-60,1,hourPillar|minggongBranch|bodyPalaceBranch|soulStar|planetHouses,12.5167,3
부산-1980-02-15-20:20,부산,1980-02-15,20:20,-30,1,planetHouses,6.2667,2
부산-1980-02-15-20:20,부산,1980-02-15,20:20,-15,1,planetHouses,3.1333,2
부산-1980-02-15-20:20,부산,1980-02-15,20:20,-5,0,,1.0500,0
부산-1980-02-15-20:20,부산,1980-02-15,20:20,5,1,planetHouses,1.0500,2
부산-1980-02-15-20:20,부산,1980-02-15,20:20,15,1,planetHouses,3.1333,4
부산-1980-02-15-20:20,부산,1980-02-15,20:20,30,1,ascSign|mcSign|planetHouses,6.2667,5
부산-1980-02-15-20:20,부산,1980-02-15,20:20,60,1,ascSign|mcSign|planetHouses,12.5500,8
부산-1980-02-15-20:20,부산,1980-02-15,20:20,120,1,hourPillar|minggongBranch|bodyPalaceBranch|soulStar|ascSign|mcSign|planetHouses,25.0500,10
부산-1980-02-15-22:34,부산,1980-02-15,22:34,-120,1,hourPillar|minggongBranch|bodyPalaceBranch|soulStar|ascSign|mcSign|planetHouses,25.0333,9
부산-1980-02-15-22:34,부산,1980-02-15,22:34,-60,1,planetHouses,12.4833,4
부산-1980-02-15-22:34,부산,1980-02-15,22:34,-30,1,planetHouses,6.2333,3
부산-1980-02-15-22:34,부산,1980-02-15,22:34,-15,1,planetHouses,3.1167,3
부산-1980-02-15-22:34,부산,1980-02-15,22:34,-5,0,,1.0333,0
부산-1980-02-15-22:34,부산,1980-02-15,22:34,5,1,planetHouses,1.0333,1
부산-1980-02-15-22:34,부산,1980-02-15,22:34,15,1,planetHouses,3.1000,3
부산-1980-02-15-22:34,부산,1980-02-15,22:34,30,1,mcSign|planetHouses,6.2000,4
부산-1980-02-15-22:34,부산,1980-02-15,22:34,60,1,hourPillar|minggongBranch|bodyPalaceBranch|soulStar|ascSign|mcSign|planetHouses,12.3833,7
부산-1980-02-15-22:34,부산,1980-02-15,22:34,120,1,dayPillar|hourPillar|bodyPalaceBranch|sihua|ascSign|mcSign|planetHouses,24.6667,11
부산-1980-03-22-00:00,부산,1980-03-22,00:00,-120,1,hourPillar|minggongBranch|bodyPalaceBranch|soulStar|ascSign|mcSign|planetHouses,24.7000,11
부산-1980-03-22-00:00,부산,1980-03-22,00:00,-60,1,hourPillar|minggongBranch|bodyPalaceBranch|soulStar|ascSign|planetHouses,12.4167,4
부산-1980-03-22-00:00,부산,1980-03-22,00:00,-30,1,planetHouses,6.2500,3
부산-1980-03-22-00:00,부산,1980-03-22,00:00,-15,1,planetHouses,3.1333,3
부산-1980-03-22-00:00,부산,1980-03-22,00:00,-5,0,,1.0500,0
부산-1980-03-22-00:00,부산,1980-03-22,00:00,5,1,planetHouses,1.0500,1
부산-1980-03-22-00:00,부산,1980-03-22,00:00,15,1,planetHouses,3.1667,1
부산-1980-03-22-00:00,부산,1980-03-22,00:00,30,1,dayPillar|mcSign|planetHouses,6.3500,1
부산-1980-03-22-00:00,부산,1980-03-22,00:00,60,1,dayPillar|mcSign|planetHouses,12.8500,7
부산-1980-03-22-00:00,부산,1980-03-22,00:00,120,1,dayPillar|hourPillar|minggongBranch|bodyPalaceBranch|soulStar|ascSign|mcSign|planetHouses,26.5333,12
부산-1980-03-22-02:14,부산,1980-03-22,02:14,-120,1,dayPillar|hourPillar|minggongBranch|bodyPalaceBranch|soulStar|ascSign|mcSign|planetHouses,26.9500,12
부산-1980-03-22-02:14,부산,1980-03-22,02:14,-60,1,hourPillar|minggongBranch|bodyPalaceBranch|soulStar|ascSign|planetHouses,13.9500,4
부산-1980-03-22-02:14,부산,1980-03-22,02:14,-30,1,planetHouses,7.1333,1
부산-1980-03-22-02:14,부산,1980-03-22,02:14,-15,1,planetHouses,3.6167,1
부산-1980-03-22-02:14,부산,1980-03-22,02:14,-5,0,,1.2167,0
부산-1980-03-22-02:14,부산,1980-03-22,02:14,5,1,mcSign|planetHouses,1.2167,1
부산-1980-03-22-02:14,부산,1980-03-22,02:14,15,1,mcSign|planetHouses,3.7000,1
부산-1980-03-22-02:14,부산,1980-03-22,02:14,30,1,mcSign|planetHouses,7.5167,3
부산-1980-03-22-02:14,부산,1980-03-22,02:14,60,1,mcSign|planetHouses,15.5167,7
부산-1980-03-22-02:14,부산,1980-03-22,02:14,120,1,hourPillar|minggongBranch|bodyPalaceBranch|soulStar|ascSign|mcSign|planetHouses,33.3167,12
부산-1980-03-22-04:28,부산,1980-03-22,04:28,-120,1,hourPillar|minggongBranch|bodyPalaceBranch|soulStar|ascSign|mcSign|planetHouses,34.4167,12
부산-1980-03-22-04:28,부산,1980-03-22,04:28,-60,1,ascSign|mcSign|planetHouses,18.4167,4
부산-1980-03-22-04:28,부산,1980-03-22,04:28,-30,1,mcSign|planetHouses,9.5500,3
부산-1980-03-22-04:28,부산,1980-03-22,04:28,-15,1,mcSign|planetHouses,4.8667,1
부산-1980-03-22-04:28,부산,1980-03-22,04:28,-5,0,,1.6333,0
부산-1980-03-22-04:28,부산,1980-03-22,04:28,5,1,planetHouses,1.6667,1
부산-1980-03-22-04:28,부산,1980-03-22,04:28,15,1,planetHouses,5.0500,1
부산-1980-03-22-04:28,부산,1980-03-22,04:28,30,1,planetHouses,10.2833,1
부산-1980-03-22-04:28,부산,1980-03-22,04:28,60,1,hourPillar|minggongBranch|bodyPalaceBranch|soulStar|ascSign|planetHouses,21.2333,9
부산-1980-03-22-04:28,부산,1980-03-22,04:28,120,1,hourPillar|minggongBranch|bodyPalaceBranch|soulStar|ascSign|mcSign|planetHouses,44.4667,12
부산-1980-03-22-06:42,부산,1980-03-22,06:42,-120,1,hourPillar|minggongBranch|bodyPalaceBranch|soulStar|ascSign|mcSign|planetHouses,45.2500,12
부산-1980-03-22-06:42,부산,1980-03-22,06:42,-60,1,ascSign|mcSign|planetHouses,23.4333,3
부산-1980-03-22-06:42,부산,1980-03-22,06:42,-30,1,ascSign|mcSign|planetHouses,11.7833,1
부산-1980-03-22-06:42,부산,1980-03-22,06:42,-15,1,planetHouses,5.8833,1
부산-1980-03-22-06:42,부산,1980-03-22,06:42,-5,0,,1.9500,0
부산-1980-03-22-06:42,부산,1980-03-22,06:42,5,1,planetHouses,1.9667,1
부산-1980-03-22-06:42,부산,1980-03-22,06:42,15,1,planetHouses,5.8500,5
부산-1980-03-22-06:42,부산,1980-03-22,06:42,30,1,planetHouses,11.6333,6
부산-1980-03-22-06:42,부산,1980-03-22,06:42,60,1,hourPillar|minggongBranch|bodyPalaceBranch|soulStar|planetHouses,22.8000,10
부산-1980-03-22-06:42,부산,1980-03-22,06:42,120,1,hourPillar|minggongBranch|bodyPalaceBranch|soulStar|ascSign|mcSign|planetHouses,43.1500,12
부산-1980-03-22-08:56,부산,1980-03-22,08:56,-120,1,hourPillar|minggongBranch|bodyPalaceBranch|soulStar|ascSign|mcSign|planetHouses,42.0167,12
부산-1980-03-22-08:56,부산,1980-03-22,08:56,-60,1,mcSign|planetHouses,19.6833,8
부산-1980-03-22-08:56,부산,1980-03-22,08:56,-30,1,mcSign|planetHouses,9.4833,6
부산-1980-03-22-08:56,부산,1980-03-22,08:56,-15,1,planetHouses,4.6500,1
부산-1980-03-22-08:56,부산,1980-03-22,08:56,-5,1,planetHouses,1.5333,1
부산-1980-03-22-08:56,부산,1980-03-22,08:56,5,1,planetHouses,1.5167,1
부산-1980-03-22-08:56,부산,1980-03-22,08:56,15,1,planetHouses,4.4833,3
부산-1980-03-22-08:56,부산,1980-03-22,08:56,30,1,hourPillar|minggongBranch|bodyPalaceBranch|soulStar|ascSign|planetHouses,8.8167,3
부산-1980-03-22-08:56,부산,1980-03-22,08:56,60,1,hourPillar|minggongBranch|bodyPalaceBranch|soulStar|ascSign|planetHouses,17.0167,4
부산-1980-03-22-08:56,부산,1980-03-22,08:56,120,1,hourPillar|minggongBranch|bodyPalaceBranch|soulStar|ascSign|mcSign|planetHouses,31.9667,12
부산-1980-03-22-10:10,부산,1980-03-22,10:10,-120,1,hourPillar|minggongBranch|bodyPalaceBranch|soulStar|ascSign|mcSign|planetHouses,35.4833,12
부산-1980-03-22-10:10,부산,1980-03-22,10:10,-60,1,hourPillar|minggongBranch|bodyPalaceBranch|soulStar|ascSign|planetHouses,16.4500,4
부산-1980-03-22-10:10,부산,1980-03-22,10:10,-30,1,planetHouses,7.9500,2
부산-1980-03-22-10:10,부산,1980-03-22,10:10,-15,1,planetHouses,3.9000,2
부산-1980-03-22-10:10,부산,1980-03-22,10:10,-5,1,planetHouses,1.2833,1
부산-1980-03-22-10:10,부산,1980-03-22,10:10,5,0,,1.2833,0
부산-1980-03-22-10:10,부산,1980-03-22,10:10,15,1,planetHouses,3.8000,3
부산-1980-03-22-10:10,부산,1980-03-22,10:10,30,1,mcSign|planetHouses,7.4833,4
부산-1980-03-22-10:10,부산,1980-03-22,10:10,60,1,mcSign|planetHouses,14.5833,8
부산-1980-03-22-10:10,부산,1980-03-22,10:10,120,1,hourPillar|minggongBranch|bodyPalaceBranch|soulStar|ascSign|mcSign|planetHouses,27.9500,11
부산-1980-03-22-12:24,부산,1980-03-22,12:24,-120,1,hourPillar|minggongBranch|bodyPalaceBranch|soulStar|ascSign|mcSign|planetHouses,27.4000,11
부산-1980-03-22-12:24,부산,1980-03-22,12:24,-60,1,planetHouses,13.1667,5
부산-1980-03-22-12:24,부산,1980-03-22,12:24,-30,1,planetHouses,6.4833,4
부산-1980-03-22-12:24,부산,1980-03-22,12:24,-15,1,planetHouses,3.2167,3
부산-1980-03-22-12:24,부산,1980-03-22,12:24,-5,0,,1.0667,0
부산-1980-03-22-12:24,부산,1980-03-22,12:24,5,1,mcSign,1.0667,0
부산-1980-03-22-12:24,부산,1980-03-22,12:24,15,1,mcSign|planetHouses,3.1833,3
부산-1980-03-22-12:24,부산,1980-03-22,12:24,30,1,mcSign|planetHouses,6.3333,4
부산-1980-03-22-12:24,부산,1980-03-22,12:24,60,1,hourPillar|minggongBranch|bodyPalaceBranch|soulStar|mcSign|planetHouses,12.5667,6
부산-1980-03-22-12:24,부산,1980-03-22,12:24,120,1,hourPillar|minggongBranch|bodyPalaceBranch|soulStar|ascSign|mcSign|planetHouses,24.8833,12
부산-1980-03-22-14:38,부산,1980-03-22,14:38,-120,1,hourPillar|minggongBranch|bodyPalaceBranch|soulStar|ascSign|mcSign|planetHouses,24.7833,11
부산-1980-03-22-14:38,부산,1980-03-22,14:38,-60,1,mcSign|planetHouses,12.3000,7
부산-1980-03-22-14:38,부산,1980-03-22,14:38,-30,1,mcSign|planetHouses,6.1333,2
부산-1980-03-22-14:38,부산,1980-03-22,14:38,-15,1,planetHouses,3.0667,1
부산-1980-03-22-14:38,부산,1980-03-22,14:38,-5,0,,1.0167,0
부산-1980-03-22-14:38,부산,1980-03-22,14:38,5,0,,1.0167,0
부산-1980-03-22-14:38,부산,1980-03-22,14:38,15,1,planetHouses,3.0667,1
부산-1980-03-22-14:38,부산,1980-03-22,14:38,30,1,planetHouses,6.1333,2
부산-1980-03-22-14:38,부산,1980-03-22,14:38,60,1,hourPillar|minggongBranch|bodyPalaceBranch|soulStar|planetHouses,12.3000,4
부산-1980-03-22-14:38,부산,1980-03-22,14:38,120,1,hourPillar|minggongBranch|bodyPalaceBranch|soulStar|ascSign|mcSign|planetHouses,24.6833,12
부산-1980-03-22-16:52,부산,1980-03-22,16:52,-120,1,hourPillar|minggongBranch|bodyPalaceBranch|soulStar|ascSign|mcSign|planetHouses,24.7167,12
부산-1980-03-22-16:52,부산,1980-03-22,16:52,-60,1,ascSign|mcSign|planetHouses,12.4167,5
부산-1980-03-22-16:52,부산,1980-03-22,16:52,-30,1,planetHouses,6.2167,2
부산-1980-03-22-16:52,부산,1980-03-22,16:52,-15,0,,3.1167,0
부산-1980-03-22-16:52,부산,1980-03-22,16:52,-5,0,,1.0333,0
부산-1980-03-22-16:52,부산,1980-03-22,16:52,5,0,,1.0500,0
부산-1980-03-22-16:52,부산,1980-03-22,16:52,15,0,,3.1167,0
부산-1980-03-22-16:52,부산,1980-03-22,16:52,30,0,,6.2500,0
부산-1980-03-22-16:52,부산,1980-03-22,16:52,60,1,hourPillar|minggongBranch|bodyPalaceBranch|soulStar|planetHouses,12.5167,4
부산-1980-03-22-16:52,부산,1980-03-22,16:52,120,1,hourPillar|minggongBranch|bodyPalaceBranch|soulStar|ascSign|mcSign|planetHouses,25.0667,12
부산-1980-03-22-18:06,부산,1980-03-22,18:06,-120,1,hourPillar|minggongBranch|bodyPalaceBranch|soulStar|mcSign|planetHouses,24.9667,11
부산-1980-03-22-18:06,부산,1980-03-22,18:06,-60,1,hourPillar|minggongBranch|bodyPalaceBranch|soulStar|planetHouses,12.5333,8
부산-1980-03-22-18:06,부산,1980-03-22,18:06,-30,1,planetHouses,6.2833,7
부산-1980-03-22-18:06,부산,1980-03-22,18:06,-15,1,planetHouses,3.1500,5
부산-1980-03-22-18:06,부산,1980-03-22,18:06,-5,0,,1.0500,0
부산-1980-03-22-18:06,부산,1980-03-22,18:06,5,0,,1.0333,0
부산-1980-03-22-18:06,부산,1980-03-22,18:06,15,1,planetHouses,3.1333,2
부산-1980-03-22-18:06,부산,1980-03-22,18:06,30,1,ascSign|mcSign|planetHouses,6.2667,3
부산-1980-03-22-18:06,부산,1980-03-22,18:06,60,1,ascSign|mcSign|planetHouses,12.5500,4
부산-1980-03-22-18:06,부산,1980-03-22,18:06,120,1,hourPillar|minggongBranch|bodyPalaceBranch|soulStar|ascSign|mcSign|planetHouses,25.0333,8
부산-1980-03-22-20:20,부산,1980-03-22,20:20,-120,1,hourPillar|minggongBranch|bodyPalaceBranch|soulStar|ascSign|mcSign|planetHouses,25.0333,10
부산-1980-03-22-20:20,부산,1980-03-22,20:20,-60,1,hourPillar|minggongBranch|bodyPalaceBranch|soulStar|planetHouses,12.4833,8
부산-1980-03-22-20:20,부산,1980-03-22,20:20,-30,1,planetHouses,6.2333,8
부산-1980-03-22-20:20,부산,1980-03-22,20:20,-15,1,planetHouses,3.1167,4
부산-1980-03-22-20:20,부산,1980-03-22,20:20,-5,0,,1.0500,0
부산-1980-03-22-20:20,부산,1980-03-22,20:20,5,0,,1.0333,0
부산-1980-03-22-20:20,부산,1980-03-22,20:20,15,1,mcSign|planetHouses,3.1000,3
부산-1980-03-22-20:20,부산,1980-03-22,20:20,30,1,ascSign|mcSign|planetHouses,6.1833,3
부산-1980-03-22-20:20,부산,1980-03-22,20:20,60,1,ascSign|mcSign|planetHouses,12.3667,4
부산-1980-03-22-20:20,부산,1980-03-22,20:20,120,1,hourPillar|minggongBranch|bodyPalaceBranch|soulStar|ascSign|mcSign|planetHouses,24.6500,7
부산-1980-03-22-22:34,부산,1980-03-22,22:34,-120,1,hourPillar|minggongBranch|bodyPalaceBranch|soulStar|ascSign|mcSign|planetHouses,24.6167,9
부산-1980-03-22-22:34,부산,1980-03-22,22:34,-60,1,mcSign|planetHouses,12.2667,8
부산-1980-03-22-22:34,부산,1980-03-22,22:34,-30,1,mcSign|planetHouses,6.1333,6
부산-1980-03-22-22:34,부산,1980-03-22,22:34,-15,1,mcSign|planetHouses,3.0667,5
부산-1980-03-22-22:34,부산,1980-03-22,22:34,-5,1,mcSign|planetHouses,1.0167,1
부산-1980-03-22-22:34,부산,1980-03-22,22:34,5,1,planetHouses,1.0333,1
부산-1980-03-22-22:34,부산,1980-03-22,22:34,15,1,planetHouses,3.0833,2
부산-1980-03-22-22:34,부산,1980-03-22,22:34,30,1,planetHouses,6.1500,4
부산-1980-03-22-22:34,부산,1980-03-22,22:34,60,1,hourPillar|minggongBranch|bodyPalaceBranch|soulStar|ascSign|planetHouses,12.3500,4
부산-1980-03-22-22:34,부산,1980-03-22,22:34,120,1,dayPillar|hourPillar|minggongBranch|bodyPalaceBranch|soulStar|ascSign|mcSign|planetHouses,25.0000,11
부산-1980-04-02-00:00,부산,1980-04-02,00:00,-120,1,hourPillar|minggongBranch|bodyPalaceBranch|soulStar|ascSign|mcSign|planetHouses,25.0500,10
부산-1980-04-02-00:00,부산,1980-04-02,00:00,-60,1,hourPillar|minggongBranch|bodyPalaceBranch|soulStar|mcSign|planetHouses,12.7000,7
부산-1980-04-02-00:00,부산,1980-04-02,00:00,-30,1,mcSign|planetHouses,6.4167,4
부산-1980-04-02-00:00,부산,1980-04-02,00:00,-15,1,planetHouses,3.2333,4
부산-1980-04-02-00:00,부산,1980-04-02,00:00,-5,0,,1.0833,0
부산-1980-04-02-00:00,부산,1980-04-02,00:00,5,1,planetHouses,1.0833,1
부산-1980-04-02-00:00,부산,1980-04-02,00:00,15,1,planetHouses,3.2667,2
부산-1980-04-02-00:00,부산,1980-04-02,00:00,30,1,dayPillar|planetHouses,6.5833,4
부산-1980-04-02-00:00,부산,1980-04-02,00:00,60,1,dayPillar|ascSign|planetHouses,13.4000,6
부산-1980-04-02-00:00,부산,1980-04-02,00:00,120,1,dayPillar|hourPillar|minggongBranch|bodyPalaceBranch|soulStar|ascSign|mcSign|planetHouses,28.0333,9
부산-1980-04-02-02:14,부산,1980-04-02,02:14,-120,1,dayPillar|hourPillar|minggongBranch|bodyPalaceBranch|soulStar|ascSign|mcSign|planetHouses,28.6333,11
부산-1980-04-02-02:14,부산,1980-04-02,02:14,-60,1,hourPillar|minggongBranch|bodyPalaceBranch|soulStar|mcSign|planetHouses,15.0000,7
부산-1980-04-02-02:14,부산,1980-04-02,02:14,-30,1,planetHouses,7.7167,5
부산-1980-04-02-02:14,부산,1980-04-02,02:14,-15,1,planetHouses,3.9167,3
부산-1980-04-02-02:14,부산,1980-04-02,02:14,-5,0,,1.3167,0
부산-1980-04-02-02:14,부산,1980-04-02,02:14,5,1,planetHouses,1.3333,1
부산-1980-04-02-02:14,부산,1980-04-02,02:14,15,1,planetHouses,4.0500,2
부산-1980-04-02-02:14,부산,1980-04-02,02:14,30,1,planetHouses,8.2500,2
부산-1980-04-02-02:14,부산,1980-04-02,02:14,60,1,ascSign|planetHouses,17.1000,6
부산-1980-04-02-02:14,부산,1980-04-02,02:14,120,1,hourPillar|minggongBranch|bodyPalaceBranch|soulStar|ascSign|mcSign|planetHouses,36.9000,10
부산-1980-04-02-04:28,부산,1980-04-02,04:28,-120,1,hourPillar|minggongBranch|bodyPalaceBranch|soulStar|ascSign|mcSign|planetHouses,38.1333,12
부산-1980-04-02-04:28,부산,1980-04-02,04:28,-60,1,ascSign|mcSign|planetHouses,20.4500,6
부산-1980-04-02-04:28,부산,1980-04-02,04:28,-30,1,ascSign|planetHouses,10.5833,5
부산-1980-04-02-04:28,부산,1980-04-02,04:28,-15,1,ascSign|planetHouses,5.3667,4
부산-1980-04-02-04:28,부산,1980-04-02,04:28,-5,1,ascSign|planetHouses,1.8000,1
부산-1980-04-02-04:28,부산,1980-04-02,04:28,5,0,,1.8333,0
부산-1980-04-02-04:28,부산,1980-04-02,04:28,15,0,,5.5500,0
부산-1980-04-02-04:28,부산,1980-04-02,04:28,30,1,planetHouses,11.2167,3
부산-1980-04-02-04:28,부산,1980-04-02,04:28,60,1,hourPillar|minggongBranch|bodyPalaceBranch|soulStar|planetHouses,22.8500,7
부산-1980-04-02-04:28,부산,1980-04-02,04:28,120,1,hourPillar|minggongBranch|bodyPalaceBranch|soulStar|ascSign|mcSign|planetHouses,46.2667,12
부산-1980-04-02-06:42,부산,1980-04-02,06:42,-120,1,hourPillar|minggongBranch|bodyPalaceBranch|soulStar|ascSign|mcSign|planetHouses,46.4000,12
부산-1980-04-02-06:42,부산,1980-04-02,06:42,-60,1,ascSign|mcSign|planetHouses,23.2167,7
부산-1980-04-02-06:42,부산,1980-04-02,06:42,-30,1,planetHouses,11.4500,4
부산-1980-04-02-06:42,부산,1980-04-02,06:42,-15,1,planetHouses,5.6833,2
부산-1980-04-02-06:42,부산,1980-04-02,06:42,-5,0,,1.8833,0
부산-1980-04-02-06:42,부산,1980-04-02,06:42,5,1,planetHouses,1.8500,2
부산-1980-04-02-06:42,부산,1980-04-02,06:42,15,1,planetHouses,5.5167,4
부산-1980-04-02-06:42,부산,1980-04-02,06:42,30,1,ascSign|planetHouses,10.9000,4
부산-1980-04-02-06:42,부산,1980-04-02,06:42,60,1,hourPillar|minggongBranch|bodyPalaceBranch|soulStar|ascSign|planetHouses,21.1167,5
부산-1980-04-02-06:42,부산,1980-04-02,06:42,120,1,hourPillar|minggongBranch|bodyPalaceBranch|soulStar|ascSign|mcSign|planetHouses,39.4500,11
부산-1980-04-02-08:56,부산,1980-04-02,08:56,-120,1,hourPillar|minggongBranch|bodyPalaceBranch|soulStar|ascSign|mcSign|planetHouses,38.1833,11
부산-1980-04-02-08:56,부산,1980-04-02,08:56,-60,1,ascSign|planetHouses,17.7000,7
부산-1980-04-02-08:56,부산,1980-04-02,08:56,-30,1,ascSign|planetHouses,8.5333,3
부산-1980-04-02-08:56,부산,1980-04-02,08:56,-15,1,planetHouses,4.1833,2
부산-1980-04-02-08:56,부산,1980-04-02,08:56,-5,0,,1.3833,0
부산-1980-04-02-08:56,부산,1980-04-02,08:56,5,0,,1.3667,0
부산-1980-04-02-08:56,부산,1980-04-02,08:56,15,1,planetHouses,4.0500,1
부산-1980-04-02-08:56,부산,1980-04-02,08:56,30,1,hourPillar|minggongBranch|bodyPalaceBranch|soulStar|planetHouses,7.9667,2
부산-1980-04-02-08:56,부산,1980-04-02,08:56,60,1,hourPillar|minggongBranch|bodyPalaceBranch|soulStar|mcSign|planetHouses,15.4500,6
부산-1980-04-02-08:56,부산,1980-04-02,08:56,120,1,hourPillar|minggongBranch|bodyPalaceBranch|soulStar|ascSign|mcSign|planetHouses,29.3667,12
부산-1980-04-02-10:10,부산,1980-04-02,10:10,-120,1,hourPillar|minggongBranch|bodyPalaceBranch|soulStar|ascSign|mcSign|planetHouses,32.1500,12
부산-1980-04-02-10:10,부산,1980-04-02,10:10,-60,1,hourPillar|minggongBranch|bodyPalaceBranch|soulStar|mcSign|planetHouses,15.0333,6
부산-1980-04-02-10:10,부산,1980-04-02,10:10,-30,1,mcSign|planetHouses,7.3000,2
부산-1980-04-02-10:10,부산,1980-04-02,10:10,-15,1,planetHouses,3.6000,1
부산-1980-04-02-10:10,부산,1980-04-02,10:10,-5,0,,1.2000,0
부산-1980-04-02-10:10,부산,1980-04-02,10:10,5,0,,1.1833,0
부산-1980-04-02-10:10,부산,1980-04-02,10:10,15,1,planetHouses,3.5167,1
부산-1980-04-02-10:10,부산,1980-04-02,10:10,30,1,ascSign|planetHouses,6.9500,2
부산-1980-04-02-10:10,부산,1980-04-02,10:10,60,1,ascSign|planetHouses,13.6333,5
부산-1980-04-02-10:10,부산,1980-04-02,10:10,120,1,hourPillar|minggongBranch|bodyPalaceBranch|soulStar|ascSign|mcSign|planetHouses,26.4667,11
부산-1980-04-02-12:24,부산,1980-04-02,12:24,-120,1,hourPillar|minggongBranch|bodyPalaceBranch|soulStar|ascSign|mcSign|planetHouses,26.1000,11
부산-1980-04-02-12:24,부산,1980-04-02,12:24,-60,1,mcSign|planetHouses,12.7000,4
부산-1980-04-02-12:24,부산,1980-04-02,12:24,-30,1,planetHouses,6.2833,1
부산-1980-04-02-12:24,부산,1980-04-02,12:24,-15,1,planetHouses,3.1333,1
부산-1980-04-02-12:24,부산,1980-04-02,12:24,-5,1,planetHouses,1.0500,1
부산-1980-04-02-12:24,부산,1980-04-02,12:24,5,1,planetHouses,1.0333,1
부산-1980-04-02-12:24,부산,1980-04-02,12:24,15,1,planetHouses,3.1000,1
부산-1980-04-02-12:24,부산,1980-04-02,12:24,30,1,ascSign|planetHouses,6.2000,3
부산-1980-04-02-12:24,부산,1980-04-02,12:24,60,1,hourPillar|minggongBranch|bodyPalaceBranch|soulStar|ascSign|planetHouses,12.3667,9
부산-1980-04-02-12:24,부산,1980-04-02,12:24,120,1,hourPillar|minggongBranch|bodyPalaceBranch|soulStar|ascSign|mcSign|planetHouses,24.6333,11
부산-1980-04-02-14:38,부산,1980-04-02,14:38,-120,1,hourPillar|minggongBranch|bodyPalaceBranch|soulStar|ascSign|mcSign|planetHouses,24.6000,11
부산-1980-04-02-14:38,부산,1980-04-02,14:38,-60,1,planetHouses,12.2833,2
부산-1980-04-02-14:38,부산,1980-04-02,14:38,-30,1,planetHouses,6.1333,2
부산-1980-04-02-14:38,부산,1980-04-02,14:38,-15,1,planetHouses,3.0667,2
부산-1980-04-02-14:38,부산,1980-04-02,14:38,-5,1,planetHouses,1.0167,1
부산-1980-04-02-14:38,부산,1980-04-02,14:38,5,0,,1.0333,0
부산-1980-04-02-14:38,부산,1980-04-02,14:38,15,1,planetHouses,3.0833,1
부산-1980-04-02-14:38,부산,1980-04-02,14:38,30,1,planetHouses,6.1667,6
부산-1980-04-02-14:38,부산,1980-04-02,14:38,60,1,hourPillar|minggongBranch|bodyPalaceBranch|soulStar|ascSign|mcSign|planetHouses,12.3667,9
부산-1980-04-02-14:38,부산,1980-04-02,14:38,120,1,hourPillar|minggongBranch|bodyPalaceBranch|soulStar|ascSign|mcSign|planetHouses,24.8333,12
부산-1980-04-02-16:52,부산,1980-04-02,16:52,-120,1,hourPillar|minggongBranch|bodyPalaceBranch|soulStar|ascSign|mcSign|planetHouses,24.8667,11
부산-1980-04-02-16:52,부산,1980-04-02,16:52,-60,1,planetHouses,12.4833,2
부산-1980-04-02-16:52,부산,1980-04-02,16:52,-30,1,planetHouses,6.2667,2
부산-1980-04-02-16:52,부산,1980-04-02,16:52,-15,0,,3.1333,0
부산-1980-04-02-16:52,부산,1980-04-02,16:52,-5,0,,1.0500,0
부산-1980-04-02-16:52,부산,1980-04-02,16:52,5,0,,1.0333,0
부산-1980-04-02-16:52,부산,1980-04-02,16:52,15,1,planetHouses,3.1333,1
부산-1980-04-02-16:52,부산,1980-04-02,16:52,30,1,planetHouses,6.2667,6
부산-1980-04-02-16:52,부산,1980-04-02,16:52,60,1,hourPillar|minggongBranch|bodyPalaceBranch|soulStar|ascSign|mcSign|planetHouses,12.5500,9
부산-1980-04-02-16:52,부산,1980-04-02,16:52,120,1,hourPillar|minggongBranch|bodyPalaceBranch|soulStar|ascSign|mcSign|planetHouses,25.0833,12
부산-1980-04-02-18:06,부산,1980-04-02,18:06,-120,1,hourPillar|minggongBranch|bodyPalaceBranch|soulStar|ascSign|mcSign|planetHouses,25.0667,12
부산-1980-04-02-18:06,부산,1980-04-02,18:06,-60,1,hourPillar|minggongBranch|bodyPalaceBranch|soulStar|ascSign|mcSign|planetHouses,12.5667,9
부산-1980-04-02-18:06,부산,1980-04-02,18:06,-30,1,ascSign|mcSign|planetHouses,6.2833,2
부산-1980-04-02-18:06,부산,1980-04-02,18:06,-15,1,planetHouses,3.1500,1
부산-1980-04-02-18:06,부산,1980-04-02,18:06,-5,1,planetHouses,1.0500,1
부산-1980-04-02-18:06,부산,1980-04-02,18:06,5,0,,1.0333,0
부산-1980-04-02-18:06,부산,1980-04-02,18:06,15,0,,3.1333,0
부산-1980-04-02-18:06,부산,1980-04-02,18:06,30,1,planetHouses,6.2667,1
부산-1980-04-02-18:06,부산,1980-04-02,18:06,60,1,planetHouses,12.5167,3
부산-1980-04-02-18:06,부산,1980-04-02,18:06,120,1,hourPillar|minggongBranch|bodyPalaceBranch|soulStar|ascSign|mcSign|planetHouses,24.9333,11
부산-1980-04-02-20:20,부산,1980-04-02,20:20,-120,1,hourPillar|minggongBranch|bodyPalaceBranch|soulStar|ascSign|mcSign|planetHouses,24.9000,12
부산-1980-04-02-20:20,부산,1980-04-02,20:20,-60,1,hourPillar|minggongBranch|bodyPalaceBranch|soulStar|ascSign|mcSign|planetHouses,12.4000,8
부산-1980-04-02-20:20,부산,1980-04-02,20:20,-30,1,ascSign|planetHouses,6.1833,2
부산-1980-04-02-20:20,부산,1980-04-02,20:20,-15,1,planetHouses,3.0833,1
부산-1980-04-02-20:20,부산,1980-04-02,20:20,-5,1,planetHouses,1.0333,1
부산-1980-04-02-20:20,부산,1980-04-02,20:20,5,0,,1.0333,0
부산-1980-04-02-20:20,부산,1980-04-02,20:20,15,0,,3.0833,0
부산-1980-04-02-20:20,부산,1980-04-02,20:20,30,1,planetHouses,6.1667,2
부산-1980-04-02-20:20,부산,1980-04-02,20:20,60,1,planetHouses,12.3000,4
부산-1980-04-02-20:20,부산,1980-04-02,20:20,120,1,hourPillar|minggongBranch|bodyPalaceBranch|soulStar|mcSign|planetHouses,24.5833,11
부산-1980-04-02-22:34,부산,1980-04-02,22:34,-120,1,hourPillar|minggongBranch|bodyPalaceBranch|soulStar|ascSign|mcSign|planetHouses,24.5833,12
부산-1980-04-02-22:34,부산,1980-04-02,22:34,-60,1,ascSign|mcSign|planetHouses,12.3000,8
부산-1980-04-02-22:34,부산,1980-04-02,22:34,-30,1,ascSign|planetHouses,6.1667,4
부산-1980-04-02-22:34,부산,1980-04-02,22:34,-15,1,ascSign|planetHouses,3.0833,2
부산-1980-04-02-22:34,부산,1980-04-02,22:34,-5,1,ascSign|planetHouses,1.0333,1
부산-1980-04-02-22:34,부산,1980-04-02,22:34,5,0,,1.0333,0
부산-1980-04-02-22:34,부산,1980-04-02,22:34,15,1,planetHouses,3.1000,1
부산-1980-04-02-22:34,부산,1980-04-02,22:34,30,1,planetHouses,6.2167,2
부산-1980-04-02-22:34,부산,1980-04-02,22:34,60,1,hourPillar|minggongBranch|bodyPalaceBranch|soulStar|planetHouses,12.5333,3
부산-1980-04-02-22:34,부산,1980-04-02,22:34,120,1,dayPillar|hourPillar|minggongBranch|bodyPalaceBranch|soulStar|mcSign|planetHouses,25.6167,12
부산-1980-05-09-00:00,부산,1980-05-09,00:00,-120,1,hourPillar|minggongBranch|bodyPalaceBranch|soulStar|ascSign|mcSign|planetHouses,29.2167,12
부산-1980-05-09-00:00,부산,1980-05-09,00:00,-60,1,hourPillar|minggongBranch|bodyPalaceBranch|soulStar|mcSign|planetHouses,15.3667,9
부산-1980-05-09-00:00,부산,1980-05-09,00:00,-30,1,planetHouses,7.9167,8
부산-1980-05-09-00:00,부산,1980-05-09,00:00,-15,1,planetHouses,4.0333,4
부산-1980-05-09-00:00,부산,1980-05-09,00:00,-5,1,planetHouses,1.3667,2
부산-1980-05-09-00:00,부산,1980-05-09,00:00,5,0,,1.3667,0
부산-1980-05-09-00:00,부산,1980-05-09,00:00,15,0,,4.1500,0
부산-1980-05-09-00:00,부산,1980-05-09,00:00,30,1,dayPillar|ascSign|planetHouses,8.4667,2
부산-1980-05-09-00:00,부산,1980-05-09,00:00,60,1,dayPillar|ascSign|planetHouses,17.5667,4
부산-1980-05-09-00:00,부산,1980-05-09,00:00,120,1,dayPillar|hourPillar|minggongBranch|bodyPalaceBranch|soulStar|ascSign|mcSign|planetHouses,37.9000,11
부산-1980-05-09-02:14,부산,1980-05-09,02:14,-120,1,dayPillar|hourPillar|minggongBranch|bodyPalaceBranch|soulStar|ascSign|mcSign|planetHouses,39.1833,12
부산-1980-05-09-02:14,부산,1980-05-09,02:14,-60,1,hourPillar|minggongBranch|bodyPalaceBranch|soulStar|ascSign|planetHouses,21.0000,8
부산-1980-05-09-02:14,부산,1980-05-09,02:14,-30,1,ascSign|planetHouses,10.8500,6
부산-1980-05-09-02:14,부산,1980-05-09,02:14,-15,1,planetHouses,5.5000,3
부산-1980-05-09-02:14,부산,1980-05-09,02:14,-5,0,,1.8500,0
부산-1980-05-09-02:14,부산,1980-05-09,02:14,5,1,planetHouses,1.8667,1
부산-1980-05-09-02:14,부산,1980-05-09,02:14,15,1,planetHouses,5.6333,2
부산-1980-05-09-02:14,부산,1980-05-09,02:14,30,1,planetHouses,11.4000,3
부산-1980-05-09-02:14,부산,1980-05-09,02:14,60,1,planetHouses,23.1333,5
부산-1980-05-09-02:14,부산,1980-05-09,02:14,120,1,hourPillar|minggongBranch|bodyPalaceBranch|soulStar|ascSign|mcSign|planetHouses,46.3833,12
부산-1980-05-09-04:28,부산,1980-05-09,04:28,-120,1,hourPillar|minggongBranch|bodyPalaceBranch|soulStar|ascSign|mcSign|planetHouses,46.3167,12
부산-1980-05-09-04:28,부산,1980-05-09,04:28,-60,1,planetHouses,22.9333,9
부산-1980-05-09-04:28,부산,1980-05-09,04:28,-30,1,planetHouses,11.2500,3
부산-1980-05-09-04:28,부산,1980-05-09,04:28,-15,1,planetHouses,5.5667,1
부산-1980-05-09-04:28,부산,1980-05-09,04:28,-5,0,,1.8333,0
부산-1980-05-09-04:28,부산,1980-05-09,04:28,5,0,,1.8333,0
부산-1980-05-09-04:28,부산,1980-05-09,04:28,15,1,ascSign,5.4167,0
부산-1980-05-09-04:28,부산,1980-05-09,04:28,30,1,ascSign|planetHouses,10.6500,2
부산-1980-05-09-04:28,부산,1980-05-09,04:28,60,1,hourPillar|minggongBranch|bodyPalaceBranch|soulStar|ascSign|mcSign|planetHouses,20.6000,5
부산-1980-05-09-04:28,부산,1980-05-09,04:28,120,1,hourPillar|minggongBranch|bodyPalaceBranch|soulStar|ascSign|mcSign|planetHouses,38.4167,12
부산-1980-05-09-06:42,부산,1980-05-09,06:42,-120,1,hourPillar|minggongBranch|bodyPalaceBranch|soulStar|ascSign|mcSign|planetHouses,37.1500,12
부산-1980-05-09-06:42,부산,1980-05-09,06:42,-60,1,ascSign|planetHouses,17.2167,4
부산-1980-05-09-06:42,부산,1980-05-09,06:42,-30,1,planetHouses,8.3000,2
부산-1980-05-09-06:42,부산,1980-05-09,06:42,-15,0,,4.0667,0
부산-1980-05-09-06:42,부산,1980-05-09,06:42,-5,0,,1.3333,0
부산-1980-05-09-06:42,부산,1980-05-09,06:42,5,1,planetHouses,1.3333,1
부산-1980-05-09-06:42,부산,1980-05-09,06:42,15,1,planetHouses,3.9500,1
부산-1980-05-09-06:42,부산,1980-05-09,06:42,30,1,planetHouses,7.7833,3
부산-1980-05-09-06:42,부산,1980-05-09,06:42,60,1,hourPillar|minggongBranch|bodyPalaceBranch|soulStar|mcSign|planetHouses,15.1167,8
부산-1980-05-09-06:42,부산,1980-05-09,06:42,120,1,hourPillar|minggongBranch|bodyPalaceBranch|soulStar|ascSign|mcSign|planetHouses,28.8000,12
부산-1980-05-09-08:56,부산,1980-05-09,08:56,-120,1,hourPillar|minggongBranch|bodyPalaceBranch|soulStar|ascSign|mcSign|planetHouses,28.1500,12
부산-1980-05-09-08:56,부산,1980-05-09,08:56,-60,1,ascSign|planetHouses,13.4500,6
부산-1980-05-09-08:56,부산,1980-05-09,08:56,-30,1,planetHouses,6.6000,3
부산-1980-05-09-08:56,부산,1980-05-09,08:56,-15,1,planetHouses,3.2667,2
부산-1980-05-09-08:56,부산,1980-05-09,08:56,-5,1,planetHouses,1.0833,2
부산-1980-05-09-08:56,부산,1980-05-09,08:56,5,0,,1.0833,0
부산-1980-05-09-08:56,부산,1980-05-09,08:56,15,0,,3.2333,0
부산-1980-05-09-08:56,부산,1980-05-09,08:56,30,1,hourPillar|minggongBranch|bodyPalaceBranch|soulStar|mcSign|planetHouses,6.4333,2
부산-1980-05-09-08:56,부산,1980-05-09,08:56,60,1,hourPillar|minggongBranch|bodyPalaceBranch|soulStar|mcSign|planetHouses,12.7167,5
부산-1980-05-09-08:56,부산,1980-05-09,08:56,120,1,hourPillar|minggongBranch|bodyPalaceBranch|soulStar|ascSign|mcSign|planetHouses,25.1000,12
부산-1980-05-09-10:10,부산,1980-05-09,10:10,-120,1,hourPillar|minggongBranch|bodyPalaceBranch|soulStar|mcSign|planetHouses,25.8500,10
부산-1980-05-09-10:10,부산,1980-05-09,10:10,-60,1,hourPillar|minggongBranch|bodyPalaceBranch|soulStar|mcSign|planetHouses,12.6167,6
부산-1980-05-09-10:10,부산,1980-05-09,10:10,-30,1,planetHouses,6.2500,3
부산-1980-05-09-10:10,부산,1980-05-09,10:10,-15,1,planetHouses,3.1167,1
부산-1980-05-09-10:10,부산,1980-05-09,10:10,-5,0,,1.0333,0
부산-1980-05-09-10:10,부산,1980-05-09,10:10,5,0,,1.0333,0
부산-1980-05-09-10:10,부산,1980-05-09,10:10,15,1,ascSign|planetHouses,3.1000,2
부산-1980-05-09-10:10,부산,1980-05-09,10:10,30,1,ascSign|planetHouses,6.1833,6
부산-1980-05-09-10:10,부산,1980-05-09,10:10,60,1,ascSign|mcSign|planetHouses,12.3167,8
부산-1980-05-09-10:10,부산,1980-05-09,10:10,120,1,hourPillar|minggongBranch|bodyPalaceBranch|soulStar|ascSign|mcSign|planetHouses,24.6000,10
부산-1980-05-09-12:24,부산,1980-05-09,12:24,-120,1,hourPillar|minggongBranch|bodyPalaceBranch|soulStar|ascSign|mcSign|planetHouses,24.6000,10
부산-1980-05-09-12:24,부산,1980-05-09,12:24,-60,1,planetHouses,12.3000,3
부산-1980-05-09-12:24,부산,1980-05-09,12:24,-30,1,planetHouses,6.1667,3
부산-1980-05-09-12:24,부산,1980-05-09,12:24,-15,1,planetHouses,3.0833,2
부산-1980-05-09-12:24,부산,1980-05-09,12:24,-5,1,planetHouses,1.0333,1
부산-1980-05-09-12:24,부산,1980-05-09,12:24,5,1,planetHouses,1.0167,2
부산-1980-05-09-12:24,부산,1980-05-09,12:24,15,1,planetHouses,3.0833,4
부산-1980-05-09-12:24,부산,1980-05-09,12:24,30,1,ascSign|planetHouses,6.1667,7
부산-1980-05-09-12:24,부산,1980-05-09,12:24,60,1,hourPillar|minggongBranch|bodyPalaceBranch|soulStar|ascSign|mcSign|planetHouses,12.3667,9
부산-1980-05-09-12:24,부산,1980-05-09,12:24,120,1,hourPillar|minggongBranch|bodyPalaceBranch|soulStar|ascSign|mcSign|planetHouses,24.8500,10
부산-1980-05-09-14:38,부산,1980-05-09,14:38,-120,1,hourPillar|minggongBranch|bodyPalaceBranch|soulStar|ascSign|mcSign|planetHouses,24.9167,8
부산-1980-05-09-14:38,부산,1980-05-09,14:38,-60,1,planetHouses,12.5167,3
부산-1980-05-09-14:38,부산,1980-05-09,14:38,-30,1,planetHouses,6.2667,3
부산-1980-05-09-14:38,부산,1980-05-09,14:38,-15,1,planetHouses,3.1333,2
부산-1980-05-09-14:38,부산,1980-05-09,14:38,-5,1,planetHouses,1.0500,1
부산-1980-05-09-14:38,부산,1980-05-09,14:38,5,1,planetHouses,1.0333,4
부산-1980-05-09-14:38,부산,1980-05-09,14:38,15,1,planetHouses,3.1333,4
부산-1980-05-09-14:38,부산,1980-05-09,14:38,30,1,planetHouses,6.2667,7
부산-1980-05-09-14:38,부산,1980-05-09,14:38,60,1,hourPillar|minggongBranch|bodyPalaceBranch|soulStar|ascSign|mcSign|planetHouses,12.5500,9
부산-1980-05-09-14:38,부산,1980-05-09,14:38,120,1,hourPillar|minggongBranch|bodyPalaceBranch|soulStar|ascSign|mcSign|planetHouses,25.0667,11
부산-1980-05-09-16:52,부산,1980-05-09,16:52,-120,1,hourPillar|minggongBranch|bodyPalaceBranch|soulStar|ascSign|mcSign|planetHouses,25.0667,10
부산-1980-05-09-16:52,부산,1980-05-09,16:52,-60,1,planetHouses,12.5167,5
부산-1980-05-09-16:52,부산,1980-05-09,16:52,-30,1,planetHouses,6.2500,5
부산-1980-05-09-16:52,부산,1980-05-09,16:52,-15,1,planetHouses,3.1167,3
부산-1980-05-09-16:52,부산,1980-05-09,16:52,-5,1,planetHouses,1.0500,3
부산-1980-05-09-16:52,부산,1980-05-09,16:52,5,1,planetHouses,1.0333,1
부산-1980-05-09-16:52,부산,1980-05-09,16:52,15,1,planetHouses,3.1000,2
부산-1980-05-09-16:52,부산,1980-05-09,16:52,30,1,planetHouses,6.2167,5
부산-1980-05-09-16:52,부산,1980-05-09,16:52,60,1,hourPillar|minggongBranch|bodyPalaceBranch|soulStar|ascSign|mcSign|planetHouses,12.4000,7
부산-1980-05-09-16:52,부산,1980-05-09,16:52,120,1,hourPillar|minggongBranch|bodyPalaceBranch|soulStar|ascSign|mcSign|planetHouses,24.7000,10
부산-1980-05-09-18:06,부산,1980-05-09,18:06,-120,1,hourPillar|minggongBranch|bodyPalaceBranch|soulStar|ascSign|mcSign|planetHouses,24.8667,12
부산-1980-05-09-18:06,부산,1980-05-09,18:06,-60,1,hourPillar|minggongBranch|bodyPalaceBranch|soulStar|ascSign|mcSign|planetHouses,12.3833,5
부산-1980-05-09-18:06,부산,1980-05-09,18:06,-30,1,ascSign|planetHouses,6.1833,1
부산-1980-05-09-18:06,부산,1980-05-09,18:06,-15,0,,3.0833,0
부산-1980-05-09-18:06,부산,1980-05-09,18:06,-5,0,,1.0333,0
부산-1980-05-09-18:06,부산,1980-05-09,18:06,5,0,,1.0167,0
부산-1980-05-09-18:06,부산,1980-05-09,18:06,15,0,,3.0667,0
부산-1980-05-09-18:06,부산,1980-05-09,18:06,30,1,planetHouses,6.1500,1
부산-1980-05-09-18:06,부산,1980-05-09,18:06,60,1,planetHouses,12.2833,5
부산-1980-05-09-18:06,부산,1980-05-09,18:06,120,1,hourPillar|minggongBranch|bodyPalaceBranch|soulStar|ascSign|mcSign|planetHouses,24.5833,12
부산-1980-05-09-20:20,부산,1980-05-09,20:20,-120,1,hourPillar|minggongBranch|bodyPalaceBranch|soulStar|ascSign|mcSign|planetHouses,24.6000,12
부산-1980-05-09-20:20,부산,1980-05-09,20:20,-60,1,hourPillar|minggongBranch|bodyPalaceBranch|soulStar|ascSign|mcSign|planetHouses,12.3167,6
부산-1980-05-09-20:20,부산,1980-05-09,20:20,-30,1,ascSign|planetHouses,6.1833,2
부산-1980-05-09-20:20,부산,1980-05-09,20:20,-15,1,ascSign,3.0833,0
부산-1980-05-09-20:20,부산,1980-05-09,20:20,-5,0,,1.0333,0
부산-1980-05-09-20:20,부산,1980-05-09,20:20,5,0,,1.0500,0
부산-1980-05-09-20:20,부산,1980-05-09,20:20,15,1,planetHouses,3.1167,2
부산-1980-05-09-20:20,부산,1980-05-09,20:20,30,1,planetHouses,6.2500,3
부산-1980-05-09-20:20,부산,1980-05-09,20:20,60,1,mcSign|planetHouses,12.6167,7
부산-1980-05-09-20:20,부산,1980-05-09,20:20,120,1,hourPillar|minggongBranch|bodyPalaceBranch|soulStar|mcSign|planetHouses,25.8500,12
부산-1980-05-09-22:34,부산,1980-05-09,22:34,-120,1,hourPillar|minggongBranch|bodyPalaceBranch|soulStar|ascSign|mcSign|planetHouses,26.1667,12
부산-1980-05-09-22:34,부산,1980-05-09,22:34,-60,1,ascSign|planetHouses,13.4500,7
부산-1980-05-09-22:34,부산,1980-05-09,22:34,-30,1,ascSign|planetHouses,6.8500,4
부산-1980-05-09-22:34,부산,1980-05-09,22:34,-15,1,ascSign|planetHouses,3.4500,1
부산-1980-05-09-22:34,부산,1980-05-09,22:34,-5,0,,1.1500,0
부산-1980-05-09-22:34,부산,1980-05-09,22:34,5,1,planetHouses,1.1667,1
부산-1980-05-09-22:34,부산,1980-05-09,22:34,15,1,planetHouses,3.5333,2
부산-1980-05-09-22:34,부산,1980-05-09,22:34,30,1,planetHouses,7.1667,3
부산-1980-05-09-22:34,부산,1980-05-09,22:34,60,1,hourPillar|minggongBranch|bodyPalaceBranch|soulStar|mcSign|planetHouses,14.7333,6
부산-1980-05-09-22:34,부산,1980-05-09,22:34,120,1,dayPillar|hourPillar|minggongBranch|bodyPalaceBranch|soulStar|ascSign|mcSign|planetHouses,31.4000,12
부산-1980-06-16-00:00,부산,1980-06-16,00:00,-120,1,hourPillar|minggongBranch|bodyPalaceBranch|soulStar|ascSign|mcSign|planetHouses,40.5667,12
부산-1980-06-16-00:00,부산,1980-06-16,00:00,-60,1,hourPillar|minggongBranch|bodyPalaceBranch|soulStar|ascSign|planetHouses,21.6667,6
부산-1980-06-16-00:00,부산,1980-06-16,00:00,-30,1,planetHouses,11.1500,4
부산-1980-06-16-00:00,부산,1980-06-16,00:00,-15,1,planetHouses,5.6500,1
부산-1980-06-16-00:00,부산,1980-06-16,00:00,-5,0,,1.9000,0
부산-1980-06-16-00:00,부산,1980-06-16,00:00,5,0,,1.9000,0
부산-1980-06-16-00:00,부산,1980-06-16,00:00,15,1,planetHouses,5.7500,2
부산-1980-06-16-00:00,부산,1980-06-16,00:00,30,1,dayPillar|planetHouses,11.6000,5
부산-1980-06-16-00:00,부산,1980-06-16,00:00,60,1,dayPillar|ascSign|mcSign|planetHouses,23.4000,8
부산-1980-06-16-00:00,부산,1980-06-16,00:00,120,1,dayPillar|hourPillar|minggongBranch|bodyPalaceBranch|soulStar|ascSign|mcSign|planetHouses,46.2833,12
부산-1980-06-16-02:14,부산,1980-06-16,02:14,-120,1,dayPillar|hourPillar|minggongBranch|bodyPalaceBranch|soulStar|ascSign|mcSign|planetHouses,45.9667,12
부산-1980-06-16-02:14,부산,1980-06-16,02:14,-60,1,hourPillar|minggongBranch|bodyPalaceBranch|soulStar|ascSign|planetHouses,22.4667,9
부산-1980-06-16-02:14,부산,1980-06-16,02:14,-30,1,ascSign|planetHouses,10.9667,5
부산-1980-06-16-02:14,부산,1980-06-16,02:14,-15,1,ascSign|planetHouses,5.4167,3
부산-1980-06-16-02:14,부산,1980-06-16,02:14,-5,1,planetHouses,1.7833,1
부산-1980-06-16-02:14,부산,1980-06-16,02:14,5,0,,1.7667,0
부산-1980-06-16-02:14,부산,1980-06-16,02:14,15,1,planetHouses,5.2333,1
부산-1980-06-16-02:14,부산,1980-06-16,02:14,30,1,planetHouses,10.2833,3
부산-1980-06-16-02:14,부산,1980-06-16,02:14,60,1,mcSign|planetHouses,19.8667,5
부산-1980-06-16-02:14,부산,1980-06-16,02:14,120,1,hourPillar|minggongBranch|bodyPalaceBranch|soulStar|ascSign|mcSign|planetHouses,37.0333,12
부산-1980-06-16-04:28,부산,1980-06-16,04:28,-120,1,hourPillar|minggongBranch|bodyPalaceBranch|soulStar|ascSign|mcSign|planetHouses,35.8333,12
부산-1980-06-16-04:28,부산,1980-06-16,04:28,-60,1,ascSign|planetHouses,16.6167,6
부산-1980-06-16-04:28,부산,1980-06-16,04:28,-30,1,planetHouses,8.0167,2
부산-1980-06-16-04:28,부산,1980-06-16,04:28,-15,1,planetHouses,3.9500,1
부산-1980-06-16-04:28,부산,1980-06-16,04:28,-5,0,,1.3000,0
부산-1980-06-16-04:28,부산,1980-06-16,04:28,5,1,planetHouses,1.2833,2
부산-1980-06-16-04:28,부산,1980-06-16,04:28,15,1,planetHouses,3.8167,2
부산-1980-06-16-04:28,부산,1980-06-16,04:28,30,1,mcSign|planetHouses,7.5333,3
부산-1980-06-16-04:28,부산,1980-06-16,04:28,60,1,hourPillar|minggongBranch|bodyPalaceBranch|soulStar|mcSign|planetHouses,14.6667,8
부산-1980-06-16-04:28,부산,1980-06-16,04:28,120,1,hourPillar|minggongBranch|bodyPalaceBranch|soulStar|ascSign|mcSign|planetHouses,28.1000,12
부산-1980-06-16-06:42,부산,1980-06-16,06:42,-120,1,hourPillar|minggongBranch|bodyPalaceBranch|soulStar|ascSign|mcSign|planetHouses,27.5333,12
부산-1980-06-16-06:42,부산,1980-06-16,06:42,-60,1,planetHouses,13.2167,6
부산-1980-06-16-06:42,부산,1980-06-16,06:42,-30,1,planetHouses,6.5000,4
부산-1980-06-16-06:42,부산,1980-06-16,06:42,-15,1,planetHouses,3.2167,1
부산-1980-06-16-06:42,부산,1980-06-16,06:42,-5,0,,1.0667,0
부산-1980-06-16-06:42,부산,1980-06-16,06:42,5,1,mcSign,1.0667,0
부산-1980-06-16-06:42,부산,1980-06-16,06:42,15,1,mcSign,3.2000,0
부산-1980-06-16-06:42,부산,1980-06-16,06:42,30,1,mcSign|planetHouses,6.3500,2
부산-1980-06-16-06:42,부산,1980-06-16,06:42,60,1,hourPillar|minggongBranch|bodyPalaceBranch|soulStar|mcSign|planetHouses,12.6000,5
부산-1980-06-16-06:42,부산,1980-06-16,06:42,120,1,hourPillar|minggongBranch|bodyPalaceBranch|soulStar|ascSign|mcSign|planetHouses,24.9333,12
부산-1980-06-16-08:56,부산,1980-06-16,08:56,-120,1,hourPillar|minggongBranch|bodyPalaceBranch|soulStar|ascSign|mcSign|planetHouses,24.8167,12
부산-1980-06-16-08:56,부산,1980-06-16,08:56,-60,1,mcSign|planetHouses,12.3000,6
부산-1980-06-16-08:56,부산,1980-06-16,08:56,-30,1,mcSign|planetHouses,6.1500,1
부산-1980-06-16-08:56,부산,1980-06-16,08:56,-15,1,planetHouses,3.0667,1
부산-1980-06-16-08:56,부산,1980-06-16,08:56,-5,0,,1.0333,0
부산-1980-06-16-08:56,부산,1980-06-16,08:56,5,0,,1.0167,0
부산-1980-06-16-08:56,부산,1980-06-16,08:56,15,0,,3.0667,0
부산-1980-06-16-08:56,부산,1980-06-16,08:56,30,1,hourPillar|minggongBranch|bodyPalaceBranch|soulStar|planetHouses,6.1333,1
부산-1980-06-16-08:56,부산,1980-06-16,08:56,60,1,hourPillar|minggongBranch|bodyPalaceBranch|soulStar|planetHouses,12.2833,6
부산-1980-06-16-08:56,부산,1980-06-16,08:56,120,1,hourPillar|minggongBranch|bodyPalaceBranch|soulStar|ascSign|mcSign|planetHouses,24.6667,12
부산-1980-06-16-10:10,부산,1980-06-16,10:10,-120,1,hourPillar|minggongBranch|bodyPalaceBranch|soulStar|mcSign|planetHouses,24.6000,12
부산-1980-06-16-10:10,부산,1980-06-16,10:10,-60,1,hourPillar|minggongBranch|bodyPalaceBranch|soulStar|planetHouses,12.3167,10
부산-1980-06-16-10:10,부산,1980-06-16,10:10,-30,1,planetHouses,6.1667,9
부산-1980-06-16-10:10,부산,1980-06-16,10:10,-15,1,planetHouses,3.0833,5
부산-1980-06-16-10:10,부산,1980-06-16,10:10,-5,1,planetHouses,1.0333,1
부산-1980-06-16-10:10,부산,1980-06-16,10:10,5,0,,1.0167,0
부산-1980-06-16-10:10,부산,1980-06-16,10:10,15,1,ascSign,3.0833,0
부산-1980-06-16-10:10,부산,1980-06-16,10:10,30,1,ascSign|mcSign|planetHouses,6.1833,2
부산-1980-06-16-10:10,부산,1980-06-16,10:10,60,1,ascSign|mcSign|planetHouses,12.4000,2
부산-1980-06-16-10:10,부산,1980-06-16,10:10,120,1,hourPillar|minggongBranch|bodyPalaceBranch|soulStar|ascSign|mcSign|planetHouses,24.9000,9
부산-1980-06-16-12:24,부산,1980-06-16,12:24,-120,1,hourPillar|minggongBranch|bodyPalaceBranch|soulStar|mcSign|planetHouses,24.9500,11
부산-1980-06-16-12:24,부산,1980-06-16,12:24,-60,1,planetHouses,12.5167,9
부산-1980-06-16-12:24,부산,1980-06-16,12:24,-30,1,planetHouses,6.2667,7
부산-1980-06-16-12:24,부산,1980-06-16,12:24,-15,1,planetHouses,3.1333,3
부산-1980-06-16-12:24,부산,1980-06-16,12:24,-5,1,planetHouses,1.0500,1
부산-1980-06-16-12:24,부산,1980-06-16,12:24,5,1,planetHouses,1.0500,1
부산-1980-06-16-12:24,부산,1980-06-16,12:24,15,1,planetHouses,3.1333,1
부산-1980-06-16-12:24,부산,1980-06-16,12:24,30,1,ascSign|mcSign|planetHouses,6.2833,2
부산-1980-06-16-12:24,부산,1980-06-16,12:24,60,1,hourPillar|minggongBranch|bodyPalaceBranch|soulStar|ascSign|mcSign|planetHouses,12.5500,3
부산-1980-06-16-12:24,부산,1980-06-16,12:24,120,1,hourPillar|minggongBranch|bodyPalaceBranch|soulStar|ascSign|mcSign|planetHouses,25.0500,9
부산-1980-06-16-14:38,부산,1980-06-16,14:38,-120,1,hourPillar|minggongBranch|bodyPalaceBranch|soulStar|ascSign|mcSign|planetHouses,25.0333,9
부산-1980-06-16-14:38,부산,1980-06-16,14:38,-60,1,planetHouses,12.4833,7
부산-1980-06-16-14:38,부산,1980-06-16,14:38,-30,1,planetHouses,6.2333,5
부산-1980-06-16-14:38,부산,1980-06-16,14:38,-15,1,planetHouses,3.1167,1
부산-1980-06-16-14:38,부산,1980-06-16,14:38,-5,0,,1.0500,0
부산-1980-06-16-14:38,부산,1980-06-16,14:38,5,1,planetHouses,1.0333,2
부산-1980-06-16-14:38,부산,1980-06-16,14:38,15,1,planetHouses,3.1000,3
부산-1980-06-16-14:38,부산,1980-06-16,14:38,30,1,mcSign|planetHouses,6.2000,4
부산-1980-06-16-14:38,부산,1980-06-16,14:38,60,1,hourPillar|minggongBranch|bodyPalaceBranch|soulStar|ascSign|mcSign|planetHouses,12.3667,5
부산-1980-06-16-14:38,부산,1980-06-16,14:38,120,1,hourPillar|minggongBranch|bodyPalaceBranch|soulStar|ascSign|mcSign|planetHouses,24.6500,11
부산-1980-06-16-16:52,부산,1980-06-16,16:52,-120,1,hourPillar|minggongBranch|bodyPalaceBranch|soulStar|ascSign|mcSign|planetHouses,24.6333,8
부산-1980-06-16-16:52,부산,1980-06-16,16:52,-60,1,planetHouses,12.2833,6
부산-1980-06-16-16:52,부산,1980-06-16,16:52,-30,1,planetHouses,6.1333,3
부산-1980-06-16-16:52,부산,1980-06-16,16:52,-15,0,,3.0667,0
부산-1980-06-16-16:52,부산,1980-06-16,16:52,-5,0,,1.0167,0
부산-1980-06-16-16:52,부산,1980-06-16,16:52,5,1,mcSign|planetHouses,1.0167,1
부산-1980-06-16-16:52,부산,1980-06-16,16:52,15,1,mcSign|planetHouses,3.0667,3
부산-1980-06-16-16:52,부산,1980-06-16,16:52,30,1,mcSign|planetHouses,6.1500,5
부산-1980-06-16-16:52,부산,1980-06-16,16:52,60,1,hourPillar|minggongBranch|bodyPalaceBranch|soulStar|ascSign|mcSign|planetHouses,12.3333,6
부산-1980-06-16-16:52,부산,1980-06-16,16:52,120,1,hourPillar|minggongBranch|bodyPalaceBranch|soulStar|ascSign|mcSign|planetHouses,24.9500,11
부산-1980-06-16-18:06,부산,1980-06-16,18:06,-120,1,hourPillar|minggongBranch|bodyPalaceBranch|soulStar|ascSign|mcSign|planetHouses,24.6500,12
부산-1980-06-16-18:06,부산,1980-06-16,18:06,-60,1,hourPillar|minggongBranch|bodyPalaceBranch|soulStar|ascSign|planetHouses,12.3667,5
부산-1980-06-16-18:06,부산,1980-06-16,18:06,-30,1,planetHouses,6.2000,3
부산-1980-06-16-18:06,부산,1980-06-16,18:06,-15,1,planetHouses,3.1000,2
부산-1980-06-16-18:06,부산,1980-06-16,18:06,-5,1,planetHouses,1.0333,1
부산-1980-06-16-18:06,부산,1980-06-16,18:06,5,1,planetHouses,1.0500,1
부산-1980-06-16-18:06,부산,1980-06-16,18:06,15,1,planetHouses,3.1500,1
부산-1980-06-16-18:06,부산,1980-06-16,18:06,30,1,planetHouses,6.3000,1
부산-1980-06-16-18:06,부산,1980-06-16,18:06,60,1,mcSign|planetHouses,12.7333,5
부산-1980-06-16-18:06,부산,1980-06-16,18:06,120,1,hourPillar|minggongBranch|bodyPalaceBranch|soulStar|ascSign|mcSign|planetHouses,26.2167,11
부산-1980-06-16-20:20,부산,1980-06-16,20:20,-120,1,hourPillar|minggongBranch|bodyPalaceBranch|soulStar|ascSign|mcSign|planetHouses,26.5833,12
부산-1980-06-16-20:20,부산,1980-06-16,20:20,-60,1,hourPillar|minggongBranch|bodyPalaceBranch|soulStar|ascSign|planetHouses,13.7167,6
부산-1980-06-16-20:20,부산,1980-06-16,20:20,-30,1,ascSign|planetHouses,7.0000,4
부산-1980-06-16-20:20,부산,1980-06-16,20:20,-15,1,planetHouses,3.5333,2
부산-1980-06-16-20:20,부산,1980-06-16,20:20,-5,0,,1.1833,0
부산-1980-06-16-20:20,부산,1980-06-16,20:20,5,1,planetHouses,1.2000,1
부산-1980-06-16-20:20,부산,1980-06-16,20:20,15,1,planetHouses,3.6333,1
부산-1980-06-16-20:20,부산,1980-06-16,20:20,30,1,mcSign|planetHouses,7.3667,1
부산-1980-06-16-20:20,부산,1980-06-16,20:20,60,1,mcSign|planetHouses,15.1667,7
부산-1980-06-16-20:20,부산,1980-06-16,20:20,120,1,hourPillar|minggongBranch|bodyPalaceBranch|soulStar|ascSign|mcSign|planetHouses,32.4500,11
부산-1980-06-16-22:34,부산,1980-06-16,22:34,-120,1,hourPillar|minggongBranch|bodyPalaceBranch|soulStar|ascSign|mcSign|planetHouses,33.4833,12
부산-1980-06-16-22:34,부산,1980-06-16,22:34,-60,1,ascSign|planetHouses,17.8833,6
부산-1980-06-16-22:34,부산,1980-06-16,22:34,-30,1,planetHouses,9.2667,4
부산-1980-06-16-22:34,부산,1980-06-16,22:34,-15,1,planetHouses,4.7167,2
부산-1980-06-16-22:34,부산,1980-06-16,22:34,-5,1,planetHouses,1.6000,1
부산-1980-06-16-22:34,부산,1980-06-16,22:34,5,1,mcSign,1.6167,0
부산-1980-06-16-22:34,부산,1980-06-16,22:34,15,1,mcSign|planetHouses,4.9000,2
부산-1980-06-16-22:34,부산,1980-06-16,22:34,30,1,mcSign|planetHouses,10.0000,3
부산-1980-06-16-22:34,부산,1980-06-16,22:34,60,1,hourPillar|minggongBranch|bodyPalaceBranch|soulStar|ascSign|mcSign|planetHouses,20.6833,5
부산-1980-06-16-22:34,부산,1980-06-16,22:34,120,1,dayPillar|hourPillar|minggongBranch|bodyPalaceBranch|soulStar|ascSign|mcSign|planetHouses,43.6667,12
부산-1980-07-23-00:00,부산,1980-07-23,00:00,-120,1,hourPillar|minggongBranch|bodyPalaceBranch|soulStar|ascSign|mcSign|planetHouses,45.5167,12
부산-1980-07-23-00:00,부산,1980-07-23,00:00,-60,1,hourPillar|minggongBranch|bodyPalaceBranch|soulStar|ascSign|planetHouses,22.0333,7
부산-1980-07-23-00:00,부산,1980-07-23,00:00,-30,1,ascSign,10.7167,0
부산-1980-07-23-00:00,부산,1980-07-23,00:00,-15,0,,5.2833,0
부산-1980-07-23-00:00,부산,1980-07-23,00:00,-5,0,,1.7333,0
부산-1980-07-23-00:00,부산,1980-07-23,00:00,5,1,planetHouses,1.7167,1
부산-1980-07-23-00:00,부산,1980-07-23,00:00,15,1,planetHouses,5.1000,3
부산-1980-07-23-00:00,부산,1980-07-23,00:00,30,1,dayPillar|planetHouses,10.0167,3
부산-1980-07-23-00:00,부산,1980-07-23,00:00,60,1,dayPillar|mcSign|planetHouses,19.3333,8
부산-1980-07-23-00:00,부산,1980-07-23,00:00,120,1,dayPillar|hourPillar|minggongBranch|bodyPalaceBranch|soulStar|ascSign|mcSign|planetHouses,36.0333,12
부산-1980-07-23-02:14,부산,1980-07-23,02:14,-120,1,dayPillar|hourPillar|minggongBranch|bodyPalaceBranch|soulStar|ascSign|mcSign|planetHouses,34.8667,12
부산-1980-07-23-02:14,부산,1980-07-23,02:14,-60,1,hourPillar|minggongBranch|bodyPalaceBranch|soulStar|planetHouses,16.1833,6
부산-1980-07-23-02:14,부산,1980-07-23,02:14,-30,1,planetHouses,7.8333,4
부산-1980-07-23-02:14,부산,1980-07-23,02:14,-15,1,planetHouses,3.8500,1
부산-1980-07-23-02:14,부산,1980-07-23,02:14,-5,1,planetHouses,1.2833,1
부산-1980-07-23-02:14,부산,1980-07-23,02:14,5,0,,1.2500,0
부산-1980-07-23-02:14,부산,1980-07-23,02:14,15,0,,3.7333,0
부산-1980-07-23-02:14,부산,1980-07-23,02:14,30,1,mcSign|planetHouses,7.3667,4
부산-1980-07-23-02:14,부산,1980-07-23,02:14,60,1,ascSign|mcSign|planetHouses,14.3833,6
부산-1980-07-23-02:14,부산,1980-07-23,02:14,120,1,hourPillar|minggongBranch|bodyPalaceBranch|soulStar|ascSign|mcSign|planetHouses,27.6333,12
부산-1980-07-23-04:28,부산,1980-07-23,04:28,-120,1,hourPillar|minggongBranch|bodyPalaceBranch|soulStar|ascSign|mcSign|planetHouses,27.1333,12
부산-1980-07-23-04:28,부산,1980-07-23,04:28,-60,1,mcSign|planetHouses,13.0667,5
부산-1980-07-23-04:28,부산,1980-07-23,04:28,-30,1,mcSign|planetHouses,6.4333,1
부산-1980-07-23-04:28,부산,1980-07-23,04:28,-15,1,mcSign|planetHouses,3.2000,1
부산-1980-07-23-04:28,부산,1980-07-23,04:28,-5,0,,1.0667,0
부산-1980-07-23-04:28,부산,1980-07-23,04:28,5,0,,1.0667,0
부산-1980-07-23-04:28,부산,1980-07-23,04:28,15,0,,3.1667,0
부산-1980-07-23-04:28,부산,1980-07-23,04:28,30,1,planetHouses,6.3000,3
부산-1980-07-23-04:28,부산,1980-07-23,04:28,60,1,hourPillar|minggongBranch|bodyPalaceBranch|soulStar|planetHouses,12.5167,7
부산-1980-07-23-04:28,부산,1980-07-23,04:28,120,1,hourPillar|minggongBranch|bodyPalaceBranch|soulStar|ascSign|mcSign|planetHouses,24.8333,11
부산-1980-07-23-06:42,부산,1980-07-23,06:42,-120,1,hourPillar|minggongBranch|bodyPalaceBranch|soulStar|ascSign|mcSign|planetHouses,24.7333,12
부산-1980-07-23-06:42,부산,1980-07-23,06:42,-60,1,mcSign|planetHouses,12.2833,3
부산-1980-07-23-06:42,부산,1980-07-23,06:42,-30,1,mcSign|planetHouses,6.1333,1
부산-1980-07-23-06:42,부산,1980-07-23,06:42,-15,1,planetHouses,3.0667,1
부산-1980-07-23-06:42,부산,1980-07-23,06:42,-5,1,planetHouses,1.0167,1
부산-1980-07-23-06:42,부산,1980-07-23,06:42,5,0,,1.0333,0
부산-1980-07-23-06:42,부산,1980-07-23,06:42,15,1,planetHouses,3.0833,2
부산-1980-07-23-06:42,부산,1980-07-23,06:42,30,1,planetHouses,6.1500,2
부산-1980-07-23-06:42,부산,1980-07-23,06:42,60,1,hourPillar|minggongBranch|bodyPalaceBranch|soulStar|planetHouses,12.3000,8
부산-1980-07-23-06:42,부산,1980-07-23,06:42,120,1,hourPillar|minggongBranch|bodyPalaceBranch|soulStar|ascSign|mcSign|planetHouses,24.7167,11
부산-1980-07-23-08:56,부산,1980-07-23,08:56,-120,1,hourPillar|minggongBranch|bodyPalaceBranch|soulStar|ascSign|mcSign|planetHouses,24.7500,11
부산-1980-07-23-08:56,부산,1980-07-23,08:56,-60,1,mcSign|planetHouses,12.4333,3
부산-1980-07-23-08:56,부산,1980-07-23,08:56,-30,1,planetHouses,6.2333,2
부산-1980-07-23-08:56,부산,1980-07-23,08:56,-15,1,planetHouses,3.1167,2
부산-1980-07-23-08:56,부산,1980-07-23,08:56,-5,1,planetHouses,1.0333,1
부산-1980-07-23-08:56,부산,1980-07-23,08:56,5,0,,1.0500,0
부산-1980-07-23-08:56,부산,1980-07-23,08:56,15,1,planetHouses,3.1333,1
부산-1980-07-23-08:56,부산,1980-07-23,08:56,30,1,hourPillar|minggongBranch|bodyPalaceBranch|soulStar|planetHouses,6.2500,1
부산-1980-07-23-08:56,부산,1980-07-23,08:56,60,1,hourPillar|minggongBranch|bodyPalaceBranch|soulStar|planetHouses,12.5167,8
부산-1980-07-23-08:56,부산,1980-07-23,08:56,120,1,hourPillar|minggongBranch|bodyPalaceBranch|soulStar|ascSign|mcSign|planetHouses,25.0833,12
부산-1980-07-23-10:10,부산,1980-07-23,10:10,-120,1,hourPillar|minggongBranch|bodyPalaceBranch|soulStar|mcSign|planetHouses,24.9833,11
부산-1980-07-23-10:10,부산,1980-07-23,10:10,-60,1,hourPillar|minggongBranch|bodyPalaceBranch|soulStar|planetHouses,12.5333,7
부산-1980-07-23-10:10,부산,1980-07-23,10:10,-30,1,planetHouses,6.2667,3
부산-1980-07-23-10:10,부산,1980-07-23,10:10,-15,0,,3.1333,0
부산-1980-07-23-10:10,부산,1980-07-23,10:10,-5,0,,1.0500,0
부산-1980-07-23-10:10,부산,1980-07-23,10:10,5,1,planetHouses,1.0500,1
부산-1980-07-23-10:10,부산,1980-07-23,10:10,15,1,ascSign|mcSign|planetHouses,3.1333,1
부산-1980-07-23-10:10,부산,1980-07-23,10:10,30,1,ascSign|mcSign|planetHouses,6.2833,1
부산-1980-07-23-10:10,부산,1980-07-23,10:10,60,1,ascSign|mcSign|planetHouses,12.5500,4
부산-1980-07-23-10:10,부산,1980-07-23,10:10,120,1,hourPillar|minggongBranch|bodyPalaceBranch|soulStar|ascSign|mcSign|planetHouses,25.0333,11
부산-1980-07-23-12:24,부산,1980-07-23,12:24,-120,1,hourPillar|minggongBranch|bodyPalaceBranch|soulStar|planetHouses,25.0000,11
부산-1980-07-23-12:24,부산,1980-07-23,12:24,-60,1,planetHouses,12.4667,8
부산-1980-07-23-12:24,부산,1980-07-23,12:24,-30,1,planetHouses,6.2167,3
부산-1980-07-23-12:24,부산,1980-07-23,12:24,-15,1,planetHouses,3.1000,1
부산-1980-07-23-12:24,부산,1980-07-23,12:24,-5,0,,1.0333,0
부산-1980-07-23-12:24,부산,1980-07-23,12:24,5,1,mcSign,1.0333,0
부산-1980-07-23-12:24,부산,1980-07-23,12:24,15,1,mcSign|planetHouses,3.1000,1
부산-1980-07-23-12:24,부산,1980-07-23,12:24,30,1,ascSign|mcSign|planetHouses,6.1833,2
부산-1980-07-23-12:24,부산,1980-07-23,12:24,60,1,hourPillar|minggongBranch|bodyPalaceBranch|soulStar|ascSign|mcSign|planetHouses,12.3500,4
부산-1980-07-23-12:24,부산,1980-07-23,12:24,120,1,hourPillar|minggongBranch|bodyPalaceBranch|soulStar|ascSign|mcSign|planetHouses,24.6333,10
부산-1980-07-23-14:38,부산,1980-07-23,14:38,-120,1,hourPillar|minggongBranch|bodyPalaceBranch|soulStar|ascSign|mcSign|planetHouses,24.6000,11
부산-1980-07-23-14:38,부산,1980-07-23,14:38,-60,1,mcSign|planetHouses,12.2833,8
부산-1980-07-23-14:38,부산,1980-07-23,14:38,-30,1,mcSign|planetHouses,6.1333,3
부산-1980-07-23-14:38,부산,1980-07-23,14:38,-15,1,mcSign|planetHouses,3.0667,3
부산-1980-07-23-14:38,부산,1980-07-23,14:38,-5,0,,1.0333,0
부산-1980-07-23-14:38,부산,1980-07-23,14:38,5,0,,1.0167,0
부산-1980-07-23-14:38,부산,1980-07-23,14:38,15,1,planetHouses,3.0667,2
부산-1980-07-23-14:38,부산,1980-07-23,14:38,30,1,planetHouses,6.1500,3
부산-1980-07-23-14:38,부산,1980-07-23,14:38,60,1,hourPillar|minggongBranch|bodyPalaceBranch|soulStar|ascSign|planetHouses,12.3667,5
부산-1980-07-23-14:38,부산,1980-07-23,14:38,120,1,hourPillar|minggongBranch|bodyPalaceBranch|soulStar|ascSign|mcSign|planetHouses,25.0833,10
부산-1980-07-23-16:52,부산,1980-07-23,16:52,-120,1,hourPillar|minggongBranch|bodyPalaceBranch|soulStar|ascSign|mcSign|planetHouses,25.2667,11
부산-1980-07-23-16:52,부산,1980-07-23,16:52,-60,1,mcSign|planetHouses,12.8500,8
부산-1980-07-23-16:52,부산,1980-07-23,16:52,-30,1,planetHouses,6.5000,3
부산-1980-07-23-16:52,부산,1980-07-23,16:52,-15,1,planetHouses,3.2667,3
부산-1980-07-23-16:52,부산,1980-07-23,16:52,-5,1,planetHouses,1.1000,1
부산-1980-07-23-16:52,부산,1980-07-23,16:52,5,0,,1.1000,0
부산-1980-07-23-16:52,부산,1980-07-23,16:52,15,0,,3.3167,0
부산-1980-07-23-16:52,부산,1980-07-23,16:52,30,1,planetHouses,6.7000,3
부산-1980-07-23-16:52,부산,1980-07-23,16:52,60,1,hourPillar|minggongBranch|bodyPalaceBranch|soulStar|ascSign|planetHouses,13.6667,4
부산-1980-07-23-16:52,부산,1980-07-23,16:52,120,1,hourPillar|minggongBranch|bodyPalaceBranch|soulStar|ascSign|mcSign|planetHouses,28.7500,12
부산-1980-07-23-18:06,부산,1980-07-23,18:06,-120,1,hourPillar|minggongBranch|bodyPalaceBranch|soulStar|ascSign|mcSign|planetHouses,26.9333,12
부산-1980-07-23-18:06,부산,1980-07-23,18:06,-60,1,hourPillar|minggongBranch|bodyPalaceBranch|soulStar|ascSign|planetHouses,13.9333,6
부산-1980-07-23-18:06,부산,1980-07-23,18:06,-30,1,planetHouses,7.1167,2
부산-1980-07-23-18:06,부산,1980-07-23,18:06,-15,1,planetHouses,3.6000,2
부산-1980-07-23-18:06,부산,1980-07-23,18:06,-5,0,,1.2000,0
부산-1980-07-23-18:06,부산,1980-07-23,18:06,5,1,mcSign,1.2333,0
부산-1980-07-23-18:06,부산,1980-07-23,18:06,15,1,mcSign|planetHouses,3.7167,2
부산-1980-07-23-18:06,부산,1980-07-23,18:06,30,1,mcSign|planetHouses,7.5167,5
부산-1980-07-23-18:06,부산,1980-07-23,18:06,60,1,mcSign|planetHouses,15.5167,7
부산-1980-07-23-18:06,부산,1980-07-23,18:06,120,1,hourPillar|minggongBranch|bodyPalaceBranch|soulStar|ascSign|mcSign|planetHouses,33.3000,12
부산-1980-07-23-20:20,부산,1980-07-23,20:20,-120,1,hourPillar|minggongBranch|bodyPalaceBranch|soulStar|ascSign|mcSign|planetHouses,34.3667,12
부산-1980-07-23-20:20,부산,1980-07-23,20:20,-60,1,hourPillar|minggongBranch|bodyPalaceBranch|soulStar|ascSign|mcSign|planetHouses,18.4000,7
부산-1980-07-23-20:20,부산,1980-07-23,20:20,-30,1,mcSign|planetHouses,9.5333,4
부산-1980-07-23-20:20,부산,1980-07-23,20:20,-15,1,mcSign|planetHouses,4.8500,1
부산-1980-07-23-20:20,부산,1980-07-23,20:20,-5,0,,1.6333,0
부산-1980-07-23-20:20,부산,1980-07-23,20:20,5,0,,1.6667,0
부산-1980-07-23-20:20,부산,1980-07-23,20:20,15,1,planetHouses,5.0500,2
부산-1980-07-23-20:20,부산,1980-07-23,20:20,30,1,planetHouses,10.2667,4
부산-1980-07-23-20:20,부산,1980-07-23,20:20,60,1,ascSign|planetHouses,21.2167,7
부산-1980-07-23-20:20,부산,1980-07-23,20:20,120,1,hourPillar|minggongBranch|bodyPalaceBranch|soulStar|ascSign|mcSign|planetHouses,44.4500,12
부산-1980-07-23-22:34,부산,1980-07-23,22:34,-120,1,hourPillar|minggongBranch|bodyPalaceBranch|soulStar|ascSign|mcSign|planetHouses,45.2500,12
부산-1980-07-23-22:34,부산,1980-07-23,22:34,-60,1,ascSign|mcSign|planetHouses,23.4333,7
부산-1980-07-23-22:34,부산,1980-07-23,22:34,-30,1,ascSign|mcSign|planetHouses,11.8000,3
부산-1980-07-23-22:34,부산,1980-07-23,22:34,-15,1,planetHouses,5.9000,3
부산-1980-07-23-22:34,부산,1980-07-23,22:34,-5,0,,1.9667,0
부산-1980-07-23-22:34,부산,1980-07-23,22:34,5,1,planetHouses,1.9500,1
부산-1980-07-23-22:34,부산,1980-07-23,22:34,15,1,planetHouses,5.8500,1
부산-1980-07-23-22:34,부산,1980-07-23,22:34,30,1,planetHouses,11.6167,3
부산-1980-07-23-22:34,부산,1980-07-23,22:34,60,1,hourPillar|minggongBranch|bodyPalaceBranch|soulStar|planetHouses,22.8000,8
부산-1980-07-23-22:34,부산,1980-07-23,22:34,120,1,dayPillar|hourPillar|minggongBranch|bodyPalaceBranch|soulStar|ascSign|mcSign|planetHouses,43.1667,12
부산-1980-08-03-00:00,부산,1980-08-03,00:00,-120,1,hourPillar|minggongBranch|bodyPalaceBranch|soulStar|ascSign|mcSign|planetHouses,42.7500,12
부산-1980-08-03-00:00,부산,1980-08-03,00:00,-60,1,hourPillar|minggongBranch|bodyPalaceBranch|soulStar|mcSign|planetHouses,20.1167,5
부산-1980-08-03-00:00,부산,1980-08-03,00:00,-30,1,mcSign,9.7000,0
부산-1980-08-03-00:00,부산,1980-08-03,00:00,-15,1,mcSign,4.7500,0
부산-1980-08-03-00:00,부산,1980-08-03,00:00,-5,0,,1.5667,0
부산-1980-08-03-00:00,부산,1980-08-03,00:00,5,1,planetHouses,1.5500,1
부산-1980-08-03-00:00,부산,1980-08-03,00:00,15,1,planetHouses,4.6000,2
부산-1980-08-03-00:00,부산,1980-08-03,00:00,30,1,dayPillar|ascSign|planetHouses,9.0167,4
부산-1980-08-03-00:00,부산,1980-08-03,00:00,60,1,dayPillar|ascSign|planetHouses,17.3833,8
부산-1980-08-03-00:00,부산,1980-08-03,00:00,120,1,dayPillar|hourPillar|minggongBranch|bodyPalaceBranch|soulStar|ascSign|mcSign|planetHouses,32.6000,12
부산-1980-08-03-02:14,부산,1980-08-03,02:14,-120,1,dayPillar|hourPillar|minggongBranch|bodyPalaceBranch|soulStar|ascSign|mcSign|planetHouses,31.6167,11
부산-1980-08-03-02:14,부산,1980-08-03,02:14,-60,1,hourPillar|minggongBranch|bodyPalaceBranch|soulStar|mcSign|planetHouses,14.8167,3
부산-1980-08-03-02:14,부산,1980-08-03,02:14,-30,1,mcSign|planetHouses,7.2000,2
부산-1980-08-03-02:14,부산,1980-08-03,02:14,-15,1,planetHouses,3.5500,1
부산-1980-08-03-02:14,부산,1980-08-03,02:14,-5,1,planetHouses,1.1667,1
부산-1980-08-03-02:14,부산,1980-08-03,02:14,5,1,planetHouses,1.1667,2
부산-1980-08-03-02:14,부산,1980-08-03,02:14,15,1,ascSign|planetHouses,3.4833,4
부산-1980-08-03-02:14,부산,1980-08-03,02:14,30,1,ascSign|planetHouses,6.8833,6
부산-1980-08-03-02:14,부산,1980-08-03,02:14,60,1,ascSign|planetHouses,13.5167,8
부산-1980-08-03-02:14,부산,1980-08-03,02:14,120,1,hourPillar|minggongBranch|bodyPalaceBranch|soulStar|ascSign|mcSign|planetHouses,26.2667,12
부산-1980-08-03-04:28,부산,1980-08-03,04:28,-120,1,hourPillar|minggongBranch|bodyPalaceBranch|soulStar|mcSign|planetHouses,25.9333,10
부산-1980-08-03-04:28,부산,1980-08-03,04:28,-60,1,mcSign|planetHouses,12.6333,5
부산-1980-08-03-04:28,부산,1980-08-03,04:28,-30,1,planetHouses,6.2667,4
부산-1980-08-03-04:28,부산,1980-08-03,04:28,-15,1,planetHouses,3.1167,2
부산-1980-08-03-04:28,부산,1980-08-03,04:28,-5,1,planetHouses,1.0500,2
부산-1980-08-03-04:28,부산,1980-08-03,04:28,5,0,,1.0333,0
부산-1980-08-03-04:28,부산,1980-08-03,04:28,15,1,planetHouses,3.1000,4
부산-1980-08-03-04:28,부산,1980-08-03,04:28,30,1,ascSign|planetHouses,6.1833,5
부산-1980-08-03-04:28,부산,1980-08-03,04:28,60,1,hourPillar|minggongBranch|bodyPalaceBranch|soulStar|ascSign|planetHouses,12.3333,6
부산-1980-08-03-04:28,부산,1980-08-03,04:28,120,1,hourPillar|minggongBranch|bodyPalaceBranch|soulStar|ascSign|mcSign|planetHouses,24.6167,10
부산-1980-08-03-06:42,부산,1980-08-03,06:42,-120,1,hourPillar|minggongBranch|bodyPalaceBranch|soulStar|ascSign|mcSign|planetHouses,24.6000,10
부산-1980-08-03-06:42,부산,1980-08-03,06:42,-60,1,planetHouses,12.2833,6
부산-1980-08-03-06:42,부산,1980-08-03,06:42,-30,1,planetHouses,6.1500,6
부산-1980-08-03-06:42,부산,1980-08-03,06:42,-15,1,planetHouses,3.0833,2
부산-1980-08-03-06:42,부산,1980-08-03,06:42,-5,0,,1.0333,0
부산-1980-08-03-06:42,부산,1980-08-03,06:42,5,0,,1.0333,0
부산-1980-08-03-06:42,부산,1980-08-03,06:42,15,1,planetHouses,3.0833,2
부산-1980-08-03-06:42,부산,1980-08-03,06:42,30,1,planetHouses,6.1667,4
부산-1980-08-03-06:42,부산,1980-08-03,06:42,60,1,hourPillar|minggongBranch|bodyPalaceBranch|soulStar|ascSign|mcSign|planetHouses,12.3667,4
부산-1980-08-03-06:42,부산,1980-08-03,06:42,120,1,hourPillar|minggongBranch|bodyPalaceBranch|soulStar|ascSign|mcSign|planetHouses,24.8500,10
부산-1980-08-03-08:56,부산,1980-08-03,08:56,-120,1,hourPillar|minggongBranch|bodyPalaceBranch|soulStar|ascSign|mcSign|planetHouses,24.8833,10
부산-1980-08-03-08:56,부산,1980-08-03,08:56,-60,1,planetHouses,12.5000,6
부산-1980-08-03-08:56,부산,1980-08-03,08:56,-30,1,planetHouses,6.2500,5
부산-1980-08-03-08:56,부산,1980-08-03,08:56,-15,1,planetHouses,3.1333,2
부산-1980-08-03-08:56,부산,1980-08-03,08:56,-5,1,planetHouses,1.0333,1
부산-1980-08-03-08:56,부산,1980-08-03,08:56,5,0,,1.0500,0
부산-1980-08-03-08:56,부산,1980-08-03,08:56,15,1,planetHouses,3.1333,3
부산-1980-08-03-08:56,부산,1980-08-03,08:56,30,1,hourPillar|minggongBranch|bodyPalaceBranch|soulStar|planetHouses,6.2833,4
부산-1980-08-03-08:56,부산,1980-08-03,08:56,60,1,hourPillar|minggongBranch|bodyPalaceBranch|soulStar|ascSign|mcSign|planetHouses,12.5500,4
부산-1980-08-03-08:56,부산,1980-08-03,08:56,120,1,hourPillar|minggongBranch|bodyPalaceBranch|soulStar|ascSign|mcSign|planetHouses,25.0833,10
부산-1980-08-03-10:10,부산,1980-08-03,10:10,-120,1,hourPillar|minggongBranch|bodyPalaceBranch|soulStar|ascSign|mcSign|planetHouses,25.0667,10
부산-1980-08-03-10:10,부산,1980-08-03,10:10,-60,1,hourPillar|minggongBranch|bodyPalaceBranch|soulStar|ascSign|mcSign|planetHouses,12.5500,2
부산-1980-08-03-10:10,부산,1980-08-03,10:10,-30,0,,6.2833,0
부산-1980-08-03-10:10,부산,1980-08-03,10:10,-15,0,,3.1333,0
부산-1980-08-03-10:10,부산,1980-08-03,10:10,-5,0,,1.0500,0
부산-1980-08-03-10:10,부산,1980-08-03,10:10,5,1,planetHouses,1.0500,2
부산-1980-08-03-10:10,부산,1980-08-03,10:10,15,1,planetHouses,3.1333,3
부산-1980-08-03-10:10,부산,1980-08-03,10:10,30,1,planetHouses,6.2667,3
부산-1980-08-03-10:10,부산,1980-08-03,10:10,60,1,planetHouses,12.5167,8
부산-1980-08-03-10:10,부산,1980-08-03,10:10,120,1,hourPillar|minggongBranch|bodyPalaceBranch|soulStar|ascSign|mcSign|planetHouses,24.9167,12
부산-1980-08-03-12:24,부산,1980-08-03,12:24,-120,1,hourPillar|minggongBranch|bodyPalaceBranch|soulStar|ascSign|mcSign|planetHouses,24.8667,10
부산-1980-08-03-12:24,부산,1980-08-03,12:24,-60,1,ascSign|mcSign|planetHouses,12.3833,3
부산-1980-08-03-12:24,부산,1980-08-03,12:24,-30,1,ascSign|planetHouses,6.1833,1
부산-1980-08-03-12:24,부산,1980-08-03,12:24,-15,1,planetHouses,3.0833,1
부산-1980-08-03-12:24,부산,1980-08-03,12:24,-5,1,planetHouses,1.0333,1
부산-1980-08-03-12:24,부산,1980-08-03,12:24,5,0,,1.0333,0
부산-1980-08-03-12:24,부산,1980-08-03,12:24,15,1,planetHouses,3.0833,3
부산-1980-08-03-12:24,부산,1980-08-03,12:24,30,1,planetHouses,6.1500,3
부산-1980-08-03-12:24,부산,1980-08-03,12:24,60,1,hourPillar|minggongBranch|bodyPalaceBranch|soulStar|planetHouses,12.2833,7
부산-1980-08-03-12:24,부산,1980-08-03,12:24,120,1,hourPillar|minggongBranch|bodyPalaceBranch|soulStar|mcSign|planetHouses,24.5833,11
부산-1980-08-03-14:38,부산,1980-08-03,14:38,-120,1,hourPillar|minggongBranch|bodyPalaceBranch|soulStar|ascSign|mcSign|planetHouses,24.6000,11
부산-1980-08-03-14:38,부산,1980-08-03,14:38,-60,1,ascSign|mcSign|planetHouses,12.3167,6
부산-1980-08-03-14:38,부산,1980-08-03,14:38,-30,1,ascSign|planetHouses,6.1667,4
부산-1980-08-03-14:38,부산,1980-08-03,14:38,-15,1,ascSign|planetHouses,3.0833,2
부산-1980-08-03-14:38,부산,1980-08-03,14:38,-5,0,,1.0333,0
부산-1980-08-03-14:38,부산,1980-08-03,14:38,5,0,,1.0500,0
부산-1980-08-03-14:38,부산,1980-08-03,14:38,15,1,planetHouses,3.1167,1
부산-1980-08-03-14:38,부산,1980-08-03,14:38,30,1,planetHouses,6.2500,2
부산-1980-08-03-14:38,부산,1980-08-03,14:38,60,1,hourPillar|minggongBranch|bodyPalaceBranch|soulStar|mcSign|planetHouses,12.5833,6
부산-1980-08-03-14:38,부산,1980-08-03,14:38,120,1,hourPillar|minggongBranch|bodyPalaceBranch|soulStar|mcSign|planetHouses,25.7833,12
부산-1980-08-03-16:52,부산,1980-08-03,16:52,-120,1,hourPillar|minggongBranch|bodyPalaceBranch|soulStar|ascSign|mcSign|planetHouses,26.0667,11
부산-1980-08-03-16:52,부산,1980-08-03,16:52,-60,1,ascSign|planetHouses,13.3833,7
부산-1980-08-03-16:52,부산,1980-08-03,16:52,-30,1,ascSign|planetHouses,6.8000,4
부산-1980-08-03-16:52,부산,1980-08-03,16:52,-15,1,ascSign|planetHouses,3.4333,1
부산-1980-08-03-16:52,부산,1980-08-03,16:52,-5,0,,1.1500,0
부산-1980-08-03-16:52,부산,1980-08-03,16:52,5,0,,1.1667,0
부산-1980-08-03-16:52,부산,1980-08-03,16:52,15,1,planetHouses,3.5167,1
부산-1980-08-03-16:52,부산,1980-08-03,16:52,30,1,planetHouses,7.1167,3
부산-1980-08-03-16:52,부산,1980-08-03,16:52,60,1,hourPillar|minggongBranch|bodyPalaceBranch|soulStar|mcSign|planetHouses,14.6333,6
부산-1980-08-03-16:52,부산,1980-08-03,16:52,120,1,hourPillar|minggongBranch|bodyPalaceBranch|soulStar|ascSign|mcSign|planetHouses,31.1500,12
부산-1980-08-03-18:06,부산,1980-08-03,18:06,-120,1,hourPillar|minggongBranch|bodyPalaceBranch|soulStar|ascSign|mcSign|planetHouses,28.6167,11
부산-1980-08-03-18:06,부산,1980-08-03,18:06,-60,1,hourPillar|minggongBranch|bodyPalaceBranch|soulStar|mcSign|planetHouses,15.0000,6
부산-1980-08-03-18:06,부산,1980-08-03,18:06,-30,1,planetHouses,7.7167,2
부산-1980-08-03-18:06,부산,1980-08-03,18:06,-15,1,planetHouses,3.9167,1
부산-1980-08-03-18:06,부산,1980-08-03,18:06,-5,1,planetHouses,1.3167,1
부산-1980-08-03-18:06,부산,1980-08-03,18:06,5,0,,1.3333,0
부산-1980-08-03-18:06,부산,1980-08-03,18:06,15,1,planetHouses,4.0500,3
부산-1980-08-03-18:06,부산,1980-08-03,18:06,30,1,planetHouses,8.2333,3
부산-1980-08-03-18:06,부산,1980-08-03,18:06,60,1,ascSign|planetHouses,17.0833,6
부산-1980-08-03-18:06,부산,1980-08-03,18:06,120,1,hourPillar|minggongBranch|bodyPalaceBranch|soulStar|ascSign|mcSign|planetHouses,36.8500,12
부산-1980-08-03-20:20,부산,1980-08-03,20:20,-120,1,hourPillar|minggongBranch|bodyPalaceBranch|soulStar|ascSign|mcSign|planetHouses,38.1000,12
부산-1980-08-03-20:20,부산,1980-08-03,20:20,-60,1,hourPillar|minggongBranch|bodyPalaceBranch|soulStar|ascSign|mcSign|planetHouses,20.4333,7
부산-1980-08-03-20:20,부산,1980-08-03,20:20,-30,1,ascSign|planetHouses,10.5667,3
부산-1980-08-03-20:20,부산,1980-08-03,20:20,-15,1,ascSign|planetHouses,5.3667,1
부산-1980-08-03-20:20,부산,1980-08-03,20:20,-5,1,ascSign|planetHouses,1.8000,1
부산-1980-08-03-20:20,부산,1980-08-03,20:20,5,0,,1.8333,0
부산-1980-08-03-20:20,부산,1980-08-03,20:20,15,1,planetHouses,5.5333,2
부산-1980-08-03-20:20,부산,1980-08-03,20:20,30,1,planetHouses,11.2000,3
부산-1980-08-03-20:20,부산,1980-08-03,20:20,60,1,planetHouses,22.8500,5
부산-1980-08-03-20:20,부산,1980-08-03,20:20,120,1,hourPillar|minggongBranch|bodyPalaceBranch|soulStar|ascSign|mcSign|planetHouses,46.2667,12
부산-1980-08-03-22:34,부산,1980-08-03,22:34,-120,1,hourPillar|minggongBranch|bodyPalaceBranch|soulStar|ascSign|mcSign|planetHouses,46.3833,12
부산-1980-08-03-22:34,부산,1980-08-03,22:34,-60,1,ascSign|mcSign|planetHouses,23.2000,7
부산-1980-08-03-22:34,부산,1980-08-03,22:34,-30,1,planetHouses,11.4500,4
부산-1980-08-03-22:34,부산,1980-08-03,22:34,-15,1,planetHouses,5.6667,2
부산-1980-08-03-22:34,부산,1980-08-03,22:34,-5,0,,1.8667,0
부산-1980-08-03-22:34,부산,1980-08-03,22:34,5,0,,1.8667,0
부산-1980-08-03-22:34,부산,1980-08-03,22:34,15,1,planetHouses,5.5500,2
부산-1980-08-03-22:34,부산,1980-08-03,22:34,30,1,ascSign|planetHouses,10.9167,3
부산-1980-08-03-22:34,부산,1980-08-03,22:34,60,1,hourPillar|minggongBranch|bodyPalaceBranch|soulStar|ascSign|planetHouses,21.1500,8
부산-1980-08-03-22:34,부산,1980-08-03,22:34,120,1,dayPillar|hourPillar|minggongBranch|bodyPalaceBranch|soulStar|ascSign|mcSign|planetHouses,39.5000,12
부산-1980-09-10-00:00,부산,1980-09-10,00:00,-120,1,hourPillar|minggongBranch|bodyPalaceBranch|soulStar|ascSign|mcSign|planetHouses,30.6667,12
부산-1980-09-10-00:00,부산,1980-09-10,00:00,-60,1,hourPillar|minggongBranch|bodyPalaceBranch|soulStar|ascSign|mcSign|planetHouses,14.4333,6
부산-1980-09-10-00:00,부산,1980-09-10,00:00,-30,1,ascSign|planetHouses,7.0333,1
부산-1980-09-10-00:00,부산,1980-09-10,00:00,-15,1,ascSign|planetHouses,3.4833,1
부산-1980-09-10-00:00,부산,1980-09-10,00:00,-5,1,ascSign,1.1500,0
부산-1980-09-10-00:00,부산,1980-09-10,00:00,5,0,,1.1333,0
부산-1980-09-10-00:00,부산,1980-09-10,00:00,15,0,,3.4000,0
부산-1980-09-10-00:00,부산,1980-09-10,00:00,30,1,dayPillar|planetHouses,6.7333,4
부산-1980-09-10-00:00,부산,1980-09-10,00:00,60,1,dayPillar|planetHouses,13.2667,7
부산-1980-09-10-00:00,부산,1980-09-10,00:00,120,1,dayPillar|hourPillar|minggongBranch|bodyPalaceBranch|soulStar|mcSign|planetHouses,25.8833,11
부산-1980-09-10-02:14,부산,1980-09-10,02:14,-120,1,dayPillar|hourPillar|minggongBranch|bodyPalaceBranch|soulStar|mcSign|planetHouses,25.6167,12
부산-1980-09-10-02:14,부산,1980-09-10,02:14,-60,1,hourPillar|minggongBranch|bodyPalaceBranch|soulStar|planetHouses,12.5333,5
부산-1980-09-10-02:14,부산,1980-09-10,02:14,-30,1,planetHouses,6.2167,3
부산-1980-09-10-02:14,부산,1980-09-10,02:14,-15,1,planetHouses,3.1000,3
부산-1980-09-10-02:14,부산,1980-09-10,02:14,-5,1,planetHouses,1.0333,1
부산-1980-09-10-02:14,부산,1980-09-10,02:14,5,1,ascSign|planetHouses,1.0333,1
부산-1980-09-10-02:14,부산,1980-09-10,02:14,15,1,ascSign|planetHouses,3.0833,4
부산-1980-09-10-02:14,부산,1980-09-10,02:14,30,1,ascSign|planetHouses,6.1667,5
부산-1980-09-10-02:14,부산,1980-09-10,02:14,60,1,ascSign|mcSign|planetHouses,12.3000,7
부산-1980-09-10-02:14,부산,1980-09-10,02:14,120,1,hourPillar|minggongBranch|bodyPalaceBranch|soulStar|ascSign|mcSign|planetHouses,24.5833,11
부산-1980-09-10-04:28,부산,1980-09-10,04:28,-120,1,hourPillar|minggongBranch|bodyPalaceBranch|soulStar|mcSign|planetHouses,24.5833,10
부산-1980-09-10-04:28,부산,1980-09-10,04:28,-60,1,planetHouses,12.3000,7
부산-1980-09-10-04:28,부산,1980-09-10,04:28,-30,1,planetHouses,6.1667,4
부산-1980-09-10-04:28,부산,1980-09-10,04:28,-15,1,planetHouses,3.0833,2
부산-1980-09-10-04:28,부산,1980-09-10,04:28,-5,1,planetHouses,1.0333,2
부산-1980-09-10-04:28,부산,1980-09-10,04:28,5,1,planetHouses,1.0333,2
부산-1980-09-10-04:28,부산,1980-09-10,04:28,15,1,planetHouses,3.0833,2
부산-1980-09-10-04:28,부산,1980-09-10,04:28,30,1,ascSign|planetHouses,6.1833,3
부산-1980-09-10-04:28,부산,1980-09-10,04:28,60,1,hourPillar|minggongBranch|bodyPalaceBranch|soulStar|ascSign|mcSign|planetHouses,12.4000,5
부산-1980-09-10-04:28,부산,1980-09-10,04:28,120,1,hourPillar|minggongBranch|bodyPalaceBranch|soulStar|ascSign|mcSign|planetHouses,24.9000,11
부산-1980-09-10-06:42,부산,1980-09-10,06:42,-120,1,hourPillar|minggongBranch|bodyPalaceBranch|soulStar|ascSign|mcSign|planetHouses,24.9500,11
부산-1980-09-10-06:42,부산,1980-09-10,06:42,-60,1,planetHouses,12.5333,8
부산-1980-09-10-06:42,부산,1980-09-10,06:42,-30,1,planetHouses,6.2833,4
부산-1980-09-10-06:42,부산,1980-09-10,06:42,-15,1,planetHouses,3.1500,2
부산-1980-09-10-06:42,부산,1980-09-10,06:42,-5,1,planetHouses,1.0500,1
부산-1980-09-10-06:42,부산,1980-09-10,06:42,5,1,planetHouses,1.0333,1
부산-1980-09-10-06:42,부산,1980-09-10,06:42,15,1,planetHouses,3.1333,1
부산-1980-09-10-06:42,부산,1980-09-10,06:42,30,1,ascSign|mcSign|planetHouses,6.2667,4
부산-1980-09-10-06:42,부산,1980-09-10,06:42,60,1,hourPillar|minggongBranch|bodyPalaceBranch|soulStar|ascSign|mcSign|planetHouses,12.5500,4
부산-1980-09-10-06:42,부산,1980-09-10,06:42,120,1,hourPillar|minggongBranch|bodyPalaceBranch|soulStar|ascSign|mcSign|planetHouses,25.0500,10
부산-1980-09-10-08:56,부산,1980-09-10,08:56,-120,1,hourPillar|minggongBranch|bodyPalaceBranch|soulStar|ascSign|mcSign|planetHouses,25.0333,11
부산-1980-09-10-08:56,부산,1980-09-10,08:56,-60,1,planetHouses,12.4833,7
부산-1980-09-10-08:56,부산,1980-09-10,08:56,-30,1,planetHouses,6.2167,3
부산-1980-09-10-08:56,부산,1980-09-10,08:56,-15,1,planetHouses,3.1000,2
부산-1980-09-10-08:56,부산,1980-09-10,08:56,-5,0,,1.0333,0
부산-1980-09-10-08:56,부산,1980-09-10,08:56,5,1,planetHouses,1.0500,1
부산-1980-09-10-08:56,부산,1980-09-10,08:56,15,1,planetHouses,3.1167,3
부산-1980-09-10-08:56,부산,1980-09-10,08:56,30,1,hourPillar|minggongBranch|bodyPalaceBranch|soulStar|mcSign|planetHouses,6.2167,4
부산-1980-09-10-08:56,부산,1980-09-10,08:56,60,1,hourPillar|minggongBranch|bodyPalaceBranch|soulStar|ascSign|mcSign|planetHouses,12.3833,4
부산-1980-09-10-08:56,부산,1980-09-10,08:56,120,1,hourPillar|minggongBranch|bodyPalaceBranch|soulStar|ascSign|mcSign|planetHouses,24.6833,11
부산-1980-09-10-10:10,부산,1980-09-10,10:10,-120,1,hourPillar|minggongBranch|bodyPalaceBranch|soulStar|ascSign|mcSign|planetHouses,24.8167,12
부산-1980-09-10-10:10,부산,1980-09-10,10:10,-60,1,hourPillar|minggongBranch|bodyPalaceBranch|soulStar|ascSign|mcSign|planetHouses,12.3667,2
부산-1980-09-10-10:10,부산,1980-09-10,10:10,-30,1,planetHouses,6.1667,1
부산-1980-09-10-10:10,부산,1980-09-10,10:10,-15,1,planetHouses,3.0833,1
부산-1980-09-10-10:10,부산,1980-09-10,10:10,-5,1,planetHouses,1.0333,1
부산-1980-09-10-10:10,부산,1980-09-10,10:10,5,0,,1.0167,0
부산-1980-09-10-10:10,부산,1980-09-10,10:10,15,1,planetHouses,3.0667,1
부산-1980-09-10-10:10,부산,1980-09-10,10:10,30,1,planetHouses,6.1333,5
부산-1980-09-10-10:10,부산,1980-09-10,10:10,60,1,planetHouses,12.2667,9
부산-1980-09-10-10:10,부산,1980-09-10,10:10,120,1,hourPillar|minggongBranch|bodyPalaceBranch|soulStar|ascSign|mcSign|planetHouses,24.6000,12
부산-1980-09-10-12:24,부산,1980-09-10,12:24,-120,1,hourPillar|minggongBranch|bodyPalaceBranch|soulStar|ascSign|mcSign|planetHouses,24.6333,12
부산-1980-09-10-12:24,부산,1980-09-10,12:24,-60,1,ascSign|planetHouses,12.3667,3
부산-1980-09-10-12:24,부산,1980-09-10,12:24,-30,1,ascSign|planetHouses,6.2000,2
부산-1980-09-10-12:24,부산,1980-09-10,12:24,-15,1,planetHouses,3.1000,1
부산-1980-09-10-12:24,부산,1980-09-10,12:24,-5,1,planetHouses,1.0333,1
부산-1980-09-10-12:24,부산,1980-09-10,12:24,5,0,,1.0500,0
부산-1980-09-10-12:24,부산,1980-09-10,12:24,15,1,planetHouses,3.1333,2
부산-1980-09-10-12:24,부산,1980-09-10,12:24,30,1,planetHouses,6.2833,5
부산-1980-09-10-12:24,부산,1980-09-10,12:24,60,1,hourPillar|minggongBranch|bodyPalaceBranch|soulStar|mcSign|planetHouses,12.7000,8
부산-1980-09-10-12:24,부산,1980-09-10,12:24,120,1,hourPillar|minggongBranch|bodyPalaceBranch|soulStar|ascSign|mcSign|planetHouses,26.1167,11
부산-1980-09-10-14:38,부산,1980-09-10,14:38,-120,1,hourPillar|minggongBranch|bodyPalaceBranch|soulStar|ascSign|mcSign|planetHouses,26.4833,12
부산-1980-09-10-14:38,부산,1980-09-10,14:38,-60,1,ascSign|planetHouses,13.6500,5
부산-1980-09-10-14:38,부산,1980-09-10,14:38,-30,1,ascSign|planetHouses,6.9500,3
부산-1980-09-10-14:38,부산,1980-09-10,14:38,-15,1,planetHouses,3.5167,2
부산-1980-09-10-14:38,부산,1980-09-10,14:38,-5,1,planetHouses,1.1833,1
부산-1980-09-10-14:38,부산,1980-09-10,14:38,5,0,,1.2000,0
부산-1980-09-10-14:38,부산,1980-09-10,14:38,15,1,planetHouses,3.6000,1
부산-1980-09-10-14:38,부산,1980-09-10,14:38,30,1,mcSign|planetHouses,7.3000,6
부산-1980-09-10-14:38,부산,1980-09-10,14:38,60,1,hourPillar|minggongBranch|bodyPalaceBranch|soulStar|mcSign|planetHouses,15.0500,8
부산-1980-09-10-14:38,부산,1980-09-10,14:38,120,1,hourPillar|minggongBranch|bodyPalaceBranch|soulStar|ascSign|mcSign|planetHouses,32.1833,12
부산-1980-09-10-16:52,부산,1980-09-10,16:52,-120,1,hourPillar|minggongBranch|bodyPalaceBranch|soulStar|ascSign|mcSign|planetHouses,33.1833,12
부산-1980-09-10-16:52,부산,1980-09-10,16:52,-60,1,ascSign|planetHouses,17.7167,6
부산-1980-09-10-16:52,부산,1980-09-10,16:52,-30,1,planetHouses,9.1833,5
부산-1980-09-10-16:52,부산,1980-09-10,16:52,-15,1,planetHouses,4.6833,1
부산-1980-09-10-16:52,부산,1980-09-10,16:52,-5,0,,1.5833,0
부산-1980-09-10-16:52,부산,1980-09-10,16:52,5,1,mcSign,1.6000,0
부산-1980-09-10-16:52,부산,1980-09-10,16:52,15,1,mcSign|planetHouses,4.8667,3
부산-1980-09-10-16:52,부산,1980-09-10,16:52,30,1,mcSign|planetHouses,9.9000,6
부산-1980-09-10-16:52,부산,1980-09-10,16:52,60,1,hourPillar|minggongBranch|bodyPalaceBranch|soulStar|ascSign|mcSign|planetHouses,20.5000,6
부산-1980-09-10-16:52,부산,1980-09-10,16:52,120,1,hourPillar|minggongBranch|bodyPalaceBranch|soulStar|ascSign|mcSign|planetHouses,43.3833,12
부산-1980-09-10-18:06,부산,1980-09-10,18:06,-120,1,hourPillar|minggongBranch|bodyPalaceBranch|soulStar|ascSign|mcSign|planetHouses,39.4833,12
부산-1980-09-10-18:06,부산,1980-09-10,18:06,-60,1,hourPillar|minggongBranch|bodyPalaceBranch|soulStar|ascSign|planetHouses,21.1333,6
부산-1980-09-10-18:06,부산,1980-09-10,18:06,-30,1,ascSign|planetHouses,10.9000,2
부산-1980-09-10-18:06,부산,1980-09-10,18:06,-15,1,planetHouses,5.5333,2
부산-1980-09-10-18:06,부산,1980-09-10,18:06,-5,1,planetHouses,1.8500,2
부산-1980-09-10-18:06,부산,1980-09-10,18:06,5,1,planetHouses,1.8833,1
부산-1980-09-10-18:06,부산,1980-09-10,18:06,15,1,planetHouses,5.6833,1
부산-1980-09-10-18:06,부산,1980-09-10,18:06,30,1,planetHouses,11.4667,3
부산-1980-09-10-18:06,부산,1980-09-10,18:06,60,1,ascSign|mcSign|planetHouses,23.2167,9
부산-1980-09-10-18:06,부산,1980-09-10,18:06,120,1,hourPillar|minggongBranch|bodyPalaceBranch|soulStar|ascSign|mcSign|planetHouses,46.4000,12
부산-1980-09-10-20:20,부산,1980-09-10,20:20,-120,1,hourPillar|minggongBranch|bodyPalaceBranch|soulStar|ascSign|mcSign|planetHouses,46.2500,12
부산-1980-09-10-20:20,부산,1980-09-10,20:20,-60,1,hourPillar|minggongBranch|bodyPalaceBranch|soulStar|planetHouses,22.8333,4
부산-1980-09-10-20:20,부산,1980-09-10,20:20,-30,1,planetHouses,11.2000,2
부산-1980-09-10-20:20,부산,1980-09-10,20:20,-15,0,,5.5167,0
부산-1980-09-10-20:20,부산,1980-09-10,20:20,-5,0,,1.8167,0
부산-1980-09-10-20:20,부산,1980-09-10,20:20,5,1,ascSign,1.8167,0
부산-1980-09-10-20:20,부산,1980-09-10,20:20,15,1,ascSign|planetHouses,5.3833,1
부산-1980-09-10-20:20,부산,1980-09-10,20:20,30,1,ascSign|planetHouses,10.5833,5
부산-1980-09-10-20:20,부산,1980-09-10,20:20,60,1,ascSign|mcSign|planetHouses,20.4500,8
부산-1980-09-10-20:20,부산,1980-09-10,20:20,120,1,hourPillar|minggongBranch|bodyPalaceBranch|soulStar|ascSign|mcSign|planetHouses,38.1167,12
부산-1980-09-10-22:34,부산,1980-09-10,22:34,-120,1,hourPillar|minggongBranch|bodyPalaceBranch|soulStar|ascSign|mcSign|planetHouses,36.8500,12
부산-1980-09-10-22:34,부산,1980-09-10,22:34,-60,1,ascSign|planetHouses,17.0833,6
부산-1980-09-10-22:34,부산,1980-09-10,22:34,-30,1,planetHouses,8.2333,5
부산-1980-09-10-22:34,부산,1980-09-10,22:34,-15,1,planetHouses,4.0500,4
부산-1980-09-10-22:34,부산,1980-09-10,22:34,-5,1,planetHouses,1.3333,1
부산-1980-09-10-22:34,부산,1980-09-10,22:34,5,0,,1.3167,0
부산-1980-09-10-22:34,부산,1980-09-10,22:34,15,0,,3.9167,0
부산-1980-09-10-22:34,부산,1980-09-10,22:34,30,1,planetHouses,7.7167,2
부산-1980-09-10-22:34,부산,1980-09-10,22:34,60,1,hourPillar|minggongBranch|bodyPalaceBranch|soulStar|mcSign|planetHouses,15.0000,6
부산-1980-09-10-22:34,부산,1980-09-10,22:34,120,1,dayPillar|hourPillar|minggongBranch|bodyPalaceBranch|soulStar|ascSign|mcSign|planetHouses,28.6333,12
부산-1980-10-17-00:00,부산,1980-10-17,00:00,-120,1,hourPillar|minggongBranch|bodyPalaceBranch|soulStar|ascSign|mcSign|planetHouses,25.4167,11
부산-1980-10-17-00:00,부산,1980-10-17,00:00,-60,1,hourPillar|minggongBranch|bodyPalaceBranch|soulStar|ascSign|planetHouses,12.4667,6
부산-1980-10-17-00:00,부산,1980-10-17,00:00,-30,1,ascSign|planetHouses,6.2000,2
부산-1980-10-17-00:00,부산,1980-10-17,00:00,-15,1,ascSign|planetHouses,3.1000,1
부산-1980-10-17-00:00,부산,1980-10-17,00:00,-5,0,,1.0333,0
부산-1980-10-17-00:00,부산,1980-10-17,00:00,5,1,planetHouses,1.0167,1
부산-1980-10-17-00:00,부산,1980-10-17,00:00,15,1,planetHouses,3.0667,2
부산-1980-10-17-00:00,부산,1980-10-17,00:00,30,1,dayPillar|planetHouses,6.1500,3
부산-1980-10-17-00:00,부산,1980-10-17,00:00,60,1,dayPillar|mcSign|planetHouses,12.2833,5
부산-1980-10-17-00:00,부산,1980-10-17,00:00,120,1,dayPillar|hourPillar|minggongBranch|bodyPalaceBranch|soulStar|mcSign|planetHouses,24.5833,11
부산-1980-10-17-02:14,부산,1980-10-17,02:14,-120,1,dayPillar|hourPillar|minggongBranch|bodyPalaceBranch|soulStar|mcSign|planetHouses,24.6000,11
부산-1980-10-17-02:14,부산,1980-10-17,02:14,-60,1,hourPillar|minggongBranch|bodyPalaceBranch|soulStar|planetHouses,12.3167,6
부산-1980-10-17-02:14,부산,1980-10-17,02:14,-30,1,planetHouses,6.1667,2
부산-1980-10-17-02:14,부산,1980-10-17,02:14,-15,1,planetHouses,3.1000,2
부산-1980-10-17-02:14,부산,1980-10-17,02:14,-5,1,planetHouses,1.0333,1
부산-1980-10-17-02:14,부산,1980-10-17,02:14,5,1,ascSign|planetHouses,1.0333,1
부산-1980-10-17-02:14,부산,1980-10-17,02:14,15,1,ascSign|planetHouses,3.0833,1
부산-1980-10-17-02:14,부산,1980-10-17,02:14,30,1,ascSign|mcSign|planetHouses,6.1833,2
부산-1980-10-17-02:14,부산,1980-10-17,02:14,60,1,ascSign|mcSign|planetHouses,12.4167,4
부산-1980-10-17-02:14,부산,1980-10-17,02:14,120,1,hourPillar|minggongBranch|bodyPalaceBranch|soulStar|ascSign|mcSign|planetHouses,24.9333,10
부산-1980-10-17-04:28,부산,1980-10-17,04:28,-120,1,hourPillar|minggongBranch|bodyPalaceBranch|soulStar|mcSign|planetHouses,24.9833,12
부산-1980-10-17-04:28,부산,1980-10-17,04:28,-60,1,planetHouses,12.5333,6
부산-1980-10-17-04:28,부산,1980-10-17,04:28,-30,1,planetHouses,6.2833,5
부산-1980-10-17-04:28,부산,1980-10-17,04:28,-15,1,planetHouses,3.1500,3
부산-1980-10-17-04:28,부산,1980-10-17,04:28,-5,1,planetHouses,1.0500,2
부산-1980-10-17-04:28,부산,1980-10-17,04:28,5,1,planetHouses,1.0333,1
부산-1980-10-17-04:28,부산,1980-10-17,04:28,15,1,ascSign|mcSign|planetHouses,3.1333,1
부산-1980-10-17-04:28,부산,1980-10-17,04:28,30,1,ascSign|mcSign|planetHouses,6.2667,2
부산-1980-10-17-04:28,부산,1980-10-17,04:28,60,1,hourPillar|minggongBranch|bodyPalaceBranch|soulStar|ascSign|mcSign|planetHouses,12.5500,3
부산-1980-10-17-04:28,부산,1980-10-17,04:28,120,1,hourPillar|minggongBranch|bodyPalaceBranch|soulStar|ascSign|mcSign|planetHouses,25.0333,10
부산-1980-10-17-06:42,부산,1980-10-17,06:42,-120,1,hourPillar|minggongBranch|bodyPalaceBranch|soulStar|planetHouses,25.0167,11
부산-1980-10-17-06:42,부산,1980-10-17,06:42,-60,1,planetHouses,12.4667,8
부산-1980-10-17-06:42,부산,1980-10-17,06:42,-30,1,planetHouses,6.2167,5
부산-1980-10-17-06:42,부산,1980-10-17,06:42,-15,1,planetHouses,3.1000,2
부산-1980-10-17-06:42,부산,1980-10-17,06:42,-5,0,,1.0333,0
부산-1980-10-17-06:42,부산,1980-10-17,06:42,5,1,planetHouses,1.0333,1
부산-1980-10-17-06:42,부산,1980-10-17,06:42,15,1,mcSign|planetHouses,3.1000,2
부산-1980-10-17-06:42,부산,1980-10-17,06:42,30,1,ascSign|mcSign|planetHouses,6.2000,2
부산-1980-10-17-06:42,부산,1980-10-17,06:42,60,1,hourPillar|minggongBranch|bodyPalaceBranch|soulStar|ascSign|mcSign|planetHouses,12.3667,4
부산-1980-10-17-06:42,부산,1980-10-17,06:42,120,1,hourPillar|minggongBranch|bodyPalaceBranch|soulStar|ascSign|mcSign|planetHouses,24.6500,11
부산-1980-10-17-08:56,부산,1980-10-17,08:56,-120,1,hourPillar|minggongBranch|bodyPalaceBranch|soulStar|ascSign|mcSign|planetHouses,24.6000,11
부산-1980-10-17-08:56,부산,1980-10-17,08:56,-60,1,mcSign|planetHouses,12.2667,9
부산-1980-10-17-08:56,부산,1980-10-17,08:56,-30,1,mcSign|planetHouses,6.1333,6
부산-1980-10-17-08:56,부산,1980-10-17,08:56,-15,1,mcSign|planetHouses,3.0667,2
부산-1980-10-17-08:56,부산,1980-10-17,08:56,-5,1,planetHouses,1.0167,1
부산-1980-10-17-08:56,부산,1980-10-17,08:56,5,0,,1.0333,0
부산-1980-10-17-08:56,부산,1980-10-17,08:56,15,1,planetHouses,3.0833,1
부산-1980-10-17-08:56,부산,1980-10-17,08:56,30,1,hourPillar|minggongBranch|bodyPalaceBranch|soulStar|planetHouses,6.1667,1
부산-1980-10-17-08:56,부산,1980-10-17,08:56,60,1,hourPillar|minggongBranch|bodyPalaceBranch|soulStar|ascSign|planetHouses,12.3667,3
부산-1980-10-17-08:56,부산,1980-10-17,08:56,120,1,hourPillar|minggongBranch|bodyPalaceBranch|soulStar|ascSign|mcSign|planetHouses,25.0333,10
부산-1980-10-17-10:10,부산,1980-10-17,10:10,-120,1,hourPillar|minggongBranch|bodyPalaceBranch|soulStar|ascSign|mcSign|planetHouses,24.6833,10
부산-1980-10-17-10:10,부산,1980-10-17,10:10,-60,1,hourPillar|minggongBranch|bodyPalaceBranch|soulStar|ascSign|planetHouses,12.4000,3
부산-1980-10-17-10:10,부산,1980-10-17,10:10,-30,1,planetHouses,6.2333,3
부산-1980-10-17-10:10,부산,1980-10-17,10:10,-15,1,planetHouses,3.1333,1
부산-1980-10-17-10:10,부산,1980-10-17,10:10,-5,1,planetHouses,1.0500,1
부산-1980-10-17-10:10,부산,1980-10-17,10:10,5,1,planetHouses,1.0500,2
부산-1980-10-17-10:10,부산,1980-10-17,10:10,15,1,planetHouses,3.1500,4
부산-1980-10-17-10:10,부산,1980-10-17,10:10,30,1,planetHouses,6.3333,5
부산-1980-10-17-10:10,부산,1980-10-17,10:10,60,1,mcSign|planetHouses,12.8000,9
부산-1980-10-17-10:10,부산,1980-10-17,10:10,120,1,hourPillar|minggongBranch|bodyPalaceBranch|soulStar|ascSign|mcSign|planetHouses,26.4000,12
부산-1980-10-17-12:24,부산,1980-10-17,12:24,-120,1,hourPillar|minggongBranch|bodyPalaceBranch|soulStar|ascSign|mcSign|planetHouses,26.8167,10
부산-1980-10-17-12:24,부산,1980-10-17,12:24,-60,1,ascSign|planetHouses,13.8667,5
부산-1980-10-17-12:24,부산,1980-10-17,12:24,-30,1,planetHouses,7.0833,3
부산-1980-10-17-12:24,부산,1980-10-17,12:24,-15,1,planetHouses,3.5833,1
부산-1980-10-17-12:24,부산,1980-10-17,12:24,-5,0,,1.2000,0
부산-1980-10-17-12:24,부산,1980-10-17,12:24,5,1,planetHouses,1.2167,3
부산-1980-10-17-12:24,부산,1980-10-17,12:24,15,1,mcSign|planetHouses,3.6833,4
부산-1980-10-17-12:24,부산,1980-10-17,12:24,30,1,mcSign|planetHouses,7.4667,6
부산-1980-10-17-12:24,부산,1980-10-17,12:24,60,1,hourPillar|minggongBranch|bodyPalaceBranch|soulStar|mcSign|planetHouses,15.3833,7
부산-1980-10-17-12:24,부산,1980-10-17,12:24,120,1,hourPillar|minggongBranch|bodyPalaceBranch|soulStar|ascSign|mcSign|planetHouses,33.0000,12
부산-1980-10-17-14:38,부산,1980-10-17,14:38,-120,1,hourPillar|minggongBranch|bodyPalaceBranch|soulStar|ascSign|mcSign|planetHouses,34.0667,10
부산-1980-10-17-14:38,부산,1980-10-17,14:38,-60,1,ascSign|mcSign|planetHouses,18.2333,7
부산-1980-10-17-14:38,부산,1980-10-17,14:38,-30,1,mcSign|planetHouses,9.4500,2
부산-1980-10-17-14:38,부산,1980-10-17,14:38,-15,1,mcSign|planetHouses,4.8167,1
부산-1980-10-17-14:38,부산,1980-10-17,14:38,-5,1,planetHouses,1.6167,1
부산-1980-10-17-14:38,부산,1980-10-17,14:38,5,1,planetHouses,1.6500,2
부산-1980-10-17-14:38,부산,1980-10-17,14:38,15,1,planetHouses,5.0000,4
부산-1980-10-17-14:38,부산,1980-10-17,14:38,30,1,planetHouses,10.1667,4
부산-1980-10-17-14:38,부산,1980-10-17,14:38,60,1,hourPillar|minggongBranch|bodyPalaceBranch|soulStar|ascSign|planetHouses,21.0333,6
부산-1980-10-17-14:38,부산,1980-10-17,14:38,120,1,hourPillar|minggongBranch|bodyPalaceBranch|soulStar|ascSign|planetHouses,44.1833,12
부산-1980-10-17-16:52,부산,1980-10-17,16:52,-120,1,hourPillar|minggongBranch|bodyPalaceBranch|soulStar|ascSign|mcSign|planetHouses,45.0333,12
부산-1980-10-17-16:52,부산,1980-10-17,16:52,-60,1,ascSign|mcSign|planetHouses,23.4000,7
부산-1980-10-17-16:52,부산,1980-10-17,16:52,-30,1,ascSign|mcSign|planetHouses,11.8000,5
부산-1980-10-17-16:52,부산,1980-10-17,16:52,-15,1,ascSign|mcSign|planetHouses,5.9000,1
부산-1980-10-17-16:52,부산,1980-10-17,16:52,-5,1,planetHouses,1.9667,1
부산-1980-10-17-16:52,부산,1980-10-17,16:52,5,1,planetHouses,1.9500,1
부산-1980-10-17-16:52,부산,1980-10-17,16:52,15,1,planetHouses,5.8667,1
부산-1980-10-17-16:52,부산,1980-10-17,16:52,30,1,planetHouses,11.6500,2
부산-1980-10-17-16:52,부산,1980-10-17,16:52,60,1,hourPillar|minggongBranch|bodyPalaceBranch|soulStar|planetHouses,22.9000,6
부산-1980-10-17-16:52,부산,1980-10-17,16:52,120,1,hourPillar|minggongBranch|bodyPalaceBranch|soulStar|ascSign|mcSign|planetHouses,43.4667,12
부산-1980-10-17-18:06,부산,1980-10-17,18:06,-120,1,hourPillar|minggongBranch|bodyPalaceBranch|soulStar|ascSign|mcSign|planetHouses,45.9667,12
부산-1980-10-17-18:06,부산,1980-10-17,18:06,-60,1,hourPillar|minggongBranch|bodyPalaceBranch|soulStar|ascSign|planetHouses,22.4833,7
부산-1980-10-17-18:06,부산,1980-10-17,18:06,-30,1,ascSign|planetHouses,10.9833,4
부산-1980-10-17-18:06,부산,1980-10-17,18:06,-15,1,ascSign|planetHouses,5.4167,2
부산-1980-10-17-18:06,부산,1980-10-17,18:06,-5,1,planetHouses,1.7833,1
부산-1980-10-17-18:06,부산,1980-10-17,18:06,5,1,planetHouses,1.7667,2
부산-1980-10-17-18:06,부산,1980-10-17,18:06,15,1,planetHouses,5.2500,2
부산-1980-10-17-18:06,부산,1980-10-17,18:06,30,1,planetHouses,10.3000,3
부산-1980-10-17-18:06,부산,1980-10-17,18:06,60,1,mcSign|planetHouses,19.9000,6
부산-1980-10-17-18:06,부산,1980-10-17,18:06,120,1,hourPillar|minggongBranch|bodyPalaceBranch|soulStar|ascSign|mcSign|planetHouses,37.0833,12
부산-1980-10-17-20:20,부산,1980-10-17,20:20,-120,1,hourPillar|minggongBranch|bodyPalaceBranch|soulStar|ascSign|mcSign|planetHouses,35.8667,12
부산-1980-10-17-20:20,부산,1980-10-17,20:20,-60,1,hourPillar|minggongBranch|bodyPalaceBranch|soulStar|ascSign|planetHouses,16.6333,7
부산-1980-10-17-20:20,부산,1980-10-17,20:20,-30,1,planetHouses,8.0333,4
부산-1980-10-17-20:20,부산,1980-10-17,20:20,-15,1,planetHouses,3.9500,1
부산-1980-10-17-20:20,부산,1980-10-17,20:20,-5,1,planetHouses,1.3167,1
부산-1980-10-17-20:20,부산,1980-10-17,20:20,5,0,,1.2833,0
부산-1980-10-17-20:20,부산,1980-10-17,20:20,15,1,planetHouses,3.8167,1
부산-1980-10-17-20:20,부산,1980-10-17,20:20,30,1,mcSign|planetHouses,7.5333,3
부산-1980-10-17-20:20,부산,1980-10-17,20:20,60,1,mcSign|planetHouses,14.6833,4
부산-1980-10-17-20:20,부산,1980-10-17,20:20,120,1,hourPillar|minggongBranch|bodyPalaceBranch|soulStar|ascSign|mcSign|planetHouses,28.1167,12
부산-1980-10-17-22:34,부산,1980-10-17,22:34,-120,1,hourPillar|minggongBranch|bodyPalaceBranch|soulStar|ascSign|mcSign|planetHouses,27.5667,12
부산-1980-10-17-22:34,부산,1980-10-17,22:34,-60,1,planetHouses,13.2333,8
부산-1980-10-17-22:34,부산,1980-10-17,22:34,-30,1,planetHouses,6.5167,2
부산-1980-10-17-22:34,부산,1980-10-17,22:34,-15,1,planetHouses,3.2333,1
부산-1980-10-17-22:34,부산,1980-10-17,22:34,-5,1,planetHouses,1.0833,1
부산-1980-10-17-22:34,부산,1980-10-17,22:34,5,1,mcSign,1.0667,0
부산-1980-10-17-22:34,부산,1980-10-17,22:34,15,1,mcSign,3.1833,0
부산-1980-10-17-22:34,부산,1980-10-17,22:34,30,1,mcSign|planetHouses,6.3500,1
부산-1980-10-17-22:34,부산,1980-10-17,22:34,60,1,hourPillar|minggongBranch|bodyPalaceBranch|soulStar|mcSign|planetHouses,12.6000,5
부산-1980-10-17-22:34,부산,1980-10-17,22:34,120,1,dayPillar|hourPillar|minggongBranch|bodyPalaceBranch|soulStar|ascSign|mcSign|planetHouses,24.9167,12
부산-1980-11-24-00:00,부산,1980-11-24,00:00,-120,1,hourPillar|minggongBranch|bodyPalaceBranch|soulStar|ascSign|mcSign|planetHouses,24.6000,11
부산-1980-11-24-00:00,부산,1980-11-24,00:00,-60,1,hourPillar|minggongBranch|bodyPalaceBranch|soulStar|ascSign|planetHouses,12.3333,5
부산-1980-11-24-00:00,부산,1980-11-24,00:00,-30,1,ascSign|planetHouses,6.1833,3
부산-1980-11-24-00:00,부산,1980-11-24,00:00,-15,1,ascSign|planetHouses,3.0833,3
부산-1980-11-24-00:00,부산,1980-11-24,00:00,-5,0,,1.0333,0
부산-1980-11-24-00:00,부산,1980-11-24,00:00,5,1,mcSign,1.0333,0
부산-1980-11-24-00:00,부산,1980-11-24,00:00,15,1,mcSign|planetHouses,3.1167,2
부산-1980-11-24-00:00,부산,1980-11-24,00:00,30,1,dayPillar|mcSign|planetHouses,6.2167,2
부산-1980-11-24-00:00,부산,1980-11-24,00:00,60,1,dayPillar|mcSign|planetHouses,12.4500,6
부산-1980-11-24-00:00,부산,1980-11-24,00:00,120,1,dayPillar|hourPillar|minggongBranch|bodyPalaceBranch|soulStar|mcSign|planetHouses,24.9833,10
부산-1980-11-24-02:14,부산,1980-11-24,02:14,-120,1,dayPillar|hourPillar|minggongBranch|bodyPalaceBranch|soulStar|ascSign|mcSign|planetHouses,25.0167,9
부산-1980-11-24-02:14,부산,1980-11-24,02:14,-60,1,hourPillar|minggongBranch|bodyPalaceBranch|soulStar|ascSign|mcSign|planetHouses,12.5500,4
부산-1980-11-24-02:14,부산,1980-11-24,02:14,-30,1,ascSign|mcSign|planetHouses,6.2833,2
부산-1980-11-24-02:14,부산,1980-11-24,02:14,-15,1,ascSign|mcSign|planetHouses,3.1333,1
부산-1980-11-24-02:14,부산,1980-11-24,02:14,-5,1,ascSign|mcSign,1.0500,0
부산-1980-11-24-02:14,부산,1980-11-24,02:14,5,1,planetHouses,1.0500,1
부산-1980-11-24-02:14,부산,1980-11-24,02:14,15,1,planetHouses,3.1333,2
부산-1980-11-24-02:14,부산,1980-11-24,02:14,30,1,planetHouses,6.2833,4
부산-1980-11-24-02:14,부산,1980-11-24,02:14,60,1,planetHouses,12.5500,7
부산-1980-11-24-02:14,부산,1980-11-24,02:14,120,1,hourPillar|minggongBranch|bodyPalaceBranch|soulStar|planetHouses,25.0167,11
부산-1980-11-24-04:28,부산,1980-11-24,04:28,-120,1,hourPillar|minggongBranch|bodyPalaceBranch|soulStar|mcSign|planetHouses,24.9667,10
부산-1980-11-24-04:28,부산,1980-11-24,04:28,-60,1,mcSign|planetHouses,12.4333,4
부산-1980-11-24-04:28,부산,1980-11-24,04:28,-30,1,mcSign|planetHouses,6.2000,4
부산-1980-11-24-04:28,부산,1980-11-24,04:28,-15,1,mcSign|planetHouses,3.1000,1
부산-1980-11-24-04:28,부산,1980-11-24,04:28,-5,1,planetHouses,1.0333,1
부산-1980-11-24-04:28,부산,1980-11-24,04:28,5,0,,1.0333,0
부산-1980-11-24-04:28,부산,1980-11-24,04:28,15,1,ascSign|planetHouses,3.1000,3
부산-1980-11-24-04:28,부산,1980-11-24,04:28,30,1,ascSign|planetHouses,6.1833,5
부산-1980-11-24-04:28,부산,1980-11-24,04:28,60,1,hourPillar|minggongBranch|bodyPalaceBranch|soulStar|ascSign|planetHouses,12.3333,7
부산-1980-11-24-04:28,부산,1980-11-24,04:28,120,1,hourPillar|minggongBranch|bodyPalaceBranch|soulStar|ascSign|mcSign|planetHouses,24.6167,10
부산-1980-11-24-06:42,부산,1980-11-24,06:42,-120,1,hourPillar|minggongBranch|bodyPalaceBranch|soulStar|mcSign|planetHouses,24.6000,10
부산-1980-11-24-06:42,부산,1980-11-24,06:42,-60,1,mcSign|planetHouses,12.2833,6
부산-1980-11-24-06:42,부산,1980-11-24,06:42,-30,1,mcSign|planetHouses,6.1500,5
부산-1980-11-24-06:42,부산,1980-11-24,06:42,-15,1,planetHouses,3.0833,3
부산-1980-11-24-06:42,부산,1980-11-24,06:42,-5,1,planetHouses,1.0333,1
부산-1980-11-24-06:42,부산,1980-11-24,06:42,5,1,planetHouses,1.0167,1
부산-1980-11-24-06:42,부산,1980-11-24,06:42,15,1,planetHouses,3.0833,1
부산-1980-11-24-06:42,부산,1980-11-24,06:42,30,1,ascSign|planetHouses,6.1667,3
부산-1980-11-24-06:42,부산,1980-11-24,06:42,60,1,hourPillar|minggongBranch|bodyPalaceBranch|soulStar|ascSign|planetHouses,12.4000,6
부산-1980-11-24-06:42,부산,1980-11-24,06:42,120,1,hourPillar|minggongBranch|bodyPalaceBranch|soulStar|ascSign|mcSign|planetHouses,25.2167,10
부산-1980-11-24-08:56,부산,1980-11-24,08:56,-120,1,hourPillar|minggongBranch|bodyPalaceBranch|soulStar|ascSign|mcSign|planetHouses,25.4500,11
부산-1980-11-24-08:56,부산,1980-11-24,08:56,-60,1,mcSign|planetHouses,12.9667,6
부산-1980-11-24-08:56,부산,1980-11-24,08:56,-30,1,planetHouses,6.5667,4
부산-1980-11-24-08:56,부산,1980-11-24,08:56,-15,1,planetHouses,3.3167,2
부산-1980-11-24-08:56,부산,1980-11-24,08:56,-5,1,planetHouses,1.1167,1
부산-1980-11-24-08:56,부산,1980-11-24,08:56,5,0,,1.1167,0
부산-1980-11-24-08:56,부산,1980-11-24,08:56,15,1,planetHouses,3.3667,2
부산-1980-11-24-08:56,부산,1980-11-24,08:56,30,1,hourPillar|minggongBranch|bodyPalaceBranch|soulStar|ascSign|planetHouses,6.8000,2
부산-1980-11-24-08:56,부산,1980-11-24,08:56,60,1,hourPillar|minggongBranch|bodyPalaceBranch|soulStar|ascSign|planetHouses,13.9000,6
부산-1980-11-24-08:56,부산,1980-11-24,08:56,120,1,hourPillar|minggongBranch|bodyPalaceBranch|soulStar|ascSign|mcSign|planetHouses,29.3167,12
부산-1980-11-24-10:10,부산,1980-11-24,10:10,-120,1,hourPillar|minggongBranch|bodyPalaceBranch|soulStar|ascSign|mcSign|planetHouses,27.3333,12
부산-1980-11-24-10:10,부산,1980-11-24,10:10,-60,1,hourPillar|minggongBranch|bodyPalaceBranch|soulStar|ascSign|mcSign|planetHouses,14.2000,6
부산-1980-11-24-10:10,부산,1980-11-24,10:10,-30,1,mcSign|planetHouses,7.2667,4
부산-1980-11-24-10:10,부산,1980-11-24,10:10,-15,1,mcSign|planetHouses,3.6833,2
부산-1980-11-24-10:10,부산,1980-11-24,10:10,-5,1,planetHouses,1.2500,1
부산-1980-11-24-10:10,부산,1980-11-24,10:10,5,0,,1.2500,0
부산-1980-11-24-10:10,부산,1980-11-24,10:10,15,1,planetHouses,3.7833,1
부산-1980-11-24-10:10,부산,1980-11-24,10:10,30,1,planetHouses,7.6833,4
부산-1980-11-24-10:10,부산,1980-11-24,10:10,60,1,planetHouses,15.8833,7
부산-1980-11-24-10:10,부산,1980-11-24,10:10,120,1,hourPillar|minggongBranch|bodyPalaceBranch|soulStar|ascSign|mcSign|planetHouses,34.1833,12
부산-1980-11-24-12:24,부산,1980-11-24,12:24,-120,1,hourPillar|minggongBranch|bodyPalaceBranch|soulStar|ascSign|mcSign|planetHouses,35.3167,12
부산-1980-11-24-12:24,부산,1980-11-24,12:24,-60,1,mcSign|planetHouses,18.9333,7
부산-1980-11-24-12:24,부산,1980-11-24,12:24,-30,1,mcSign|planetHouses,9.8167,4
부산-1980-11-24-12:24,부산,1980-11-24,12:24,-15,1,planetHouses,5.0000,1
부산-1980-11-24-12:24,부산,1980-11-24,12:24,-5,0,,1.6833,0
부산-1980-11-24-12:24,부산,1980-11-24,12:24,5,1,planetHouses,1.7167,2
부산-1980-11-24-12:24,부산,1980-11-24,12:24,15,1,planetHouses,5.1833,4
부산-1980-11-24-12:24,부산,1980-11-24,12:24,30,1,ascSign|planetHouses,10.5333,5
부산-1980-11-24-12:24,부산,1980-11-24,12:24,60,1,hourPillar|minggongBranch|bodyPalaceBranch|soulStar|ascSign|planetHouses,21.7000,6
부산-1980-11-24-12:24,부산,1980-11-24,12:24,120,1,hourPillar|minggongBranch|bodyPalaceBranch|soulStar|ascSign|mcSign|planetHouses,45.1167,12
부산-1980-11-24-14:38,부산,1980-11-24,14:38,-120,1,hourPillar|minggongBranch|bodyPalaceBranch|soulStar|ascSign|mcSign|planetHouses,45.7500,12
부산-1980-11-24-14:38,부산,1980-11-24,14:38,-60,1,ascSign|mcSign|planetHouses,23.5000,9
부산-1980-11-24-14:38,부산,1980-11-24,14:38,-30,1,ascSign|mcSign|planetHouses,11.7667,4
부산-1980-11-24-14:38,부산,1980-11-24,14:38,-15,1,planetHouses,5.8667,3
부산-1980-11-24-14:38,부산,1980-11-24,14:38,-5,0,,1.9500,0
부산-1980-11-24-14:38,부산,1980-11-24,14:38,5,0,,1.9500,0
부산-1980-11-24-14:38,부산,1980-11-24,14:38,15,0,,5.8000,0
부산-1980-11-24-14:38,부산,1980-11-24,14:38,30,1,planetHouses,11.4833,1
부산-1980-11-24-14:38,부산,1980-11-24,14:38,60,1,hourPillar|minggongBranch|bodyPalaceBranch|soulStar|ascSign|planetHouses,22.4333,7
부산-1980-11-24-14:38,부산,1980-11-24,14:38,120,1,hourPillar|minggongBranch|bodyPalaceBranch|soulStar|ascSign|mcSign|planetHouses,42.2667,12
부산-1980-11-24-16:52,부산,1980-11-24,16:52,-120,1,hourPillar|minggongBranch|bodyPalaceBranch|soulStar|ascSign|mcSign|planetHouses,41.0667,12
부산-1980-11-24-16:52,부산,1980-11-24,16:52,-60,1,mcSign|planetHouses,19.1667,6
부산-1980-11-24-16:52,부산,1980-11-24,16:52,-30,1,planetHouses,9.2333,4
부산-1980-11-24-16:52,부산,1980-11-24,16:52,-15,1,planetHouses,4.5333,2
부산-1980-11-24-16:52,부산,1980-11-24,16:52,-5,1,planetHouses,1.4833,1
부산-1980-11-24-16:52,부산,1980-11-24,16:52,5,0,,1.4667,0
부산-1980-11-24-16:52,부산,1980-11-24,16:52,15,1,ascSign,4.3667,0
부산-1980-11-24-16:52,부산,1980-11-24,16:52,30,1,ascSign|planetHouses,8.5667,4
부산-1980-11-24-16:52,부산,1980-11-24,16:52,60,1,hourPillar|minggongBranch|bodyPalaceBranch|soulStar|ascSign|planetHouses,16.5667,7
부산-1980-11-24-16:52,부산,1980-11-24,16:52,120,1,hourPillar|minggongBranch|bodyPalaceBranch|soulStar|ascSign|mcSign|planetHouses,31.2167,11
부산-1980-11-24-18:06,부산,1980-11-24,18:06,-120,1,hourPillar|minggongBranch|bodyPalaceBranch|soulStar|ascSign|mcSign|planetHouses,34.5667,12
부산-1980-11-24-18:06,부산,1980-11-24,18:06,-60,1,hourPillar|minggongBranch|bodyPalaceBranch|soulStar|planetHouses,16.0500,7
부산-1980-11-24-18:06,부산,1980-11-24,18:06,-30,1,planetHouses,7.7667,1
부산-1980-11-24-18:06,부산,1980-11-24,18:06,-15,0,,3.8167,0
부산-1980-11-24-18:06,부산,1980-11-24,18:06,-5,0,,1.2667,0
부산-1980-11-24-18:06,부산,1980-11-24,18:06,5,0,,1.2500,0
부산-1980-11-24-18:06,부산,1980-11-24,18:06,15,1,mcSign,3.7167,0
부산-1980-11-24-18:06,부산,1980-11-24,18:06,30,1,mcSign|planetHouses,7.3333,4
부산-1980-11-24-18:06,부산,1980-11-24,18:06,60,1,ascSign|mcSign|planetHouses,14.3000,7
부산-1980-11-24-18:06,부산,1980-11-24,18:06,120,1,hourPillar|minggongBranch|bodyPalaceBranch|soulStar|ascSign|mcSign|planetHouses,27.5167,12
부산-1980-11-24-20:20,부산,1980-11-24,20:20,-120,1,hourPillar|minggongBranch|bodyPalaceBranch|soulStar|ascSign|mcSign|planetHouses,27.0167,12
부산-1980-11-24-20:20,부산,1980-11-24,20:20,-60,1,hourPillar|minggongBranch|bodyPalaceBranch|soulStar|mcSign|planetHouses,13.0167,3
부산-1980-11-24-20:20,부산,1980-11-24,20:20,-30,1,mcSign|planetHouses,6.4167,1
부산-1980-11-24-20:20,부산,1980-11-24,20:20,-15,1,mcSign,3.1833,0
부산-1980-11-24-20:20,부산,1980-11-24,20:20,-5,0,,1.0500,0
부산-1980-11-24-20:20,부산,1980-11-24,20:20,5,0,,1.0667,0
부산-1980-11-24-20:20,부산,1980-11-24,20:20,15,1,planetHouses,3.1667,1
부산-1980-11-24-20:20,부산,1980-11-24,20:20,30,1,planetHouses,6.3000,6
부산-1980-11-24-20:20,부산,1980-11-24,20:20,60,1,ascSign|planetHouses,12.5000,6
부산-1980-11-24-20:20,부산,1980-11-24,20:20,120,1,hourPillar|minggongBranch|bodyPalaceBranch|soulStar|ascSign|mcSign|planetHouses,24.8000,12
부산-1980-11-24-22:34,부산,1980-11-24,22:34,-120,1,hourPillar|minggongBranch|bodyPalaceBranch|soulStar|ascSign|mcSign|planetHouses,24.7167,12
부산-1980-11-24-22:34,부산,1980-11-24,22:34,-60,1,mcSign|planetHouses,12.2833,7
부산-1980-11-24-22:34,부산,1980-11-24,22:34,-30,1,planetHouses,6.1333,3
부산-1980-11-24-22:34,부산,1980-11-24,22:34,-15,1,planetHouses,3.0667,3
부산-1980-11-24-22:34,부산,1980-11-24,22:34,-5,1,planetHouses,1.0167,1
부산-1980-11-24-22:34,부산,1980-11-24,22:34,5,1,planetHouses,1.0167,1
부산-1980-11-24-22:34,부산,1980-11-24,22:34,15,1,planetHouses,3.0667,1
부산-1980-11-24-22:34,부산,1980-11-24,22:34,30,1,planetHouses,6.1500,2
부산-1980-11-24-22:34,부산,1980-11-24,22:34,60,1,hourPillar|minggongBranch|bodyPalaceBranch|soulStar|planetHouses,12.3000,3
부산-1980-11-24-22:34,부산,1980-11-24,22:34,120,1,dayPillar|hourPillar|minggongBranch|bodyPalaceBranch|soulStar|ascSign|mcSign|planetHouses,24.7167,10
부산-1980-12-04-00:00,부산,1980-12-04,00:00,-120,1,hourPillar|minggongBranch|bodyPalaceBranch|soulStar|ascSign|mcSign|planetHouses,24.7167,8
부산-1980-12-04-00:00,부산,1980-12-04,00:00,-60,1,hourPillar|minggongBranch|bodyPalaceBranch|soulStar|ascSign|mcSign|planetHouses,12.4000,5
부산-1980-12-04-00:00,부산,1980-12-04,00:00,-30,1,planetHouses,6.2167,1
부산-1980-12-04-00:00,부산,1980-12-04,00:00,-15,1,planetHouses,3.1167,1
부산-1980-12-04-00:00,부산,1980-12-04,00:00,-5,0,,1.0333,0
부산-1980-12-04-00:00,부산,1980-12-04,00:00,5,1,planetHouses,1.0333,1
부산-1980-12-04-00:00,부산,1980-12-04,00:00,15,1,planetHouses,3.1167,5
부산-1980-12-04-00:00,부산,1980-12-04,00:00,30,1,dayPillar|planetHouses,6.2500,6
부산-1980-12-04-00:00,부산,1980-12-04,00:00,60,1,dayPillar|planetHouses,12.5167,7
부산-1980-12-04-00:00,부산,1980-12-04,00:00,120,1,dayPillar|hourPillar|minggongBranch|bodyPalaceBranch|soulStar|ascSign|mcSign|planetHouses,25.0667,11
부산-1980-12-04-02:14,부산,1980-12-04,02:14,-120,1,dayPillar|hourPillar|minggongBranch|bodyPalaceBranch|soulStar|ascSign|mcSign|planetHouses,25.0667,9
부산-1980-12-04-02:14,부산,1980-12-04,02:14,-60,1,hourPillar|minggongBranch|bodyPalaceBranch|soulStar|ascSign|mcSign|planetHouses,12.5500,7
부산-1980-12-04-02:14,부산,1980-12-04,02:14,-30,1,planetHouses,6.2667,3
부산-1980-12-04-02:14,부산,1980-12-04,02:14,-15,1,planetHouses,3.1333,3
부산-1980-12-04-02:14,부산,1980-12-04,02:14,-5,1,planetHouses,1.0333,2
부산-1980-12-04-02:14,부산,1980-12-04,02:14,5,0,,1.0500,0
부산-1980-12-04-02:14,부산,1980-12-04,02:14,15,1,planetHouses,3.1333,2
부산-1980-12-04-02:14,부산,1980-12-04,02:14,30,1,planetHouses,6.2667,4
부산-1980-12-04-02:14,부산,1980-12-04,02:14,60,1,planetHouses,12.5000,4
부산-1980-12-04-02:14,부산,1980-12-04,02:14,120,1,hourPillar|minggongBranch|bodyPalaceBranch|soulStar|ascSign|mcSign|planetHouses,24.9000,11
부산-1980-12-04-04:28,부산,1980-12-04,04:28,-120,1,hourPillar|minggongBranch|bodyPalaceBranch|soulStar|ascSign|mcSign|planetHouses,24.8500,9
부산-1980-12-04-04:28,부산,1980-12-04,04:28,-60,1,ascSign|mcSign|planetHouses,12.3667,5
부산-1980-12-04-04:28,부산,1980-12-04,04:28,-30,1,planetHouses,6.1667,2
부산-1980-12-04-04:28,부산,1980-12-04,04:28,-15,0,,3.0833,0
부산-1980-12-04-04:28,부산,1980-12-04,04:28,-5,0,,1.0333,0
부산-1980-12-04-04:28,부산,1980-12-04,04:28,5,0,,1.0167,0
부산-1980-12-04-04:28,부산,1980-12-04,04:28,15,1,planetHouses,3.0667,3
부산-1980-12-04-04:28,부산,1980-12-04,04:28,30,1,planetHouses,6.1500,4
부산-1980-12-04-04:28,부산,1980-12-04,04:28,60,1,hourPillar|minggongBranch|bodyPalaceBranch|soulStar|planetHouses,12.2833,6
부산-1980-12-04-04:28,부산,1980-12-04,04:28,120,1,hourPillar|minggongBranch|bodyPalaceBranch|soulStar|ascSign|mcSign|planetHouses,24.5833,12
부산-1980-12-04-06:42,부산,1980-12-04,06:42,-120,1,hourPillar|minggongBranch|bodyPalaceBranch|soulStar|ascSign|mcSign|planetHouses,24.6167,9
부산-1980-12-04-06:42,부산,1980-12-04,06:42,-60,1,ascSign|planetHouses,12.3333,7
부산-1980-12-04-06:42,부산,1980-12-04,06:42,-30,1,ascSign|planetHouses,6.1833,1
부산-1980-12-04-06:42,부산,1980-12-04,06:42,-15,1,planetHouses,3.1000,1
부산-1980-12-04-06:42,부산,1980-12-04,06:42,-5,1,planetHouses,1.0333,1
부산-1980-12-04-06:42,부산,1980-12-04,06:42,5,0,,1.0333,0
부산-1980-12-04-06:42,부산,1980-12-04,06:42,15,1,planetHouses,3.1167,2
부산-1980-12-04-06:42,부산,1980-12-04,06:42,30,1,planetHouses,6.2667,4
부산-1980-12-04-06:42,부산,1980-12-04,06:42,60,1,hourPillar|minggongBranch|bodyPalaceBranch|soulStar|mcSign|planetHouses,12.6333,6
부산-1980-12-04-06:42,부산,1980-12-04,06:42,120,1,hourPillar|minggongBranch|bodyPalaceBranch|soulStar|mcSign|planetHouses,25.9333,12
부산-1980-12-04-08:56,부산,1980-12-04,08:56,-120,1,hourPillar|minggongBranch|bodyPalaceBranch|soulStar|ascSign|mcSign|planetHouses,26.2667,10
부산-1980-12-04-08:56,부산,1980-12-04,08:56,-60,1,ascSign|planetHouses,13.5167,3
부산-1980-12-04-08:56,부산,1980-12-04,08:56,-30,1,ascSign|planetHouses,6.8833,1
부산-1980-12-04-08:56,부산,1980-12-04,08:56,-15,1,ascSign,3.4833,0
부산-1980-12-04-08:56,부산,1980-12-04,08:56,-5,0,,1.1667,0
부산-1980-12-04-08:56,부산,1980-12-04,08:56,5,1,planetHouses,1.1667,2
부산-1980-12-04-08:56,부산,1980-12-04,08:56,15,1,planetHouses,3.5500,4
부산-1980-12-04-08:56,부산,1980-12-04,08:56,30,1,hourPillar|minggongBranch|bodyPalaceBranch|soulStar|mcSign|planetHouses,7.2000,5
부산-1980-12-04-08:56,부산,1980-12-04,08:56,60,1,hourPillar|minggongBranch|bodyPalaceBranch|soulStar|mcSign|planetHouses,14.8167,10
부산-1980-12-04-08:56,부산,1980-12-04,08:56,120,1,hourPillar|minggongBranch|bodyPalaceBranch|soulStar|ascSign|mcSign|planetHouses,31.6333,12
부산-1980-12-04-10:10,부산,1980-12-04,10:10,-120,1,hourPillar|minggongBranch|bodyPalaceBranch|soulStar|ascSign|mcSign|planetHouses,28.9833,12
부산-1980-12-04-10:10,부산,1980-12-04,10:10,-60,1,hourPillar|minggongBranch|bodyPalaceBranch|soulStar|mcSign|planetHouses,15.2167,9
부산-1980-12-04-10:10,부산,1980-12-04,10:10,-30,1,planetHouses,7.8333,3
부산-1980-12-04-10:10,부산,1980-12-04,10:10,-15,1,planetHouses,3.9833,1
부산-1980-12-04-10:10,부산,1980-12-04,10:10,-5,0,,1.3333,0
부산-1980-12-04-10:10,부산,1980-12-04,10:10,5,1,planetHouses,1.3667,1
부산-1980-12-04-10:10,부산,1980-12-04,10:10,15,1,planetHouses,4.1167,1
부산-1980-12-04-10:10,부산,1980-12-04,10:10,30,1,planetHouses,8.3833,2
부산-1980-12-04-10:10,부산,1980-12-04,10:10,60,1,ascSign|planetHouses,17.4000,5
부산-1980-12-04-10:10,부산,1980-12-04,10:10,120,1,hourPillar|minggongBranch|bodyPalaceBranch|soulStar|ascSign|mcSign|planetHouses,37.5333,12
부산-1980-12-04-12:24,부산,1980-12-04,12:24,-120,1,hourPillar|minggongBranch|bodyPalaceBranch|soulStar|ascSign|mcSign|planetHouses,38.7833,12
부산-1980-12-04-12:24,부산,1980-12-04,12:24,-60,1,ascSign|planetHouses,20.8000,6
부산-1980-12-04-12:24,부산,1980-12-04,12:24,-30,1,ascSign|planetHouses,10.7500,3
부산-1980-12-04-12:24,부산,1980-12-04,12:24,-15,1,ascSign|planetHouses,5.4667,1
부산-1980-12-04-12:24,부산,1980-12-04,12:24,-5,0,,1.8333,0
부산-1980-12-04-12:24,부산,1980-12-04,12:24,5,0,,1.8500,0
부산-1980-12-04-12:24,부산,1980-12-04,12:24,15,1,planetHouses,5.6000,1
부산-1980-12-04-12:24,부산,1980-12-04,12:24,30,1,planetHouses,11.3333,4
부산-1980-12-04-12:24,부산,1980-12-04,12:24,60,1,hourPillar|minggongBranch|bodyPalaceBranch|soulStar|planetHouses,23.0333,8
부산-1980-12-04-12:24,부산,1980-12-04,12:24,120,1,hourPillar|minggongBranch|bodyPalaceBranch|soulStar|ascSign|mcSign|planetHouses,46.3500,12
부산-1980-12-04-14:38,부산,1980-12-04,14:38,-120,1,hourPillar|minggongBranch|bodyPalaceBranch|soulStar|ascSign|mcSign|planetHouses,46.3667,12
부산-1980-12-04-14:38,부산,1980-12-04,14:38,-60,1,planetHouses,23.0500,9
부산-1980-12-04-14:38,부산,1980-12-04,14:38,-30,1,planetHouses,11.3333,5
부산-1980-12-04-14:38,부산,1980-12-04,14:38,-15,1,planetHouses,5.6000,4
부산-1980-12-04-14:38,부산,1980-12-04,14:38,-5,1,planetHouses,1.8500,1
부산-1980-12-04-14:38,부산,1980-12-04,14:38,5,0,,1.8333,0
부산-1980-12-04-14:38,부산,1980-12-04,14:38,15,1,ascSign|planetHouses,5.4500,2
부산-1980-12-04-14:38,부산,1980-12-04,14:38,30,1,ascSign|planetHouses,10.7500,3
부산-1980-12-04-14:38,부산,1980-12-04,14:38,60,1,hourPillar|minggongBranch|bodyPalaceBranch|soulStar|ascSign|planetHouses,20.8000,5
부산-1980-12-04-14:38,부산,1980-12-04,14:38,120,1,hourPillar|minggongBranch|bodyPalaceBranch|soulStar|ascSign|mcSign|planetHouses,38.8000,11
부산-1980-12-04-16:52,부산,1980-12-04,16:52,-120,1,hourPillar|minggongBranch|bodyPalaceBranch|soulStar|ascSign|mcSign|planetHouses,37.5500,12
부산-1980-12-04-16:52,부산,1980-12-04,16:52,-60,1,ascSign|planetHouses,17.4000,7
부산-1980-12-04-16:52,부산,1980-12-04,16:52,-30,1,planetHouses,8.3833,3
부산-1980-12-04-16:52,부산,1980-12-04,16:52,-15,1,planetHouses,4.1167,1
부산-1980-12-04-16:52,부산,1980-12-04,16:52,-5,0,,1.3667,0
부산-1980-12-04-16:52,부산,1980-12-04,16:52,5,0,,1.3333,0
부산-1980-12-04-16:52,부산,1980-12-04,16:52,15,1,planetHouses,3.9833,1
부산-1980-12-04-16:52,부산,1980-12-04,16:52,30,1,planetHouses,7.8333,2
부산-1980-12-04-16:52,부산,1980-12-04,16:52,60,1,hourPillar|minggongBranch|bodyPalaceBranch|soulStar|mcSign|planetHouses,15.2333,6
부산-1980-12-04-16:52,부산,1980-12-04,16:52,120,1,hourPillar|minggongBranch|bodyPalaceBranch|soulStar|ascSign|mcSign|planetHouses,29.0000,12
부산-1980-12-04-18:06,부산,1980-12-04,18:06,-120,1,hourPillar|minggongBranch|bodyPalaceBranch|soulStar|ascSign|mcSign|planetHouses,31.6667,12
부산-1980-12-04-18:06,부산,1980-12-04,18:06,-60,1,hourPillar|minggongBranch|bodyPalaceBranch|soulStar|mcSign|planetHouses,14.8333,7
부산-1980-12-04-18:06,부산,1980-12-04,18:06,-30,1,mcSign|planetHouses,7.2167,4
부산-1980-12-04-18:06,부산,1980-12-04,18:06,-15,1,planetHouses,3.5667,2
부산-1980-12-04-18:06,부산,1980-12-04,18:06,-5,0,,1.1833,0
부산-1980-12-04-18:06,부산,1980-12-04,18:06,5,0,,1.1667,0
부산-1980-12-04-18:06,부산,1980-12-04,18:06,15,1,ascSign|planetHouses,3.4833,2
부산-1980-12-04-18:06,부산,1980-12-04,18:06,30,1,ascSign|planetHouses,6.8833,4
부산-1980-12-04-18:06,부산,1980-12-04,18:06,60,1,ascSign|planetHouses,13.5167,6
부산-1980-12-04-18:06,부산,1980-12-04,18:06,120,1,hourPillar|minggongBranch|bodyPalaceBranch|soulStar|ascSign|mcSign|planetHouses,26.2667,11
부산-1980-12-04-20:20,부산,1980-12-04,20:20,-120,1,hourPillar|minggongBranch|bodyPalaceBranch|soulStar|mcSign|planetHouses,25.9333,12
부산-1980-12-04-20:20,부산,1980-12-04,20:20,-60,1,hourPillar|minggongBranch|bodyPalaceBranch|soulStar|mcSign|planetHouses,12.6333,8
부산-1980-12-04-20:20,부산,1980-12-04,20:20,-30,1,planetHouses,6.2667,6
부산-1980-12-04-20:20,부산,1980-12-04,20:20,-15,1,planetHouses,3.1167,1
부산-1980-12-04-20:20,부산,1980-12-04,20:20,-5,0,,1.0333,0
부산-1980-12-04-20:20,부산,1980-12-04,20:20,5,0,,1.0333,0
부산-1980-12-04-20:20,부산,1980-12-04,20:20,15,0,,3.1000,0
부산-1980-12-04-20:20,부산,1980-12-04,20:20,30,1,ascSign|planetHouses,6.1833,1
부산-1980-12-04-20:20,부산,1980-12-04,20:20,60,1,ascSign|planetHouses,12.3333,3
부산-1980-12-04-20:20,부산,1980-12-04,20:20,120,1,hourPillar|minggongBranch|bodyPalaceBranch|soulStar|ascSign|mcSign|planetHouses,24.6167,11
부산-1980-12-04-22:34,부산,1980-12-04,22:34,-120,1,hourPillar|minggongBranch|bodyPalaceBranch|soulStar|ascSign|mcSign|planetHouses,24.5833,12
부산-1980-12-04-22:34,부산,1980-12-04,22:34,-60,1,planetHouses,12.2833,8
부산-1980-12-04-22:34,부산,1980-12-04,22:34,-30,1,planetHouses,6.1500,2
부산-1980-12-04-22:34,부산,1980-12-04,22:34,-15,1,planetHouses,3.0667,1
부산-1980-12-04-22:34,부산,1980-12-04,22:34,-5,1,planetHouses,1.0167,1
부산-1980-12-04-22:34,부산,1980-12-04,22:34,5,0,,1.0333,0
부산-1980-12-04-22:34,부산,1980-12-04,22:34,15,0,,3.0833,0
부산-1980-12-04-22:34,부산,1980-12-04,22:34,30,0,,6.1833,0
부산-1980-12-04-22:34,부산,1980-12-04,22:34,60,1,hourPillar|minggongBranch|bodyPalaceBranch|soulStar|ascSign|mcSign|planetHouses,12.3667,3
부산-1980-12-04-22:34,부산,1980-12-04,22:34,120,1,dayPillar|hourPillar|minggongBranch|bodyPalaceBranch|soulStar|ascSign|mcSign|planetHouses,24.8500,11
부산-2000-01-08-00:00,부산,2000-01-08,00:00,-120,1,hourPillar|minggongBranch|bodyPalaceBranch|soulStar|ascSign|mcSign|planetHouses,25.0833,8
부산-2000-01-08-00:00,부산,2000-01-08,00:00,-60,1,hourPillar|minggongBranch|bodyPalaceBranch|soulStar|ascSign|mcSign|planetHouses,12.5500,5
부산-2000-01-08-00:00,부산,2000-01-08,00:00,-30,0,,6.2667,0
부산-2000-01-08-00:00,부산,2000-01-08,00:00,-15,0,,3.1333,0
부산-2000-01-08-00:00,부산,2000-01-08,00:00,-5,0,,1.0500,0
부산-2000-01-08-00:00,부산,2000-01-08,00:00,5,0,,1.0500,0
부산-2000-01-08-00:00,부산,2000-01-08,00:00,15,1,planetHouses,3.1333,3
부산-2000-01-08-00:00,부산,2000-01-08,00:00,30,1,dayPillar|planetHouses,6.2667,6
부산-2000-01-08-00:00,부산,2000-01-08,00:00,60,1,dayPillar|planetHouses,12.5000,6
부산-2000-01-08-00:00,부산,2000-01-08,00:00,120,1,dayPillar|hourPillar|minggongBranch|bodyPalaceBranch|soulStar|ascSign|mcSign|planetHouses,24.9000,12
부산-2000-01-08-02:14,부산,2000-01-08,02:14,-120,1,dayPillar|hourPillar|minggongBranch|bodyPalaceBranch|soulStar|ascSign|mcSign|planetHouses,24.8333,9
부산-2000-01-08-02:14,부산,2000-01-08,02:14,-60,1,hourPillar|minggongBranch|bodyPalaceBranch|soulStar|ascSign|mcSign|planetHouses,12.3667,5
부산-2000-01-08-02:14,부산,2000-01-08,02:14,-30,1,planetHouses,6.1667,2
부산-2000-01-08-02:14,부산,2000-01-08,02:14,-15,0,,3.0833,0
부산-2000-01-08-02:14,부산,2000-01-08,02:14,-5,0,,1.0167,0
부산-2000-01-08-02:14,부산,2000-01-08,02:14,5,0,,1.0333,0
부산-2000-01-08-02:14,부산,2000-01-08,02:14,15,1,planetHouses,3.0833,1
부산-2000-01-08-02:14,부산,2000-01-08,02:14,30,1,planetHouses,6.1500,5
부산-2000-01-08-02:14,부산,2000-01-08,02:14,60,1,planetHouses,12.2833,7
부산-2000-01-08-02:14,부산,2000-01-08,02:14,120,1,hourPillar|minggongBranch|bodyPalaceBranch|soulStar|ascSign|mcSign|planetHouses,24.6000,12
부산-2000-01-08-04:28,부산,2000-01-08,04:28,-120,1,hourPillar|minggongBranch|bodyPalaceBranch|soulStar|ascSign|mcSign|planetHouses,24.6333,11
부산-2000-01-08-04:28,부산,2000-01-08,04:28,-60,1,ascSign|planetHouses,12.3500,6
부산-2000-01-08-04:28,부산,2000-01-08,04:28,-30,1,ascSign|planetHouses,6.2000,4
부산-2000-01-08-04:28,부산,2000-01-08,04:28,-15,1,planetHouses,3.1167,1
부산-2000-01-08-04:28,부산,2000-01-08,04:28,-5,0,,1.0500,0
부산-2000-01-08-04:28,부산,2000-01-08,04:28,5,0,,1.0333,0
부산-2000-01-08-04:28,부산,2000-01-08,04:28,15,0,,3.1167,0
부산-2000-01-08-04:28,부산,2000-01-08,04:28,30,1,planetHouses,6.2667,3
부산-2000-01-08-04:28,부산,2000-01-08,04:28,60,1,hourPillar|minggongBranch|bodyPalaceBranch|soulStar|mcSign|planetHouses,12.6333,6
부산-2000-01-08-04:28,부산,2000-01-08,04:28,120,1,hourPillar|minggongBranch|bodyPalaceBranch|soulStar|ascSign|mcSign|planetHouses,25.9500,12
부산-2000-01-08-06:42,부산,2000-01-08,06:42,-120,1,hourPillar|minggongBranch|bodyPalaceBranch|soulStar|ascSign|mcSign|planetHouses,26.3000,12
부산-2000-01-08-06:42,부산,2000-01-08,06:42,-60,1,ascSign|planetHouses,13.5333,8
부산-2000-01-08-06:42,부산,2000-01-08,06:42,-30,1,ascSign|planetHouses,6.8833,5
부산-2000-01-08-06:42,부산,2000-01-08,06:42,-15,1,ascSign|planetHouses,3.4833,2
부산-2000-01-08-06:42,부산,2000-01-08,06:42,-5,1,planetHouses,1.1667,1
부산-2000-01-08-06:42,부산,2000-01-08,06:42,5,0,,1.1833,0
부산-2000-01-08-06:42,부산,2000-01-08,06:42,15,1,planetHouses,3.5667,1
부산-2000-01-08-06:42,부산,2000-01-08,06:42,30,1,mcSign|planetHouses,7.2333,2
부산-2000-01-08-06:42,부산,2000-01-08,06:42,60,1,hourPillar|minggongBranch|bodyPalaceBranch|soulStar|mcSign|planetHouses,14.8667,4
부산-2000-01-08-06:42,부산,2000-01-08,06:42,120,1,hourPillar|minggongBranch|bodyPalaceBranch|soulStar|ascSign|mcSign|planetHouses,31.7333,12
부산-2000-01-08-08:56,부산,2000-01-08,08:56,-120,1,hourPillar|minggongBranch|bodyPalaceBranch|soulStar|ascSign|mcSign|planetHouses,32.7000,12
부산-2000-01-08-08:56,부산,2000-01-08,08:56,-60,1,ascSign|planetHouses,17.4333,8
부산-2000-01-08-08:56,부산,2000-01-08,08:56,-30,1,planetHouses,9.0333,5
부산-2000-01-08-08:56,부산,2000-01-08,08:56,-15,1,planetHouses,4.6000,2
부산-2000-01-08-08:56,부산,2000-01-08,08:56,-5,1,planetHouses,1.5500,1
부산-2000-01-08-08:56,부산,2000-01-08,08:56,5,0,,1.5833,0
부산-2000-01-08-08:56,부산,2000-01-08,08:56,15,1,mcSign,4.7833,0
부산-2000-01-08-08:56,부산,2000-01-08,08:56,30,1,hourPillar|minggongBranch|bodyPalaceBranch|soulStar|mcSign|planetHouses,9.7500,2
부산-2000-01-08-08:56,부산,2000-01-08,08:56,60,1,hourPillar|minggongBranch|bodyPalaceBranch|soulStar|mcSign|planetHouses,20.2000,4
부산-2000-01-08-08:56,부산,2000-01-08,08:56,120,1,hourPillar|minggongBranch|bodyPalaceBranch|soulStar|ascSign|mcSign|planetHouses,42.8833,12
부산-2000-01-08-10:10,부산,2000-01-08,10:10,-120,1,hourPillar|minggongBranch|bodyPalaceBranch|soulStar|ascSign|mcSign|planetHouses,38.9000,12
부산-2000-01-08-10:10,부산,2000-01-08,10:10,-60,1,hourPillar|minggongBranch|bodyPalaceBranch|soulStar|ascSign|planetHouses,20.8500,7
부산-2000-01-08-10:10,부산,2000-01-08,10:10,-30,1,ascSign|planetHouses,10.7833,4
부산-2000-01-08-10:10,부산,2000-01-08,10:10,-15,1,ascSign|planetHouses,5.4833,3
부산-2000-01-08-10:10,부산,2000-01-08,10:10,-5,1,planetHouses,1.8500,2
부산-2000-01-08-10:10,부산,2000-01-08,10:10,5,0,,1.8500,0
부산-2000-01-08-10:10,부산,2000-01-08,10:10,15,1,planetHouses,5.6000,3
부산-2000-01-08-10:10,부산,2000-01-08,10:10,30,1,planetHouses,11.3500,5
부산-2000-01-08-10:10,부산,2000-01-08,10:10,60,1,planetHouses,23.0500,7
부산-2000-01-08-10:10,부산,2000-01-08,10:10,120,1,hourPillar|minggongBranch|bodyPalaceBranch|soulStar|ascSign|mcSign|planetHouses,46.3667,12
부산-2000-01-08-12:24,부산,2000-01-08,12:24,-120,1,hourPillar|minggongBranch|bodyPalaceBranch|soulStar|ascSign|mcSign|planetHouses,46.3500,12
부산-2000-01-08-12:24,부산,2000-01-08,12:24,-60,1,planetHouses,23.0167,9
부산-2000-01-08-12:24,부산,2000-01-08,12:24,-30,1,planetHouses,11.3167,6
부산-2000-01-08-12:24,부산,2000-01-08,12:24,-15,1,planetHouses,5.6000,2
부산-2000-01-08-12:24,부산,2000-01-08,12:24,-5,1,planetHouses,1.8500,1
부산-2000-01-08-12:24,부산,2000-01-08,12:24,5,0,,1.8167,0
부산-2000-01-08-12:24,부산,2000-01-08,12:24,15,1,ascSign|planetHouses,5.4333,1
부산-2000-01-08-12:24,부산,2000-01-08,12:24,30,1,ascSign|planetHouses,10.7167,2
부산-2000-01-08-12:24,부산,2000-01-08,12:24,60,1,hourPillar|minggongBranch|bodyPalaceBranch|soulStar|ascSign|planetHouses,20.7333,5
부산-2000-01-08-12:24,부산,2000-01-08,12:24,120,1,hourPillar|minggongBranch|bodyPalaceBranch|soulStar|ascSign|mcSign|planetHouses,38.6833,11
부산-2000-01-08-14:38,부산,2000-01-08,14:38,-120,1,hourPillar|minggongBranch|bodyPalaceBranch|soulStar|ascSign|mcSign|planetHouses,37.4333,12
부산-2000-01-08-14:38,부산,2000-01-08,14:38,-60,1,ascSign|planetHouses,17.3500,8
부산-2000-01-08-14:38,부산,2000-01-08,14:38,-30,1,planetHouses,8.3667,2
부산-2000-01-08-14:38,부산,2000-01-08,14:38,-15,1,planetHouses,4.1167,2
부산-2000-01-08-14:38,부산,2000-01-08,14:38,-5,0,,1.3500,0
부산-2000-01-08-14:38,부산,2000-01-08,14:38,5,1,planetHouses,1.3333,1
부산-2000-01-08-14:38,부산,2000-01-08,14:38,15,1,planetHouses,3.9667,2
부산-2000-01-08-14:38,부산,2000-01-08,14:38,30,1,planetHouses,7.8167,2
부산-2000-01-08-14:38,부산,2000-01-08,14:38,60,1,hourPillar|minggongBranch|bodyPalaceBranch|soulStar|mcSign|planetHouses,15.2000,9
부산-2000-01-08-14:38,부산,2000-01-08,14:38,120,1,hourPillar|minggongBranch|bodyPalaceBranch|soulStar|ascSign|mcSign|planetHouses,28.9333,11
부산-2000-01-08-16:52,부산,2000-01-08,16:52,-120,1,hourPillar|minggongBranch|bodyPalaceBranch|soulStar|ascSign|mcSign|planetHouses,28.2833,10
부산-2000-01-08-16:52,부산,2000-01-08,16:52,-60,1,ascSign|planetHouses,13.5000,2
부산-2000-01-08-16:52,부산,2000-01-08,16:52,-30,1,planetHouses,6.6167,1
부산-2000-01-08-16:52,부산,2000-01-08,16:52,-15,1,planetHouses,3.2833,1
부산-2000-01-08-16:52,부산,2000-01-08,16:52,-5,0,,1.0833,0
부산-2000-01-08-16:52,부산,2000-01-08,16:52,5,0,,1.0833,0
부산-2000-01-08-16:52,부산,2000-01-08,16:52,15,1,planetHouses,3.2500,6
부산-2000-01-08-16:52,부산,2000-01-08,16:52,30,1,mcSign|planetHouses,6.4500,7
부산-2000-01-08-16:52,부산,2000-01-08,16:52,60,1,hourPillar|minggongBranch|bodyPalaceBranch|soulStar|mcSign|planetHouses,12.7500,10
부산-2000-01-08-16:52,부산,2000-01-08,16:52,120,1,hourPillar|minggongBranch|bodyPalaceBranch|soulStar|ascSign|mcSign|planetHouses,25.1333,12
부산-2000-01-08-18:06,부산,2000-01-08,18:06,-120,1,hourPillar|minggongBranch|bodyPalaceBranch|soulStar|mcSign|planetHouses,25.9000,12
부산-2000-01-08-18:06,부산,2000-01-08,18:06,-60,1,hourPillar|minggongBranch|bodyPalaceBranch|soulStar|mcSign|planetHouses,12.6167,5
부산-2000-01-08-18:06,부산,2000-01-08,18:06,-30,1,planetHouses,6.2500,1
부산-2000-01-08-18:06,부산,2000-01-08,18:06,-15,1,planetHouses,3.1167,1
부산-2000-01-08-18:06,부산,2000-01-08,18:06,-5,0,,1.0333,0
부산-2000-01-08-18:06,부산,2000-01-08,18:06,5,0,,1.0500,0
부산-2000-01-08-18:06,부산,2000-01-08,18:06,15,0,,3.1167,0
부산-2000-01-08-18:06,부산,2000-01-08,18:06,30,1,ascSign,6.2000,0
부산-2000-01-08-18:06,부산,2000-01-08,18:06,60,1,ascSign|planetHouses,12.3500,5
부산-2000-01-08-18:06,부산,2000-01-08,18:06,120,1,hourPillar|minggongBranch|bodyPalaceBranch|soulStar|ascSign|mcSign|planetHouses,24.6167,12
부산-2000-01-08-20:20,부산,2000-01-08,20:20,-120,1,hourPillar|minggongBranch|bodyPalaceBranch|soulStar|ascSign|mcSign|planetHouses,24.6000,12
부산-2000-01-08-20:20,부산,2000-01-08,20:20,-60,1,hourPillar|minggongBranch|bodyPalaceBranch|soulStar|planetHouses,12.2833,6
부산-2000-01-08-20:20,부산,2000-01-08,20:20,-30,0,,6.1500,0
부산-2000-01-08-20:20,부산,2000-01-08,20:20,-15,0,,3.0833,0
부산-2000-01-08-20:20,부산,2000-01-08,20:20,-5,0,,1.0333,0
부산-2000-01-08-20:20,부산,2000-01-08,20:20,5,0,,1.0167,0
부산-2000-01-08-20:20,부산,2000-01-08,20:20,15,0,,3.0833,0
부산-2000-01-08-20:20,부산,2000-01-08,20:20,30,1,ascSign,6.1667,0
부산-2000-01-08-20:20,부산,2000-01-08,20:20,60,1,ascSign|mcSign|planetHouses,12.3667,6
부산-2000-01-08-20:20,부산,2000-01-08,20:20,120,1,hourPillar|minggongBranch|bodyPalaceBranch|soulStar|ascSign|mcSign|planetHouses,24.8500,12
부산-2000-01-08-22:34,부산,2000-01-08,22:34,-120,1,hourPillar|minggongBranch|bodyPalaceBranch|soulStar|ascSign|mcSign|planetHouses,24.9000,12
부산-2000-01-08-22:34,부산,2000-01-08,22:34,-60,1,planetHouses,12.5000,6
부산-2000-01-08-22:34,부산,2000-01-08,22:34,-30,1,planetHouses,6.2500,1
부산-2000-01-08-22:34,부산,2000-01-08,22:34,-15,0,,3.1333,0
부산-2000-01-08-22:34,부산,2000-01-08,22:34,-5,0,,1.0333,0
부산-2000-01-08-22:34,부산,2000-01-08,22:34,5,0,,1.0500,0
부산-2000-01-08-22:34,부산,2000-01-08,22:34,15,0,,3.1333,0
부산-2000-01-08-22:34,부산,2000-01-08,22:34,30,0,,6.2833,0
부산-2000-01-08-22:34,부산,2000-01-08,22:34,60,1,hourPillar|minggongBranch|bodyPalaceBranch|soulStar|ascSign|mcSign|planetHouses,12.5500,5
부산-2000-01-08-22:34,부산,2000-01-08,22:34,120,1,dayPillar|hourPillar|minggongBranch|bodyPalaceBranch|soulStar|ascSign|mcSign|planetHouses,25.0833,12
부산-2000-02-15-00:00,부산,2000-02-15,00:00,-120,1,hourPillar|minggongBranch|bodyPalaceBranch|soulStar|ascSign|mcSign|planetHouses,24.8000,9
부산-2000-02-15-00:00,부산,2000-02-15,00:00,-60,1,hourPillar|minggongBranch|bodyPalaceBranch|soulStar|ascSign|planetHouses,12.3500,5
부산-2000-02-15-00:00,부산,2000-02-15,00:00,-30,1,planetHouses,6.1667,1
부산-2000-02-15-00:00,부산,2000-02-15,00:00,-15,0,,3.0833,0
부산-2000-02-15-00:00,부산,2000-02-15,00:00,-5,0,,1.0333,0
부산-2000-02-15-00:00,부산,2000-02-15,00:00,5,0,,1.0167,0
부산-2000-02-15-00:00,부산,2000-02-15,00:00,15,1,planetHouses,3.0667,2
부산-2000-02-15-00:00,부산,2000-02-15,00:00,30,1,dayPillar|planetHouses,6.1333,3
부산-2000-02-15-00:00,부산,2000-02-15,00:00,60,1,dayPillar|mcSign|planetHouses,12.2667,7
부산-2000-02-15-00:00,부산,2000-02-15,00:00,120,1,dayPillar|hourPillar|minggongBranch|bodyPalaceBranch|soulStar|ascSign|mcSign|planetHouses,24.6167,12
부산-2000-02-15-02:14,부산,2000-02-15,02:14,-120,1,dayPillar|hourPillar|minggongBranch|bodyPalaceBranch|soulStar|ascSign|mcSign|planetHouses,24.6667,11
부산-2000-02-15-02:14,부산,2000-02-15,02:14,-60,1,hourPillar|minggongBranch|bodyPalaceBranch|soulStar|ascSign|planetHouses,12.4000,5
부산-2000-02-15-02:14,부산,2000-02-15,02:14,-30,1,planetHouses,6.2167,2
부산-2000-02-15-02:14,부산,2000-02-15,02:14,-15,0,,3.1167,0
부산-2000-02-15-02:14,부산,2000-02-15,02:14,-5,0,,1.0500,0
부산-2000-02-15-02:14,부산,2000-02-15,02:14,5,0,,1.0500,0
부산-2000-02-15-02:14,부산,2000-02-15,02:14,15,1,planetHouses,3.1500,1
부산-2000-02-15-02:14,부산,2000-02-15,02:14,30,1,planetHouses,6.3167,2
부산-2000-02-15-02:14,부산,2000-02-15,02:14,60,1,mcSign|planetHouses,12.7833,6
부산-2000-02-15-02:14,부산,2000-02-15,02:14,120,1,hourPillar|minggongBranch|bodyPalaceBranch|soulStar|ascSign|mcSign|planetHouses,26.3333,12
부산-2000-02-15-04:28,부산,2000-02-15,04:28,-120,1,hourPillar|minggongBranch|bodyPalaceBranch|soulStar|ascSign|mcSign|planetHouses,26.7333,11
부산-2000-02-15-04:28,부산,2000-02-15,04:28,-60,1,ascSign|planetHouses,13.8167,6
부산-2000-02-15-04:28,부산,2000-02-15,04:28,-30,1,ascSign|planetHouses,7.0500,1
부산-2000-02-15-04:28,부산,2000-02-15,04:28,-15,1,planetHouses,3.5667,1
부산-2000-02-15-04:28,부산,2000-02-15,04:28,-5,0,,1.2000,0
부산-2000-02-15-04:28,부산,2000-02-15,04:28,5,0,,1.2167,0
부산-2000-02-15-04:28,부산,2000-02-15,04:28,15,1,mcSign|planetHouses,3.6667,2
부산-2000-02-15-04:28,부산,2000-02-15,04:28,30,1,mcSign|planetHouses,7.4333,4
부산-2000-02-15-04:28,부산,2000-02-15,04:28,60,1,hourPillar|minggongBranch|bodyPalaceBranch|soulStar|mcSign|planetHouses,15.3167,6
부산-2000-02-15-04:28,부산,2000-02-15,04:28,120,1,hourPillar|minggongBranch|bodyPalaceBranch|soulStar|ascSign|mcSign|planetHouses,32.8167,12
부산-2000-02-15-06:42,부산,2000-02-15,06:42,-120,1,hourPillar|minggongBranch|bodyPalaceBranch|soulStar|ascSign|mcSign|planetHouses,33.8667,11
부산-2000-02-15-06:42,부산,2000-02-15,06:42,-60,1,ascSign|mcSign|planetHouses,18.1167,7
부산-2000-02-15-06:42,부산,2000-02-15,06:42,-30,1,mcSign|planetHouses,9.3833,3
부산-2000-02-15-06:42,부산,2000-02-15,06:42,-15,1,mcSign|planetHouses,4.7833,2
부산-2000-02-15-06:42,부산,2000-02-15,06:42,-5,1,mcSign,1.6167,0
부산-2000-02-15-06:42,부산,2000-02-15,06:42,5,0,,1.6333,0
부산-2000-02-15-06:42,부산,2000-02-15,06:42,15,1,planetHouses,4.9667,2
부산-2000-02-15-06:42,부산,2000-02-15,06:42,30,1,planetHouses,10.1167,3
부산-2000-02-15-06:42,부산,2000-02-15,06:42,60,1,hourPillar|minggongBranch|bodyPalaceBranch|soulStar|ascSign|planetHouses,20.9167,6
부산-2000-02-15-06:42,부산,2000-02-15,06:42,120,1,hourPillar|minggongBranch|bodyPalaceBranch|soulStar|ascSign|planetHouses,44.0167,12
부산-2000-02-15-08:56,부산,2000-02-15,08:56,-120,1,hourPillar|minggongBranch|bodyPalaceBranch|soulStar|ascSign|mcSign|planetHouses,44.8833,12
부산-2000-02-15-08:56,부산,2000-02-15,08:56,-60,1,ascSign|mcSign|planetHouses,23.3500,6
부산-2000-02-15-08:56,부산,2000-02-15,08:56,-30,1,ascSign|mcSign|planetHouses,11.7833,3
부산-2000-02-15-08:56,부산,2000-02-15,08:56,-15,1,ascSign|mcSign|planetHouses,5.9000,2
부산-2000-02-15-08:56,부산,2000-02-15,08:56,-5,1,planetHouses,1.9667,2
부산-2000-02-15-08:56,부산,2000-02-15,08:56,5,1,planetHouses,1.9667,1
부산-2000-02-15-08:56,부산,2000-02-15,08:56,15,1,planetHouses,5.8833,3
부산-2000-02-15-08:56,부산,2000-02-15,08:56,30,1,hourPillar|minggongBranch|bodyPalaceBranch|soulStar|planetHouses,11.6833,5
부산-2000-02-15-08:56,부산,2000-02-15,08:56,60,1,hourPillar|minggongBranch|bodyPalaceBranch|soulStar|planetHouses,22.9833,7
부산-2000-02-15-08:56,부산,2000-02-15,08:56,120,1,hourPillar|minggongBranch|bodyPalaceBranch|soulStar|ascSign|mcSign|planetHouses,43.6500,12
부산-2000-02-15-10:10,부산,2000-02-15,10:10,-120,1,hourPillar|minggongBranch|bodyPalaceBranch|soulStar|ascSign|mcSign|planetHouses,46.0500,12
부산-2000-02-15-10:10,부산,2000-02-15,10:10,-60,1,hourPillar|minggongBranch|bodyPalaceBranch|soulStar|ascSign|planetHouses,22.5667,6
부산-2000-02-15-10:10,부산,2000-02-15,10:10,-30,1,ascSign|planetHouses,11.0333,3
부산-2000-02-15-10:10,부산,2000-02-15,10:10,-15,1,ascSign|planetHouses,5.4333,2
부산-2000-02-15-10:10,부산,2000-02-15,10:10,-5,1,planetHouses,1.8000,1
부산-2000-02-15-10:10,부산,2000-02-15,10:10,5,0,,1.7833,0
부산-2000-02-15-10:10,부산,2000-02-15,10:10,15,1,planetHouses,5.2667,1
부산-2000-02-15-10:10,부산,2000-02-15,10:10,30,1,planetHouses,10.3667,3
부산-2000-02-15-10:10,부산,2000-02-15,10:10,60,1,mcSign|planetHouses,20.0167,8
부산-2000-02-15-10:10,부산,2000-02-15,10:10,120,1,hourPillar|minggongBranch|bodyPalaceBranch|soulStar|ascSign|mcSign|planetHouses,37.3167,11
부산-2000-02-15-12:24,부산,2000-02-15,12:24,-120,1,hourPillar|minggongBranch|bodyPalaceBranch|soulStar|ascSign|mcSign|planetHouses,36.0833,12
부산-2000-02-15-12:24,부산,2000-02-15,12:24,-60,1,ascSign|planetHouses,16.7333,6
부산-2000-02-15-12:24,부산,2000-02-15,12:24,-30,1,planetHouses,8.0833,4
부산-2000-02-15-12:24,부산,2000-02-15,12:24,-15,1,planetHouses,3.9667,3
부산-2000-02-15-12:24,부산,2000-02-15,12:24,-5,1,planetHouses,1.3167,1
부산-2000-02-15-12:24,부산,2000-02-15,12:24,5,0,,1.2833,0
부산-2000-02-15-12:24,부산,2000-02-15,12:24,15,1,planetHouses,3.8333,1
부산-2000-02-15-12:24,부산,2000-02-15,12:24,30,1,planetHouses,7.5667,5
부산-2000-02-15-12:24,부산,2000-02-15,12:24,60,1,hourPillar|minggongBranch|bodyPalaceBranch|soulStar|mcSign|planetHouses,14.7500,7
부산-2000-02-15-12:24,부산,2000-02-15,12:24,120,1,hourPillar|minggongBranch|bodyPalaceBranch|soulStar|ascSign|mcSign|planetHouses,28.2333,10
부산-2000-02-15-14:38,부산,2000-02-15,14:38,-120,1,hourPillar|minggongBranch|bodyPalaceBranch|soulStar|ascSign|mcSign|planetHouses,27.6667,11
부산-2000-02-15-14:38,부산,2000-02-15,14:38,-60,1,planetHouses,13.2667,8
부산-2000-02-15-14:38,부산,2000-02-15,14:38,-30,1,planetHouses,6.5167,5
부산-2000-02-15-14:38,부산,2000-02-15,14:38,-15,1,planetHouses,3.2333,5
부산-2000-02-15-14:38,부산,2000-02-15,14:38,-5,1,planetHouses,1.0833,1
부산-2000-02-15-14:38,부산,2000-02-15,14:38,5,0,,1.0667,0
부산-2000-02-15-14:38,부산,2000-02-15,14:38,15,1,mcSign|planetHouses,3.2000,1
부산-2000-02-15-14:38,부산,2000-02-15,14:38,30,1,mcSign|planetHouses,6.3667,3
부산-2000-02-15-14:38,부산,2000-02-15,14:38,60,1,hourPillar|minggongBranch|bodyPalaceBranch|soulStar|mcSign|planetHouses,12.6167,5
부산-2000-02-15-14:38,부산,2000-02-15,14:38,120,1,hourPillar|minggongBranch|bodyPalaceBranch|soulStar|ascSign|mcSign|planetHouses,24.9500,12
부산-2000-02-15-16:52,부산,2000-02-15,16:52,-120,1,hourPillar|minggongBranch|bodyPalaceBranch|soulStar|ascSign|mcSign|planetHouses,24.8333,11
부산-2000-02-15-16:52,부산,2000-02-15,16:52,-60,1,ascSign|mcSign|planetHouses,12.3000,5
부산-2000-02-15-16:52,부산,2000-02-15,16:52,-30,1,mcSign|planetHouses,6.1500,1
부산-2000-02-15-16:52,부산,2000-02-15,16:52,-15,1,planetHouses,3.0667,1
부산-2000-02-15-16:52,부산,2000-02-15,16:52,-5,0,,1.0333,0
부산-2000-02-15-16:52,부산,2000-02-15,16:52,5,1,planetHouses,1.0167,1
부산-2000-02-15-16:52,부산,2000-02-15,16:52,15,1,planetHouses,3.0667,1
부산-2000-02-15-16:52,부산,2000-02-15,16:52,30,1,planetHouses,6.1333,4
부산-2000-02-15-16:52,부산,2000-02-15,16:52,60,1,hourPillar|minggongBranch|bodyPalaceBranch|soulStar|planetHouses,12.2833,5
부산-2000-02-15-16:52,부산,2000-02-15,16:52,120,1,hourPillar|minggongBranch|bodyPalaceBranch|soulStar|ascSign|mcSign|planetHouses,24.6500,12
부산-2000-02-15-18:06,부산,2000-02-15,18:06,-120,1,hourPillar|minggongBranch|bodyPalaceBranch|soulStar|mcSign|planetHouses,24.6000,11
부산-2000-02-15-18:06,부산,2000-02-15,18:06,-60,1,hourPillar|minggongBranch|bodyPalaceBranch|soulStar|planetHouses,12.3000,6
부산-2000-02-15-18:06,부산,2000-02-15,18:06,-30,1,planetHouses,6.1667,2
부산-2000-02-15-18:06,부산,2000-02-15,18:06,-15,1,planetHouses,3.0833,2
부산-2000-02-15-18:06,부산,2000-02-15,18:06,-5,0,,1.0333,0
부산-2000-02-15-18:06,부산,2000-02-15,18:06,5,0,,1.0167,0
부산-2000-02-15-18:06,부산,2000-02-15,18:06,15,1,ascSign|planetHouses,3.0833,1
부산-2000-02-15-18:06,부산,2000-02-15,18:06,30,1,ascSign|planetHouses,6.1833,3
부산-2000-02-15-18:06,부산,2000-02-15,18:06,60,1,ascSign|mcSign|planetHouses,12.4000,6
부산-2000-02-15-18:06,부산,2000-02-15,18:06,120,1,hourPillar|minggongBranch|bodyPalaceBranch|soulStar|ascSign|mcSign|planetHouses,24.9000,10
부산-2000-02-15-20:20,부산,2000-02-15,20:20,-120,1,hourPillar|minggongBranch|bodyPalaceBranch|soulStar|ascSign|mcSign|planetHouses,24.9333,11
부산-2000-02-15-20:20,부산,2000-02-15,20:20,-60,1,hourPillar|minggongBranch|bodyPalaceBranch|soulStar|planetHouses,12.5167,6
부산-2000-02-15-20:20,부산,2000-02-15,20:20,-30,1,planetHouses,6.2667,2
부산-2000-02-15-20:20,부산,2000-02-15,20:20,-15,1,planetHouses,3.1333,2
부산-2000-02-15-20:20,부산,2000-02-15,20:20,-5,1,planetHouses,1.0333,1
부산-2000-02-15-20:20,부산,2000-02-15,20:20,5,0,,1.0500,0
부산-2000-02-15-20:20,부산,2000-02-15,20:20,15,0,,3.1500,0
부산-2000-02-15-20:20,부산,2000-02-15,20:20,30,1,ascSign|mcSign|planetHouses,6.2833,3
부산-2000-02-15-20:20,부산,2000-02-15,20:20,60,1,ascSign|mcSign|planetHouses,12.5667,6
부산-2000-02-15-20:20,부산,2000-02-15,20:20,120,1,hourPillar|minggongBranch|bodyPalaceBranch|soulStar|ascSign|mcSign|planetHouses,25.0667,10
부산-2000-02-15-22:34,부산,2000-02-15,22:34,-120,1,hourPillar|minggongBranch|bodyPalaceBranch|soulStar|ascSign|mcSign|planetHouses,25.0333,11
부산-2000-02-15-22:34,부산,2000-02-15,22:34,-60,1,planetHouses,12.4833,5
부산-2000-02-15-22:34,부산,2000-02-15,22:34,-30,1,planetHouses,6.2333,1
부산-2000-02-15-22:34,부산,2000-02-15,22:34,-15,1,planetHouses,3.1000,1
부산-2000-02-15-22:34,부산,2000-02-15,22:34,-5,0,,1.0333,0
부산-2000-02-15-22:34,부산,2000-02-15,22:34,5,0,,1.0500,0
부산-2000-02-15-22:34,부산,2000-02-15,22:34,15,1,planetHouses,3.1167,1
부산-2000-02-15-22:34,부산,2000-02-15,22:34,30,1,mcSign|planetHouses,6.2167,4
부산-2000-02-15-22:34,부산,2000-02-15,22:34,60,1,hourPillar|minggongBranch|bodyPalaceBranch|soulStar|ascSign|mcSign|planetHouses,12.3833,7
부산-2000-02-15-22:34,부산,2000-02-15,22:34,120,1,dayPillar|hourPillar|minggongBranch|bodyPalaceBranch|soulStar|ascSign|mcSign|planetHouses,24.6667,11
부산-2000-03-22-00:00,부산,2000-03-22,00:00,-120,1,hourPillar|minggongBranch|bodyPalaceBranch|soulStar|ascSign|mcSign|planetHouses,24.7167,10
부산-2000-03-22-00:00,부산,2000-03-22,00:00,-60,1,hourPillar|minggongBranch|bodyPalaceBranch|soulStar|ascSign|planetHouses,12.4333,5
부산-2000-03-22-00:00,부산,2000-03-22,00:00,-30,1,planetHouses,6.2500,2
부산-2000-03-22-00:00,부산,2000-03-22,00:00,-15,0,,3.1333,0
부산-2000-03-22-00:00,부산,2000-03-22,00:00,-5,0,,1.0500,0
부산-2000-03-22-00:00,부산,2000-03-22,00:00,5,0,,1.0500,0
부산-2000-03-22-00:00,부산,2000-03-22,00:00,15,1,planetHouses,3.1500,1
부산-2000-03-22-00:00,부산,2000-03-22,00:00,30,1,dayPillar|mcSign|planetHouses,6.3500,3
부산-2000-03-22-00:00,부산,2000-03-22,00:00,60,1,dayPillar|mcSign|planetHouses,12.8500,5
부산-2000-03-22-00:00,부산,2000-03-22,00:00,120,1,dayPillar|hourPillar|minggongBranch|bodyPalaceBranch|soulStar|ascSign|mcSign|planetHouses,26.5500,12
부산-2000-03-22-02:14,부산,2000-03-22,02:14,-120,1,dayPillar|hourPillar|minggongBranch|bodyPalaceBranch|soulStar|ascSign|mcSign|planetHouses,26.9667,11
부산-2000-03-22-02:14,부산,2000-03-22,02:14,-60,1,hourPillar|minggongBranch|bodyPalaceBranch|soulStar|ascSign|planetHouses,13.9667,8
부산-2000-03-22-02:14,부산,2000-03-22,02:14,-30,1,planetHouses,7.1333,2
부산-2000-03-22-02:14,부산,2000-03-22,02:14,-15,1,planetHouses,3.6167,1
부산-2000-03-22-02:14,부산,2000-03-22,02:14,-5,1,planetHouses,1.2167,1
부산-2000-03-22-02:14,부산,2000-03-22,02:14,5,1,mcSign,1.2333,0
부산-2000-03-22-02:14,부산,2000-03-22,02:14,15,1,mcSign|planetHouses,3.7167,1
부산-2000-03-22-02:14,부산,2000-03-22,02:14,30,1,mcSign|planetHouses,7.5333,3
부산-2000-03-22-02:14,부산,2000-03-22,02:14,60,1,mcSign|planetHouses,15.5500,5
부산-2000-03-22-02:14,부산,2000-03-22,02:14,120,1,hourPillar|minggongBranch|bodyPalaceBranch|soulStar|ascSign|mcSign|planetHouses,33.3667,12
부산-2000-03-22-04:28,부산,2000-03-22,04:28,-120,1,hourPillar|minggongBranch|bodyPalaceBranch|soulStar|ascSign|mcSign|planetHouses,34.4667,11
부산-2000-03-22-04:28,부산,2000-03-22,04:28,-60,1,ascSign|mcSign|planetHouses,18.4667,6
부산-2000-03-22-04:28,부산,2000-03-22,04:28,-30,1,mcSign|planetHouses,9.5833,1
부산-2000-03-22-04:28,부산,2000-03-22,04:28,-15,1,mcSign,4.8833,0
부산-2000-03-22-04:28,부산,2000-03-22,04:28,-5,0,,1.6500,0
부산-2000-03-22-04:28,부산,2000-03-22,04:28,5,1,planetHouses,1.6667,2
부산-2000-03-22-04:28,부산,2000-03-22,04:28,15,1,planetHouses,5.0500,3
부산-2000-03-22-04:28,부산,2000-03-22,04:28,30,1,planetHouses,10.2833,4
부산-2000-03-22-04:28,부산,2000-03-22,04:28,60,1,hourPillar|minggongBranch|bodyPalaceBranch|soulStar|ascSign|planetHouses,21.2500,8
부산-2000-03-22-04:28,부산,2000-03-22,04:28,120,1,hourPillar|minggongBranch|bodyPalaceBranch|soulStar|ascSign|mcSign|planetHouses,44.5000,12
부산-2000-03-22-06:42,부산,2000-03-22,06:42,-120,1,hourPillar|minggongBranch|bodyPalaceBranch|soulStar|ascSign|mcSign|planetHouses,45.3000,12
부산-2000-03-22-06:42,부산,2000-03-22,06:42,-60,1,ascSign|mcSign|planetHouses,23.4500,5
부산-2000-03-22-06:42,부산,2000-03-22,06:42,-30,1,ascSign|mcSign|planetHouses,11.8000,4
부산-2000-03-22-06:42,부산,2000-03-22,06:42,-15,1,planetHouses,5.9000,2
부산-2000-03-22-06:42,부산,2000-03-22,06:42,-5,1,planetHouses,1.9667,1
부산-2000-03-22-06:42,부산,2000-03-22,06:42,5,0,,1.9500,0
부산-2000-03-22-06:42,부산,2000-03-22,06:42,15,1,planetHouses,5.8500,3
부산-2000-03-22-06:42,부산,2000-03-22,06:42,30,1,planetHouses,11.6000,4
부산-2000-03-22-06:42,부산,2000-03-22,06:42,60,1,hourPillar|minggongBranch|bodyPalaceBranch|soulStar|planetHouses,22.7667,8
부산-2000-03-22-06:42,부산,2000-03-22,06:42,120,1,hourPillar|minggongBranch|bodyPalaceBranch|soulStar|ascSign|mcSign|planetHouses,43.0833,12
부산-2000-03-22-08:56,부산,2000-03-22,08:56,-120,1,hourPillar|minggongBranch|bodyPalaceBranch|soulStar|ascSign|mcSign|planetHouses,41.9667,12
부산-2000-03-22-08:56,부산,2000-03-22,08:56,-60,1,mcSign|planetHouses,19.6667,7
부산-2000-03-22-08:56,부산,2000-03-22,08:56,-30,1,mcSign|planetHouses,9.4667,3
부산-2000-03-22-08:56,부산,2000-03-22,08:56,-15,0,,4.6500,0
부산-2000-03-22-08:56,부산,2000-03-22,08:56,-5,0,,1.5333,0
부산-2000-03-22-08:56,부산,2000-03-22,08:56,5,1,planetHouses,1.5167,1
부산-2000-03-22-08:56,부산,2000-03-22,08:56,15,1,planetHouses,4.4833,2
부산-2000-03-22-08:56,부산,2000-03-22,08:56,30,1,hourPillar|minggongBranch|bodyPalaceBranch|soulStar|ascSign|planetHouses,8.8000,3
부산-2000-03-22-08:56,부산,2000-03-22,08:56,60,1,hourPillar|minggongBranch|bodyPalaceBranch|soulStar|ascSign|planetHouses,16.9833,6
부산-2000-03-22-08:56,부산,2000-03-22,08:56,120,1,hourPillar|minggongBranch|bodyPalaceBranch|soulStar|ascSign|mcSign|planetHouses,31.9167,12
부산-2000-03-22-10:10,부산,2000-03-22,10:10,-120,1,hourPillar|minggongBranch|bodyPalaceBranch|soulStar|ascSign|mcSign|planetHouses,35.4500,11
부산-2000-03-22-10:10,부산,2000-03-22,10:10,-60,1,hourPillar|minggongBranch|bodyPalaceBranch|soulStar|ascSign|planetHouses,16.4500,5
부산-2000-03-22-10:10,부산,2000-03-22,10:10,-30,1,planetHouses,7.9500,3
부산-2000-03-22-10:10,부산,2000-03-22,10:10,-15,1,planetHouses,3.9167,1
부산-2000-03-22-10:10,부산,2000-03-22,10:10,-5,0,,1.3000,0
부산-2000-03-22-10:10,부산,2000-03-22,10:10,5,0,,1.2667,0
부산-2000-03-22-10:10,부산,2000-03-22,10:10,15,1,planetHouses,3.7833,3
부산-2000-03-22-10:10,부산,2000-03-22,10:10,30,1,mcSign|planetHouses,7.4667,5
부산-2000-03-22-10:10,부산,2000-03-22,10:10,60,1,mcSign|planetHouses,14.5500,7
부산-2000-03-22-10:10,부산,2000-03-22,10:10,120,1,hourPillar|minggongBranch|bodyPalaceBranch|soulStar|ascSign|mcSign|planetHouses,27.9167,11
부산-2000-03-22-12:24,부산,2000-03-22,12:24,-120,1,hourPillar|minggongBranch|bodyPalaceBranch|soulStar|ascSign|mcSign|planetHouses,27.3833,10
부산-2000-03-22-12:24,부산,2000-03-22,12:24,-60,1,mcSign|planetHouses,13.1667,6
부산-2000-03-22-12:24,부산,2000-03-22,12:24,-30,1,mcSign|planetHouses,6.4833,4
부산-2000-03-22-12:24,부산,2000-03-22,12:24,-15,1,mcSign|planetHouses,3.2167,1
부산-2000-03-22-12:24,부산,2000-03-22,12:24,-5,1,mcSign|planetHouses,1.0667,1
부산-2000-03-22-12:24,부산,2000-03-22,12:24,5,1,planetHouses,1.0500,1
부산-2000-03-22-12:24,부산,2000-03-22,12:24,15,1,planetHouses,3.1833,3
부산-2000-03-22-12:24,부산,2000-03-22,12:24,30,1,planetHouses,6.3333,4
부산-2000-03-22-12:24,부산,2000-03-22,12:24,60,1,hourPillar|minggongBranch|bodyPalaceBranch|soulStar|planetHouses,12.5667,7
부산-2000-03-22-12:24,부산,2000-03-22,12:24,120,1,hourPillar|minggongBranch|bodyPalaceBranch|soulStar|ascSign|mcSign|planetHouses,24.8833,12
부산-2000-03-22-14:38,부산,2000-03-22,14:38,-120,1,hourPillar|minggongBranch|bodyPalaceBranch|soulStar|ascSign|mcSign|planetHouses,24.7667,10
부산-2000-03-22-14:38,부산,2000-03-22,14:38,-60,1,mcSign|planetHouses,12.2833,5
부산-2000-03-22-14:38,부산,2000-03-22,14:38,-30,1,mcSign|planetHouses,6.1333,3
부산-2000-03-22-14:38,부산,2000-03-22,14:38,-15,1,planetHouses,3.0667,2
부산-2000-03-22-14:38,부산,2000-03-22,14:38,-5,1,planetHouses,1.0167,1
부산-2000-03-22-14:38,부산,2000-03-22,14:38,5,1,planetHouses,1.0333,1
부산-2000-03-22-14:38,부산,2000-03-22,14:38,15,1,planetHouses,3.0833,2
부산-2000-03-22-14:38,부산,2000-03-22,14:38,30,1,planetHouses,6.1500,4
부산-2000-03-22-14:38,부산,2000-03-22,14:38,60,1,hourPillar|minggongBranch|bodyPalaceBranch|soulStar|planetHouses,12.3000,5
부산-2000-03-22-14:38,부산,2000-03-22,14:38,120,1,hourPillar|minggongBranch|bodyPalaceBranch|soulStar|ascSign|mcSign|planetHouses,24.6833,12
부산-2000-03-22-16:52,부산,2000-03-22,16:52,-120,1,hourPillar|minggongBranch|bodyPalaceBranch|soulStar|ascSign|mcSign|planetHouses,24.7333,10
부산-2000-03-22-16:52,부산,2000-03-22,16:52,-60,1,ascSign|mcSign|planetHouses,12.4167,8
부산-2000-03-22-16:52,부산,2000-03-22,16:52,-30,1,planetHouses,6.2333,4
부산-2000-03-22-16:52,부산,2000-03-22,16:52,-15,1,planetHouses,3.1167,1
부산-2000-03-22-16:52,부산,2000-03-22,16:52,-5,1,planetHouses,1.0500,1
부산-2000-03-22-16:52,부산,2000-03-22,16:52,5,1,planetHouses,1.0333,1
부산-2000-03-22-16:52,부산,2000-03-22,16:52,15,1,planetHouses,3.1167,1
부산-2000-03-22-16:52,부산,2000-03-22,16:52,30,1,planetHouses,6.2500,3
부산-2000-03-22-16:52,부산,2000-03-22,16:52,60,1,hourPillar|minggongBranch|bodyPalaceBranch|soulStar|planetHouses,12.5000,4
부산-2000-03-22-16:52,부산,2000-03-22,16:52,120,1,hourPillar|minggongBranch|bodyPalaceBranch|soulStar|ascSign|mcSign|planetHouses,25.0667,11
부산-2000-03-22-18:06,부산,2000-03-22,18:06,-120,1,hourPillar|minggongBranch|bodyPalaceBranch|soulStar|mcSign|planetHouses,24.9667,10
부산-2000-03-22-18:06,부산,2000-03-22,18:06,-60,1,hourPillar|minggongBranch|bodyPalaceBranch|soulStar|planetHouses,12.5333,3
부산-2000-03-22-18:06,부산,2000-03-22,18:06,-30,0,,6.2667,0
부산-2000-03-22-18:06,부산,2000-03-22,18:06,-15,0,,3.1333,0
부산-2000-03-22-18:06,부산,2000-03-22,18:06,-5,0,,1.0500,0
부산-2000-03-22-18:06,부산,2000-03-22,18:06,5,0,,1.0500,0
부산-2000-03-22-18:06,부산,2000-03-22,18:06,15,1,planetHouses,3.1500,2
부산-2000-03-22-18:06,부산,2000-03-22,18:06,30,1,ascSign|mcSign|planetHouses,6.2833,6
부산-2000-03-22-18:06,부산,2000-03-22,18:06,60,1,ascSign|mcSign|planetHouses,12.5500,8
부산-2000-03-22-18:06,부산,2000-03-22,18:06,120,1,hourPillar|minggongBranch|bodyPalaceBranch|soulStar|ascSign|mcSign|planetHouses,25.0500,12
부산-2000-03-22-20:20,부산,2000-03-22,20:20,-120,1,hourPillar|minggongBranch|bodyPalaceBranch|soulStar|ascSign|mcSign|planetHouses,25.0167,10
부산-2000-03-22-20:20,부산,2000-03-22,20:20,-60,1,hourPillar|minggongBranch|bodyPalaceBranch|soulStar|planetHouses,12.4667,3
부산-2000-03-22-20:20,부산,2000-03-22,20:20,-30,0,,6.2167,0
부산-2000-03-22-20:20,부산,2000-03-22,20:20,-15,0,,3.1000,0
부산-2000-03-22-20:20,부산,2000-03-22,20:20,-5,0,,1.0333,0
부산-2000-03-22-20:20,부산,2000-03-22,20:20,5,0,,1.0333,0
부산-2000-03-22-20:20,부산,2000-03-22,20:20,15,1,mcSign|planetHouses,3.1000,3
부산-2000-03-22-20:20,부산,2000-03-22,20:20,30,1,ascSign|mcSign|planetHouses,6.2000,6
부산-2000-03-22-20:20,부산,2000-03-22,20:20,60,1,ascSign|mcSign|planetHouses,12.3667,8
부산-2000-03-22-20:20,부산,2000-03-22,20:20,120,1,hourPillar|minggongBranch|bodyPalaceBranch|soulStar|ascSign|mcSign|planetHouses,24.6500,12
부산-2000-03-22-22:34,부산,2000-03-22,22:34,-120,1,hourPillar|minggongBranch|bodyPalaceBranch|soulStar|ascSign|mcSign|planetHouses,24.6167,12
부산-2000-03-22-22:34,부산,2000-03-22,22:34,-60,1,mcSign|planetHouses,12.2833,4
부산-2000-03-22-22:34,부산,2000-03-22,22:34,-30,1,mcSign|planetHouses,6.1333,1
부산-2000-03-22-22:34,부산,2000-03-22,22:34,-15,1,mcSign|planetHouses,3.0667,1
부산-2000-03-22-22:34,부산,2000-03-22,22:34,-5,1,mcSign|planetHouses,1.0167,1
부산-2000-03-22-22:34,부산,2000-03-22,22:34,5,1,planetHouses,1.0167,1
부산-2000-03-22-22:34,부산,2000-03-22,22:34,15,1,planetHouses,3.0667,2
부산-2000-03-22-22:34,부산,2000-03-22,22:34,30,1,planetHouses,6.1500,5
부산-2000-03-22-22:34,부산,2000-03-22,22:34,60,1,hourPillar|minggongBranch|bodyPalaceBranch|soulStar|ascSign|planetHouses,12.3500,8
부산-2000-03-22-22:34,부산,2000-03-22,22:34,120,1,dayPillar|hourPillar|minggongBranch|bodyPalaceBranch|soulStar|ascSign|mcSign|planetHouses,25.0000,12
부산-2000-04-02-00:00,부산,2000-04-02,00:00,-120,1,hourPillar|minggongBranch|bodyPalaceBranch|soulStar|ascSign|mcSign|planetHouses,25.0667,12
부산-2000-04-02-00:00,부산,2000-04-02,00:00,-60,1,hourPillar|minggongBranch|bodyPalaceBranch|soulStar|mcSign|planetHouses,12.7000,4
부산-2000-04-02-00:00,부산,2000-04-02,00:00,-30,1,mcSign|planetHouses,6.4167,1
부산-2000-04-02-00:00,부산,2000-04-02,00:00,-15,0,,3.2333,0
부산-2000-04-02-00:00,부산,2000-04-02,00:00,-5,0,,1.0833,0
부산-2000-04-02-00:00,부산,2000-04-02,00:00,5,0,,1.0833,0
부산-2000-04-02-00:00,부산,2000-04-02,00:00,15,1,planetHouses,3.2667,2
부산-2000-04-02-00:00,부산,2000-04-02,00:00,30,1,dayPillar|planetHouses,6.5833,4
부산-2000-04-02-00:00,부산,2000-04-02,00:00,60,1,dayPillar|ascSign|planetHouses,13.4000,9
부산-2000-04-02-00:00,부산,2000-04-02,00:00,120,1,dayPillar|hourPillar|minggongBranch|bodyPalaceBranch|soulStar|ascSign|mcSign|planetHouses,28.0500,12
부산-2000-04-02-02:14,부산,2000-04-02,02:14,-120,1,dayPillar|hourPillar|minggongBranch|bodyPalaceBranch|soulStar|ascSign|mcSign|planetHouses,28.6667,12
부산-2000-04-02-02:14,부산,2000-04-02,02:14,-60,1,hourPillar|minggongBranch|bodyPalaceBranch|soulStar|mcSign|planetHouses,15.0333,4
부산-2000-04-02-02:14,부산,2000-04-02,02:14,-30,1,planetHouses,7.7333,2
부산-2000-04-02-02:14,부산,2000-04-02,02:14,-15,1,planetHouses,3.9167,2
부산-2000-04-02-02:14,부산,2000-04-02,02:14,-5,1,planetHouses,1.3167,1
부산-2000-04-02-02:14,부산,2000-04-02,02:14,5,0,,1.3333,0
부산-2000-04-02-02:14,부산,2000-04-02,02:14,15,1,planetHouses,4.0667,2
부산-2000-04-02-02:14,부산,2000-04-02,02:14,30,1,planetHouses,8.2500,3
부산-2000-04-02-02:14,부산,2000-04-02,02:14,60,1,ascSign|planetHouses,17.1167,8
부산-2000-04-02-02:14,부산,2000-04-02,02:14,120,1,hourPillar|minggongBranch|bodyPalaceBranch|soulStar|ascSign|mcSign|planetHouses,36.9500,12
부산-2000-04-02-04:28,부산,2000-04-02,04:28,-120,1,hourPillar|minggongBranch|bodyPalaceBranch|soulStar|ascSign|mcSign|planetHouses,38.2000,11
부산-2000-04-02-04:28,부산,2000-04-02,04:28,-60,1,ascSign|mcSign|planetHouses,20.4833,6
부산-2000-04-02-04:28,부산,2000-04-02,04:28,-30,1,ascSign|planetHouses,10.6000,3
부산-2000-04-02-04:28,부산,2000-04-02,04:28,-15,1,ascSign|planetHouses,5.3833,3
부산-2000-04-02-04:28,부산,2000-04-02,04:28,-5,1,ascSign|planetHouses,1.8167,1
부산-2000-04-02-04:28,부산,2000-04-02,04:28,5,1,planetHouses,1.8333,2
부산-2000-04-02-04:28,부산,2000-04-02,04:28,15,1,planetHouses,5.5333,3
부산-2000-04-02-04:28,부산,2000-04-02,04:28,30,1,planetHouses,11.2167,4
부산-2000-04-02-04:28,부산,2000-04-02,04:28,60,1,hourPillar|minggongBranch|bodyPalaceBranch|soulStar|planetHouses,22.8667,6
부산-2000-04-02-04:28,부산,2000-04-02,04:28,120,1,hourPillar|minggongBranch|bodyPalaceBranch|soulStar|ascSign|mcSign|planetHouses,46.2667,12
부산-2000-04-02-06:42,부산,2000-04-02,06:42,-120,1,hourPillar|minggongBranch|bodyPalaceBranch|soulStar|ascSign|mcSign|planetHouses,46.3833,12
부산-2000-04-02-06:42,부산,2000-04-02,06:42,-60,1,planetHouses,23.1833,7
부산-2000-04-02-06:42,부산,2000-04-02,06:42,-30,1,planetHouses,11.4333,3
부산-2000-04-02-06:42,부산,2000-04-02,06:42,-15,1,planetHouses,5.6667,2
부산-2000-04-02-06:42,부산,2000-04-02,06:42,-5,0,,1.8667,0
부산-2000-04-02-06:42,부산,2000-04-02,06:42,5,0,,1.8667,0
부산-2000-04-02-06:42,부산,2000-04-02,06:42,15,0,,5.5333,0
부산-2000-04-02-06:42,부산,2000-04-02,06:42,30,1,ascSign|planetHouses,10.9000,1
부산-2000-04-02-06:42,부산,2000-04-02,06:42,60,1,hourPillar|minggongBranch|bodyPalaceBranch|soulStar|ascSign|planetHouses,21.1000,6
부산-2000-04-02-06:42,부산,2000-04-02,06:42,120,1,hourPillar|minggongBranch|bodyPalaceBranch|soulStar|ascSign|mcSign|planetHouses,39.4000,12
부산-2000-04-02-08:56,부산,2000-04-02,08:56,-120,1,hourPillar|minggongBranch|bodyPalaceBranch|soulStar|ascSign|mcSign|planetHouses,38.1333,12
부산-2000-04-02-08:56,부산,2000-04-02,08:56,-60,1,ascSign|planetHouses,17.6833,4
부산-2000-04-02-08:56,부산,2000-04-02,08:56,-30,1,ascSign|planetHouses,8.5167,2
부산-2000-04-02-08:56,부산,2000-04-02,08:56,-15,1,planetHouses,4.1833,1
부산-2000-04-02-08:56,부산,2000-04-02,08:56,-5,1,planetHouses,1.3833,1
부산-2000-04-02-08:56,부산,2000-04-02,08:56,5,0,,1.3667,0
부산-2000-04-02-08:56,부산,2000-04-02,08:56,15,1,planetHouses,4.0333,1
부산-2000-04-02-08:56,부산,2000-04-02,08:56,30,1,hourPillar|minggongBranch|bodyPalaceBranch|soulStar|planetHouses,7.9500,3
부산-2000-04-02-08:56,부산,2000-04-02,08:56,60,1,hourPillar|minggongBranch|bodyPalaceBranch|soulStar|mcSign|planetHouses,15.4333,7
부산-2000-04-02-08:56,부산,2000-04-02,08:56,120,1,hourPillar|minggongBranch|bodyPalaceBranch|soulStar|ascSign|mcSign|planetHouses,29.3333,12
부산-2000-04-02-10:10,부산,2000-04-02,10:10,-120,1,hourPillar|minggongBranch|bodyPalaceBranch|soulStar|ascSign|mcSign|planetHouses,32.1000,12
부산-2000-04-02-10:10,부산,2000-04-02,10:10,-60,1,hourPillar|minggongBranch|bodyPalaceBranch|soulStar|mcSign|planetHouses,15.0167,8
부산-2000-04-02-10:10,부산,2000-04-02,10:10,-30,1,mcSign|planetHouses,7.2833,3
부산-2000-04-02-10:10,부산,2000-04-02,10:10,-15,1,planetHouses,3.6000,2
부산-2000-04-02-10:10,부산,2000-04-02,10:10,-5,0,,1.1833,0
부산-2000-04-02-10:10,부산,2000-04-02,10:10,5,0,,1.1833,0
부산-2000-04-02-10:10,부산,2000-04-02,10:10,15,1,planetHouses,3.5167,2
부산-2000-04-02-10:10,부산,2000-04-02,10:10,30,1,ascSign|planetHouses,6.9500,2
부산-2000-04-02-10:10,부산,2000-04-02,10:10,60,1,ascSign|planetHouses,13.6333,4
부산-2000-04-02-10:10,부산,2000-04-02,10:10,120,1,hourPillar|minggongBranch|bodyPalaceBranch|soulStar|ascSign|mcSign|planetHouses,26.4500,11
부산-2000-04-02-12:24,부산,2000-04-02,12:24,-120,1,hourPillar|minggongBranch|bodyPalaceBranch|soulStar|ascSign|mcSign|planetHouses,26.0833,11
부산-2000-04-02-12:24,부산,2000-04-02,12:24,-60,1,mcSign|planetHouses,12.6833,6
부산-2000-04-02-12:24,부산,2000-04-02,12:24,-30,1,planetHouses,6.2833,3
부산-2000-04-02-12:24,부산,2000-04-02,12:24,-15,1,planetHouses,3.1167,2
부산-2000-04-02-12:24,부산,2000-04-02,12:24,-5,1,planetHouses,1.0333,1
부산-2000-04-02-12:24,부산,2000-04-02,12:24,5,1,planetHouses,1.0500,1
부산-2000-04-02-12:24,부산,2000-04-02,12:24,15,1,planetHouses,3.1167,1
부산-2000-04-02-12:24,부산,2000-04-02,12:24,30,1,ascSign|planetHouses,6.2167,5
부산-2000-04-02-12:24,부산,2000-04-02,12:24,60,1,hourPillar|minggongBranch|bodyPalaceBranch|soulStar|ascSign|planetHouses,12.3667,7
부산-2000-04-02-12:24,부산,2000-04-02,12:24,120,1,hourPillar|minggongBranch|bodyPalaceBranch|soulStar|ascSign|mcSign|planetHouses,24.6500,11
부산-2000-04-02-14:38,부산,2000-04-02,14:38,-120,1,hourPillar|minggongBranch|bodyPalaceBranch|soulStar|ascSign|mcSign|planetHouses,24.6000,12
부산-2000-04-02-14:38,부산,2000-04-02,14:38,-60,1,planetHouses,12.2833,8
부산-2000-04-02-14:38,부산,2000-04-02,14:38,-30,1,planetHouses,6.1500,6
부산-2000-04-02-14:38,부산,2000-04-02,14:38,-15,1,planetHouses,3.0833,4
부산-2000-04-02-14:38,부산,2000-04-02,14:38,-5,1,planetHouses,1.0333,1
부산-2000-04-02-14:38,부산,2000-04-02,14:38,5,0,,1.0167,0
부산-2000-04-02-14:38,부산,2000-04-02,14:38,15,0,,3.0667,0
부산-2000-04-02-14:38,부산,2000-04-02,14:38,30,0,,6.1667,0
부산-2000-04-02-14:38,부산,2000-04-02,14:38,60,1,hourPillar|minggongBranch|bodyPalaceBranch|soulStar|ascSign|mcSign|planetHouses,12.3500,4
부산-2000-04-02-14:38,부산,2000-04-02,14:38,120,1,hourPillar|minggongBranch|bodyPalaceBranch|soulStar|ascSign|mcSign|planetHouses,24.8167,10
부산-2000-04-02-16:52,부산,2000-04-02,16:52,-120,1,hourPillar|minggongBranch|bodyPalaceBranch|soulStar|ascSign|mcSign|planetHouses,24.8667,12
부산-2000-04-02-16:52,부산,2000-04-02,16:52,-60,1,planetHouses,12.4833,8
부산-2000-04-02-16:52,부산,2000-04-02,16:52,-30,1,planetHouses,6.2500,6
부산-2000-04-02-16:52,부산,2000-04-02,16:52,-15,1,planetHouses,3.1167,2
부산-2000-04-02-16:52,부산,2000-04-02,16:52,-5,1,planetHouses,1.0333,1
부산-2000-04-02-16:52,부산,2000-04-02,16:52,5,0,,1.0500,0
부산-2000-04-02-16:52,부산,2000-04-02,16:52,15,0,,3.1500,0
부산-2000-04-02-16:52,부산,2000-04-02,16:52,30,1,planetHouses,6.2833,1
부산-2000-04-02-16:52,부산,2000-04-02,16:52,60,1,hourPillar|minggongBranch|bodyPalaceBranch|soulStar|ascSign|mcSign|planetHouses,12.5500,3
부산-2000-04-02-16:52,부산,2000-04-02,16:52,120,1,hourPillar|minggongBranch|bodyPalaceBranch|soulStar|ascSign|mcSign|planetHouses,25.0833,10
부산-2000-04-02-18:06,부산,2000-04-02,18:06,-120,1,hourPillar|minggongBranch|bodyPalaceBranch|soulStar|ascSign|mcSign|planetHouses,25.0667,12
부산-2000-04-02-18:06,부산,2000-04-02,18:06,-60,1,hourPillar|minggongBranch|bodyPalaceBranch|soulStar|ascSign|mcSign|planetHouses,12.5500,4
부산-2000-04-02-18:06,부산,2000-04-02,18:06,-30,1,ascSign|mcSign|planetHouses,6.2667,1
부산-2000-04-02-18:06,부산,2000-04-02,18:06,-15,1,planetHouses,3.1333,1
부산-2000-04-02-18:06,부산,2000-04-02,18:06,-5,0,,1.0500,0
부산-2000-04-02-18:06,부산,2000-04-02,18:06,5,0,,1.0500,0
부산-2000-04-02-18:06,부산,2000-04-02,18:06,15,0,,3.1333,0
부산-2000-04-02-18:06,부산,2000-04-02,18:06,30,1,planetHouses,6.2667,3
부산-2000-04-02-18:06,부산,2000-04-02,18:06,60,1,planetHouses,12.5167,8
부산-2000-04-02-18:06,부산,2000-04-02,18:06,120,1,hourPillar|minggongBranch|bodyPalaceBranch|soulStar|ascSign|mcSign|planetHouses,24.9500,11
부산-2000-04-02-20:20,부산,2000-04-02,20:20,-120,1,hourPillar|minggongBranch|bodyPalaceBranch|soulStar|ascSign|mcSign|planetHouses,24.9000,12
부산-2000-04-02-20:20,부산,2000-04-02,20:20,-60,1,hourPillar|minggongBranch|bodyPalaceBranch|soulStar|ascSign|mcSign|planetHouses,12.4000,3
부산-2000-04-02-20:20,부산,2000-04-02,20:20,-30,1,ascSign|planetHouses,6.1833,1
부산-2000-04-02-20:20,부산,2000-04-02,20:20,-15,1,planetHouses,3.1000,1
부산-2000-04-02-20:20,부산,2000-04-02,20:20,-5,0,,1.0333,0
부산-2000-04-02-20:20,부산,2000-04-02,20:20,5,0,,1.0167,0
부산-2000-04-02-20:20,부산,2000-04-02,20:20,15,0,,3.0667,0
부산-2000-04-02-20:20,부산,2000-04-02,20:20,30,1,planetHouses,6.1500,4
부산-2000-04-02-20:20,부산,2000-04-02,20:20,60,1,planetHouses,12.3000,8
부산-2000-04-02-20:20,부산,2000-04-02,20:20,120,1,hourPillar|minggongBranch|bodyPalaceBranch|soulStar|mcSign|planetHouses,24.5833,11
부산-2000-04-02-22:34,부산,2000-04-02,22:34,-120,1,hourPillar|minggongBranch|bodyPalaceBranch|soulStar|ascSign|mcSign|planetHouses,24.6000,12
부산-2000-04-02-22:34,부산,2000-04-02,22:34,-60,1,ascSign|mcSign|planetHouses,12.3167,5
부산-2000-04-02-22:34,부산,2000-04-02,22:34,-30,1,ascSign|planetHouses,6.1667,5
부산-2000-04-02-22:34,부산,2000-04-02,22:34,-15,1,ascSign|planetHouses,3.1000,3
부산-2000-04-02-22:34,부산,2000-04-02,22:34,-5,1,ascSign|planetHouses,1.0333,2
부산-2000-04-02-22:34,부산,2000-04-02,22:34,5,1,planetHouses,1.0333,1
부산-2000-04-02-22:34,부산,2000-04-02,22:34,15,1,planetHouses,3.1000,3
부산-2000-04-02-22:34,부산,2000-04-02,22:34,30,1,planetHouses,6.2167,4
부산-2000-04-02-22:34,부산,2000-04-02,22:34,60,1,hourPillar|minggongBranch|bodyPalaceBranch|soulStar|planetHouses,12.5333,7
부산-2000-04-02-22:34,부산,2000-04-02,22:34,120,1,dayPillar|hourPillar|minggongBranch|bodyPalaceBranch|soulStar|mcSign|planetHouses,25.6333,11
부산-2000-05-09-00:00,부산,2000-05-09,00:00,-120,1,hourPillar|minggongBranch|bodyPalaceBranch|soulStar|ascSign|mcSign|planetHouses,29.2333,10
부산-2000-05-09-00:00,부산,2000-05-09,00:00,-60,1,hourPillar|minggongBranch|bodyPalaceBranch|soulStar|mcSign|planetHouses,15.3833,4
부산-2000-05-09-00:00,부산,2000-05-09,00:00,-30,1,planetHouses,7.9333,3
부산-2000-05-09-00:00,부산,2000-05-09,00:00,-15,1,planetHouses,4.0333,1
부산-2000-05-09-00:00,부산,2000-05-09,00:00,-5,0,,1.3667,0
부산-2000-05-09-00:00,부산,2000-05-09,00:00,5,0,,1.3667,0
부산-2000-05-09-00:00,부산,2000-05-09,00:00,15,0,,4.1500,0
부산-2000-05-09-00:00,부산,2000-05-09,00:00,30,1,dayPillar|ascSign|planetHouses,8.4667,7
부산-2000-05-09-00:00,부산,2000-05-09,00:00,60,1,dayPillar|ascSign|planetHouses,17.6000,8
부산-2000-05-09-00:00,부산,2000-05-09,00:00,120,1,dayPillar|hourPillar|minggongBranch|bodyPalaceBranch|soulStar|ascSign|mcSign|planetHouses,37.9667,12
부산-2000-05-09-02:14,부산,2000-05-09,02:14,-120,1,dayPillar|hourPillar|minggongBranch|bodyPalaceBranch|soulStar|ascSign|mcSign|planetHouses,39.2167,12
부산-2000-05-09-02:14,부산,2000-05-09,02:14,-60,1,hourPillar|minggongBranch|bodyPalaceBranch|soulStar|ascSign|planetHouses,21.0000,11
부산-2000-05-09-02:14,부산,2000-05-09,02:14,-30,1,ascSign|planetHouses,10.8500,7
부산-2000-05-09-02:14,부산,2000-05-09,02:14,-15,1,planetHouses,5.5000,5
부산-2000-05-09-02:14,부산,2000-05-09,02:14,-5,1,planetHouses,1.8500,1
부산-2000-05-09-02:14,부산,2000-05-09,02:14,5,0,,1.8667,0
부산-2000-05-09-02:14,부산,2000-05-09,02:14,15,1,planetHouses,5.6500,1
부산-2000-05-09-02:14,부산,2000-05-09,02:14,30,1,planetHouses,11.4167,1
부산-2000-05-09-02:14,부산,2000-05-09,02:14,60,1,planetHouses,23.1500,3
부산-2000-05-09-02:14,부산,2000-05-09,02:14,120,1,hourPillar|minggongBranch|bodyPalaceBranch|soulStar|ascSign|mcSign|planetHouses,46.3833,12
부산-2000-05-09-04:28,부산,2000-05-09,04:28,-120,1,hourPillar|minggongBranch|bodyPalaceBranch|soulStar|ascSign|mcSign|planetHouses,46.3167,12
부산-2000-05-09-04:28,부산,2000-05-09,04:28,-60,1,planetHouses,22.9167,8
부산-2000-05-09-04:28,부산,2000-05-09,04:28,-30,1,planetHouses,11.2667,1
부산-2000-05-09-04:28,부산,2000-05-09,04:28,-15,0,,5.5667,0
부산-2000-05-09-04:28,부산,2000-05-09,04:28,-5,0,,1.8500,0
부산-2000-05-09-04:28,부산,2000-05-09,04:28,5,0,,1.8167,0
부산-2000-05-09-04:28,부산,2000-05-09,04:28,15,1,ascSign|planetHouses,5.4000,1
부산-2000-05-09-04:28,부산,2000-05-09,04:28,30,1,ascSign|planetHouses,10.6333,2
부산-2000-05-09-04:28,부산,2000-05-09,04:28,60,1,hourPillar|minggongBranch|bodyPalaceBranch|soulStar|ascSign|mcSign|planetHouses,20.5667,8
부산-2000-05-09-04:28,부산,2000-05-09,04:28,120,1,hourPillar|minggongBranch|bodyPalaceBranch|soulStar|ascSign|mcSign|planetHouses,38.3500,12
부산-2000-05-09-06:42,부산,2000-05-09,06:42,-120,1,hourPillar|minggongBranch|bodyPalaceBranch|soulStar|ascSign|mcSign|planetHouses,37.1167,12
부산-2000-05-09-06:42,부산,2000-05-09,06:42,-60,1,ascSign|planetHouses,17.2000,3
부산-2000-05-09-06:42,부산,2000-05-09,06:42,-30,1,planetHouses,8.2833,2
부산-2000-05-09-06:42,부산,2000-05-09,06:42,-15,1,planetHouses,4.0667,1
부산-2000-05-09-06:42,부산,2000-05-09,06:42,-5,0,,1.3333,0
부산-2000-05-09-06:42,부산,2000-05-09,06:42,5,0,,1.3333,0
부산-2000-05-09-06:42,부산,2000-05-09,06:42,15,1,planetHouses,3.9500,4
부산-2000-05-09-06:42,부산,2000-05-09,06:42,30,1,planetHouses,7.7667,4
부산-2000-05-09-06:42,부산,2000-05-09,06:42,60,1,hourPillar|minggongBranch|bodyPalaceBranch|soulStar|mcSign|planetHouses,15.0833,6
부산-2000-05-09-06:42,부산,2000-05-09,06:42,120,1,hourPillar|minggongBranch|bodyPalaceBranch|soulStar|ascSign|mcSign|planetHouses,28.7667,12
부산-2000-05-09-08:56,부산,2000-05-09,08:56,-120,1,hourPillar|minggongBranch|bodyPalaceBranch|soulStar|ascSign|mcSign|planetHouses,28.1333,11
부산-2000-05-09-08:56,부산,2000-05-09,08:56,-60,1,ascSign|planetHouses,13.4333,5
부산-2000-05-09-08:56,부산,2000-05-09,08:56,-30,1,planetHouses,6.6000,4
부산-2000-05-09-08:56,부산,2000-05-09,08:56,-15,0,,3.2667,0
부산-2000-05-09-08:56,부산,2000-05-09,08:56,-5,0,,1.0833,0
부산-2000-05-09-08:56,부산,2000-05-09,08:56,5,0,,1.0833,0
부산-2000-05-09-08:56,부산,2000-05-09,08:56,15,0,,3.2333,0
부산-2000-05-09-08:56,부산,2000-05-09,08:56,30,1,hourPillar|minggongBranch|bodyPalaceBranch|soulStar|mcSign|planetHouses,6.4167,2
부산-2000-05-09-08:56,부산,2000-05-09,08:56,60,1,hourPillar|minggongBranch|bodyPalaceBranch|soulStar|mcSign|planetHouses,12.7167,3
부산-2000-05-09-08:56,부산,2000-05-09,08:56,120,1,hourPillar|minggongBranch|bodyPalaceBranch|soulStar|ascSign|mcSign|planetHouses,25.0833,11
부산-2000-05-09-10:10,부산,2000-05-09,10:10,-120,1,hourPillar|minggongBranch|bodyPalaceBranch|soulStar|mcSign|planetHouses,25.8333,12
부산-2000-05-09-10:10,부산,2000-05-09,10:10,-60,1,hourPillar|minggongBranch|bodyPalaceBranch|soulStar|mcSign|planetHouses,12.6000,8
부산-2000-05-09-10:10,부산,2000-05-09,10:10,-30,1,planetHouses,6.2500,5
부산-2000-05-09-10:10,부산,2000-05-09,10:10,-15,1,planetHouses,3.1167,5
부산-2000-05-09-10:10,부산,2000-05-09,10:10,-5,1,planetHouses,1.0333,1
부산-2000-05-09-10:10,부산,2000-05-09,10:10,5,0,,1.0333,0
부산-2000-05-09-10:10,부산,2000-05-09,10:10,15,1,ascSign|planetHouses,3.1000,3
부산-2000-05-09-10:10,부산,2000-05-09,10:10,30,1,ascSign|planetHouses,6.1833,3
부산-2000-05-09-10:10,부산,2000-05-09,10:10,60,1,ascSign|mcSign|planetHouses,12.3333,5
부산-2000-05-09-10:10,부산,2000-05-09,10:10,120,1,hourPillar|minggongBranch|bodyPalaceBranch|soulStar|ascSign|mcSign|planetHouses,24.6167,7
부산-2000-05-09-12:24,부산,2000-05-09,12:24,-120,1,hourPillar|minggongBranch|bodyPalaceBranch|soulStar|mcSign|planetHouses,24.5833,8
부산-2000-05-09-12:24,부산,2000-05-09,12:24,-60,1,planetHouses,12.2833,6
부산-2000-05-09-12:24,부산,2000-05-09,12:24,-30,1,planetHouses,6.1500,4
부산-2000-05-09-12:24,부산,2000-05-09,12:24,-15,1,planetHouses,3.0833,3
부산-2000-05-09-12:24,부산,2000-05-09,12:24,-5,1,planetHouses,1.0333,2
부산-2000-05-09-12:24,부산,2000-05-09,12:24,5,1,planetHouses,1.0333,2
부산-2000-05-09-12:24,부산,2000-05-09,12:24,15,1,planetHouses,3.0833,4
부산-2000-05-09-12:24,부산,2000-05-09,12:24,30,1,ascSign|planetHouses,6.1833,4
부산-2000-05-09-12:24,부산,2000-05-09,12:24,60,1,hourPillar|minggongBranch|bodyPalaceBranch|soulStar|ascSign|mcSign|planetHouses,12.3833,6
부산-2000-05-09-12:24,부산,2000-05-09,12:24,120,1,hourPillar|minggongBranch|bodyPalaceBranch|soulStar|ascSign|mcSign|planetHouses,24.8667,9
부산-2000-05-09-14:38,부산,2000-05-09,14:38,-120,1,hourPillar|minggongBranch|bodyPalaceBranch|soulStar|ascSign|mcSign|planetHouses,24.9000,8
부산-2000-05-09-14:38,부산,2000-05-09,14:38,-60,1,planetHouses,12.5000,6
부산-2000-05-09-14:38,부산,2000-05-09,14:38,-30,1,planetHouses,6.2500,4
부산-2000-05-09-14:38,부산,2000-05-09,14:38,-15,1,planetHouses,3.1333,3
부산-2000-05-09-14:38,부산,2000-05-09,14:38,-5,1,planetHouses,1.0333,3
부산-2000-05-09-14:38,부산,2000-05-09,14:38,5,1,planetHouses,1.0500,1
부산-2000-05-09-14:38,부산,2000-05-09,14:38,15,1,planetHouses,3.1500,1
부산-2000-05-09-14:38,부산,2000-05-09,14:38,30,1,planetHouses,6.2833,4
부산-2000-05-09-14:38,부산,2000-05-09,14:38,60,1,hourPillar|minggongBranch|bodyPalaceBranch|soulStar|ascSign|mcSign|planetHouses,12.5500,5
부산-2000-05-09-14:38,부산,2000-05-09,14:38,120,1,hourPillar|minggongBranch|bodyPalaceBranch|soulStar|ascSign|mcSign|planetHouses,25.0833,9
부산-2000-05-09-16:52,부산,2000-05-09,16:52,-120,1,hourPillar|minggongBranch|bodyPalaceBranch|soulStar|ascSign|mcSign|planetHouses,25.0500,9
부산-2000-05-09-16:52,부산,2000-05-09,16:52,-60,1,planetHouses,12.5000,4
부산-2000-05-09-16:52,부산,2000-05-09,16:52,-30,1,planetHouses,6.2333,2
부산-2000-05-09-16:52,부산,2000-05-09,16:52,-15,1,planetHouses,3.1167,1
부산-2000-05-09-16:52,부산,2000-05-09,16:52,-5,1,planetHouses,1.0333,1
부산-2000-05-09-16:52,부산,2000-05-09,16:52,5,1,planetHouses,1.0500,2
부산-2000-05-09-16:52,부산,2000-05-09,16:52,15,1,planetHouses,3.1167,3
부산-2000-05-09-16:52,부산,2000-05-09,16:52,30,1,planetHouses,6.2167,6
부산-2000-05-09-16:52,부산,2000-05-09,16:52,60,1,hourPillar|minggongBranch|bodyPalaceBranch|soulStar|ascSign|mcSign|planetHouses,12.4000,7
부산-2000-05-09-16:52,부산,2000-05-09,16:52,120,1,hourPillar|minggongBranch|bodyPalaceBranch|soulStar|ascSign|mcSign|planetHouses,24.7167,11
부산-2000-05-09-18:06,부산,2000-05-09,18:06,-120,1,hourPillar|minggongBranch|bodyPalaceBranch|soulStar|ascSign|mcSign|planetHouses,24.8500,12
부산-2000-05-09-18:06,부산,2000-05-09,18:06,-60,1,hourPillar|minggongBranch|bodyPalaceBranch|soulStar|ascSign|mcSign|planetHouses,12.3667,5
부산-2000-05-09-18:06,부산,2000-05-09,18:06,-30,1,ascSign|planetHouses,6.1667,2
부산-2000-05-09-18:06,부산,2000-05-09,18:06,-15,1,planetHouses,3.0833,1
부산-2000-05-09-18:06,부산,2000-05-09,18:06,-5,1,planetHouses,1.0333,1
부산-2000-05-09-18:06,부산,2000-05-09,18:06,5,0,,1.0333,0
부산-2000-05-09-18:06,부산,2000-05-09,18:06,15,0,,3.0833,0
부산-2000-05-09-18:06,부산,2000-05-09,18:06,30,1,planetHouses,6.1500,1
부산-2000-05-09-18:06,부산,2000-05-09,18:06,60,1,planetHouses,12.2833,3
부산-2000-05-09-18:06,부산,2000-05-09,18:06,120,1,hourPillar|minggongBranch|bodyPalaceBranch|soulStar|ascSign|mcSign|planetHouses,24.6000,10
부산-2000-05-09-20:20,부산,2000-05-09,20:20,-120,1,hourPillar|minggongBranch|bodyPalaceBranch|soulStar|ascSign|mcSign|planetHouses,24.6167,11
부산-2000-05-09-20:20,부산,2000-05-09,20:20,-60,1,hourPillar|minggongBranch|bodyPalaceBranch|soulStar|ascSign|mcSign|planetHouses,12.3333,5
부산-2000-05-09-20:20,부산,2000-05-09,20:20,-30,1,ascSign|planetHouses,6.1833,2
부산-2000-05-09-20:20,부산,2000-05-09,20:20,-15,1,planetHouses,3.1000,2
부산-2000-05-09-20:20,부산,2000-05-09,20:20,-5,0,,1.0333,0
부산-2000-05-09-20:20,부산,2000-05-09,20:20,5,1,planetHouses,1.0333,1
부산-2000-05-09-20:20,부산,2000-05-09,20:20,15,1,planetHouses,3.1167,1
부산-2000-05-09-20:20,부산,2000-05-09,20:20,30,1,planetHouses,6.2500,2
부산-2000-05-09-20:20,부산,2000-05-09,20:20,60,1,mcSign|planetHouses,12.6167,7
부산-2000-05-09-20:20,부산,2000-05-09,20:20,120,1,hourPillar|minggongBranch|bodyPalaceBranch|soulStar|mcSign|planetHouses,25.8667,11
부산-2000-05-09-22:34,부산,2000-05-09,22:34,-120,1,hourPillar|minggongBranch|bodyPalaceBranch|soulStar|ascSign|mcSign|planetHouses,26.2000,12
부산-2000-05-09-22:34,부산,2000-05-09,22:34,-60,1,ascSign|planetHouses,13.4667,7
부산-2000-05-09-22:34,부산,2000-05-09,22:34,-30,1,ascSign|planetHouses,6.8500,3
부산-2000-05-09-22:34,부산,2000-05-09,22:34,-15,1,ascSign|planetHouses,3.4667,2
부산-2000-05-09-22:34,부산,2000-05-09,22:34,-5,1,planetHouses,1.1667,1
부산-2000-05-09-22:34,부산,2000-05-09,22:34,5,1,planetHouses,1.1667,1
부산-2000-05-09-22:34,부산,2000-05-09,22:34,15,1,planetHouses,3.5333,4
부산-2000-05-09-22:34,부산,2000-05-09,22:34,30,1,planetHouses,7.1667,4
부산-2000-05-09-22:34,부산,2000-05-09,22:34,60,1,hourPillar|minggongBranch|bodyPalaceBranch|soulStar|mcSign|planetHouses,14.7333,5
부산-2000-05-09-22:34,부산,2000-05-09,22:34,120,1,dayPillar|hourPillar|minggongBranch|bodyPalaceBranch|soulStar|ascSign|mcSign|planetHouses,31.4333,10
부산-2000-06-16-00:00,부산,2000-06-16,00:00,-120,1,hourPillar|minggongBranch|bodyPalaceBranch|soulStar|ascSign|mcSign|planetHouses,40.6167,12
부산-2000-06-16-00:00,부산,2000-06-16,00:00,-60,1,hourPillar|minggongBranch|bodyPalaceBranch|soulStar|ascSign|planetHouses,21.7000,8
부산-2000-06-16-00:00,부산,2000-06-16,00:00,-30,1,planetHouses,11.1667,2
부산-2000-06-16-00:00,부산,2000-06-16,00:00,-15,1,planetHouses,5.6500,2
부산-2000-06-16-00:00,부산,2000-06-16,00:00,-5,1,planetHouses,1.9000,2
부산-2000-06-16-00:00,부산,2000-06-16,00:00,5,0,,1.9000,0
부산-2000-06-16-00:00,부산,2000-06-16,00:00,15,1,planetHouses,5.7667,1
부산-2000-06-16-00:00,부산,2000-06-16,00:00,30,1,dayPillar|planetHouses,11.6000,4
부산-2000-06-16-00:00,부산,2000-06-16,00:00,60,1,dayPillar|ascSign|mcSign|planetHouses,23.4000,6
부산-2000-06-16-00:00,부산,2000-06-16,00:00,120,1,dayPillar|hourPillar|minggongBranch|bodyPalaceBranch|soulStar|ascSign|mcSign|planetHouses,46.2667,12
부산-2000-06-16-02:14,부산,2000-06-16,02:14,-120,1,dayPillar|hourPillar|minggongBranch|bodyPalaceBranch|soulStar|ascSign|mcSign|planetHouses,45.9500,12
부산-2000-06-16-02:14,부산,2000-06-16,02:14,-60,1,hourPillar|minggongBranch|bodyPalaceBranch|soulStar|ascSign|planetHouses,22.4500,6
부산-2000-06-16-02:14,부산,2000-06-16,02:14,-30,1,ascSign|planetHouses,10.9667,4
부산-2000-06-16-02:14,부산,2000-06-16,02:14,-15,1,ascSign|planetHouses,5.4000,3
부산-2000-06-16-02:14,부산,2000-06-16,02:14,-5,0,,1.7833,0
부산-2000-06-16-02:14,부산,2000-06-16,02:14,5,0,,1.7500,0
부산-2000-06-16-02:14,부산,2000-06-16,02:14,15,1,planetHouses,5.2167,1
부산-2000-06-16-02:14,부산,2000-06-16,02:14,30,1,planetHouses,10.2667,6
부산-2000-06-16-02:14,부산,2000-06-16,02:14,60,1,mcSign|planetHouses,19.8333,6
부산-2000-06-16-02:14,부산,2000-06-16,02:14,120,1,hourPillar|minggongBranch|bodyPalaceBranch|soulStar|ascSign|mcSign|planetHouses,36.9833,12
부산-2000-06-16-04:28,부산,2000-06-16,04:28,-120,1,hourPillar|minggongBranch|bodyPalaceBranch|soulStar|ascSign|mcSign|planetHouses,35.7667,12
부산-2000-06-16-04:28,부산,2000-06-16,04:28,-60,1,ascSign|planetHouses,16.5833,9
부산-2000-06-16-04:28,부산,2000-06-16,04:28,-30,1,planetHouses,8.0000,5
부산-2000-06-16-04:28,부산,2000-06-16,04:28,-15,1,planetHouses,3.9333,5
부산-2000-06-16-04:28,부산,2000-06-16,04:28,-5,1,planetHouses,1.3000,1
부산-2000-06-16-04:28,부산,2000-06-16,04:28,5,0,,1.2833,0
부산-2000-06-16-04:28,부산,2000-06-16,04:28,15,0,,3.8167,0
부산-2000-06-16-04:28,부산,2000-06-16,04:28,30,1,mcSign,7.5167,0
부산-2000-06-16-04:28,부산,2000-06-16,04:28,60,1,hourPillar|minggongBranch|bodyPalaceBranch|soulStar|mcSign|planetHouses,14.6667,4
부산-2000-06-16-04:28,부산,2000-06-16,04:28,120,1,hourPillar|minggongBranch|bodyPalaceBranch|soulStar|ascSign|mcSign|planetHouses,28.0667,10
부산-2000-06-16-06:42,부산,2000-06-16,06:42,-120,1,hourPillar|minggongBranch|bodyPalaceBranch|soulStar|ascSign|mcSign|planetHouses,27.5167,11
부산-2000-06-16-06:42,부산,2000-06-16,06:42,-60,1,planetHouses,13.2000,5
부산-2000-06-16-06:42,부산,2000-06-16,06:42,-30,1,planetHouses,6.5000,1
부산-2000-06-16-06:42,부산,2000-06-16,06:42,-15,1,planetHouses,3.2333,1
부산-2000-06-16-06:42,부산,2000-06-16,06:42,-5,1,planetHouses,1.0667,1
부산-2000-06-16-06:42,부산,2000-06-16,06:42,5,1,mcSign|planetHouses,1.0667,1
부산-2000-06-16-06:42,부산,2000-06-16,06:42,15,1,mcSign|planetHouses,3.2000,3
부산-2000-06-16-06:42,부산,2000-06-16,06:42,30,1,mcSign|planetHouses,6.3500,3
부산-2000-06-16-06:42,부산,2000-06-16,06:42,60,1,hourPillar|minggongBranch|bodyPalaceBranch|soulStar|mcSign|planetHouses,12.6000,6
부산-2000-06-16-06:42,부산,2000-06-16,06:42,120,1,hourPillar|minggongBranch|bodyPalaceBranch|soulStar|ascSign|mcSign|planetHouses,24.9167,11
부산-2000-06-16-08:56,부산,2000-06-16,08:56,-120,1,hourPillar|minggongBranch|bodyPalaceBranch|soulStar|ascSign|mcSign|planetHouses,24.8000,10
부산-2000-06-16-08:56,부산,2000-06-16,08:56,-60,1,mcSign|planetHouses,12.3000,4
부산-2000-06-16-08:56,부산,2000-06-16,08:56,-30,1,mcSign,6.1333,0
부산-2000-06-16-08:56,부산,2000-06-16,08:56,-15,0,,3.0667,0
부산-2000-06-16-08:56,부산,2000-06-16,08:56,-5,0,,1.0167,0
부산-2000-06-16-08:56,부산,2000-06-16,08:56,5,0,,1.0167,0
부산-2000-06-16-08:56,부산,2000-06-16,08:56,15,1,planetHouses,3.0667,1
부산-2000-06-16-08:56,부산,2000-06-16,08:56,30,1,hourPillar|minggongBranch|bodyPalaceBranch|soulStar|planetHouses,6.1333,3
부산-2000-06-16-08:56,부산,2000-06-16,08:56,60,1,hourPillar|minggongBranch|bodyPalaceBranch|soulStar|planetHouses,12.2833,4
부산-2000-06-16-08:56,부산,2000-06-16,08:56,120,1,hourPillar|minggongBranch|bodyPalaceBranch|soulStar|ascSign|mcSign|planetHouses,24.6667,12
부산-2000-06-16-10:10,부산,2000-06-16,10:10,-120,1,hourPillar|minggongBranch|bodyPalaceBranch|soulStar|mcSign|planetHouses,24.5833,9
부산-2000-06-16-10:10,부산,2000-06-16,10:10,-60,1,hourPillar|minggongBranch|bodyPalaceBranch|soulStar|planetHouses,12.3000,7
부산-2000-06-16-10:10,부산,2000-06-16,10:10,-30,1,planetHouses,6.1667,4
부산-2000-06-16-10:10,부산,2000-06-16,10:10,-15,1,planetHouses,3.0833,4
부산-2000-06-16-10:10,부산,2000-06-16,10:10,-5,1,planetHouses,1.0333,1
부산-2000-06-16-10:10,부산,2000-06-16,10:10,5,0,,1.0333,0
부산-2000-06-16-10:10,부산,2000-06-16,10:10,15,1,ascSign|planetHouses,3.1000,3
부산-2000-06-16-10:10,부산,2000-06-16,10:10,30,1,ascSign|mcSign|planetHouses,6.1833,3
부산-2000-06-16-10:10,부산,2000-06-16,10:10,60,1,ascSign|mcSign|planetHouses,12.4167,4
부산-2000-06-16-10:10,부산,2000-06-16,10:10,120,1,hourPillar|minggongBranch|bodyPalaceBranch|soulStar|ascSign|mcSign|planetHouses,24.9167,8
부산-2000-06-16-12:24,부산,2000-06-16,12:24,-120,1,hourPillar|minggongBranch|bodyPalaceBranch|soulStar|mcSign|planetHouses,24.9667,7
부산-2000-06-16-12:24,부산,2000-06-16,12:24,-60,1,planetHouses,12.5333,5
부산-2000-06-16-12:24,부산,2000-06-16,12:24,-30,1,planetHouses,6.2833,2
부산-2000-06-16-12:24,부산,2000-06-16,12:24,-15,1,planetHouses,3.1500,2
부산-2000-06-16-12:24,부산,2000-06-16,12:24,-5,0,,1.0500,0
부산-2000-06-16-12:24,부산,2000-06-16,12:24,5,1,planetHouses,1.0333,1
부산-2000-06-16-12:24,부산,2000-06-16,12:24,15,1,planetHouses,3.1333,3
부산-2000-06-16-12:24,부산,2000-06-16,12:24,30,1,ascSign|mcSign|planetHouses,6.2667,5
부산-2000-06-16-12:24,부산,2000-06-16,12:24,60,1,hourPillar|minggongBranch|bodyPalaceBranch|soulStar|ascSign|mcSign|planetHouses,12.5500,6
부산-2000-06-16-12:24,부산,2000-06-16,12:24,120,1,hourPillar|minggongBranch|bodyPalaceBranch|soulStar|ascSign|mcSign|planetHouses,25.0500,10
부산-2000-06-16-14:38,부산,2000-06-16,14:38,-120,1,hourPillar|minggongBranch|bodyPalaceBranch|soulStar|ascSign|mcSign|planetHouses,25.0333,9
부산-2000-06-16-14:38,부산,2000-06-16,14:38,-60,1,planetHouses,12.4833,6
부산-2000-06-16-14:38,부산,2000-06-16,14:38,-30,1,planetHouses,6.2333,3
부산-2000-06-16-14:38,부산,2000-06-16,14:38,-15,1,planetHouses,3.1167,2
부산-2000-06-16-14:38,부산,2000-06-16,14:38,-5,1,planetHouses,1.0333,2
부산-2000-06-16-14:38,부산,2000-06-16,14:38,5,0,,1.0333,0
부산-2000-06-16-14:38,부산,2000-06-16,14:38,15,1,planetHouses,3.1000,2
부산-2000-06-16-14:38,부산,2000-06-16,14:38,30,1,mcSign|planetHouses,6.2000,5
부산-2000-06-16-14:38,부산,2000-06-16,14:38,60,1,hourPillar|minggongBranch|bodyPalaceBranch|soulStar|ascSign|mcSign|planetHouses,12.3667,6
부산-2000-06-16-14:38,부산,2000-06-16,14:38,120,1,hourPillar|minggongBranch|bodyPalaceBranch|soulStar|ascSign|mcSign|planetHouses,24.6667,9
부산-2000-06-16-16:52,부산,2000-06-16,16:52,-120,1,hourPillar|minggongBranch|bodyPalaceBranch|soulStar|ascSign|mcSign|planetHouses,24.6167,9
부산-2000-06-16-16:52,부산,2000-06-16,16:52,-60,1,planetHouses,12.2667,4
부산-2000-06-16-16:52,부산,2000-06-16,16:52,-30,1,planetHouses,6.1333,2
부산-2000-06-16-16:52,부산,2000-06-16,16:52,-15,1,planetHouses,3.0667,1
부산-2000-06-16-16:52,부산,2000-06-16,16:52,-5,0,,1.0167,0
부산-2000-06-16-16:52,부산,2000-06-16,16:52,5,1,mcSign,1.0333,0
부산-2000-06-16-16:52,부산,2000-06-16,16:52,15,1,mcSign|planetHouses,3.0833,2
부산-2000-06-16-16:52,부산,2000-06-16,16:52,30,1,mcSign|planetHouses,6.1500,6
부산-2000-06-16-16:52,부산,2000-06-16,16:52,60,1,hourPillar|minggongBranch|bodyPalaceBranch|soulStar|ascSign|mcSign|planetHouses,12.3500,8
부산-2000-06-16-16:52,부산,2000-06-16,16:52,120,1,hourPillar|minggongBranch|bodyPalaceBranch|soulStar|ascSign|mcSign|planetHouses,24.9667,11
부산-2000-06-16-18:06,부산,2000-06-16,18:06,-120,1,hourPillar|minggongBranch|bodyPalaceBranch|soulStar|ascSign|mcSign|planetHouses,24.6500,12
부산-2000-06-16-18:06,부산,2000-06-16,18:06,-60,1,hourPillar|minggongBranch|bodyPalaceBranch|soulStar|ascSign|planetHouses,12.3833,6
부산-2000-06-16-18:06,부산,2000-06-16,18:06,-30,1,planetHouses,6.2167,1
부산-2000-06-16-18:06,부산,2000-06-16,18:06,-15,0,,3.1167,0
부산-2000-06-16-18:06,부산,2000-06-16,18:06,-5,0,,1.0333,0
부산-2000-06-16-18:06,부산,2000-06-16,18:06,5,0,,1.0500,0
부산-2000-06-16-18:06,부산,2000-06-16,18:06,15,0,,3.1333,0
부산-2000-06-16-18:06,부산,2000-06-16,18:06,30,1,planetHouses,6.3000,2
부산-2000-06-16-18:06,부산,2000-06-16,18:06,60,1,mcSign|planetHouses,12.7333,5
부산-2000-06-16-18:06,부산,2000-06-16,18:06,120,1,hourPillar|minggongBranch|bodyPalaceBranch|soulStar|ascSign|mcSign|planetHouses,26.2333,12
부산-2000-06-16-20:20,부산,2000-06-16,20:20,-120,1,hourPillar|minggongBranch|bodyPalaceBranch|soulStar|ascSign|mcSign|planetHouses,26.6000,12
부산-2000-06-16-20:20,부산,2000-06-16,20:20,-60,1,hourPillar|minggongBranch|bodyPalaceBranch|soulStar|ascSign|planetHouses,13.7333,5
부산-2000-06-16-20:20,부산,2000-06-16,20:20,-30,1,ascSign|planetHouses,7.0000,3
부산-2000-06-16-20:20,부산,2000-06-16,20:20,-15,1,planetHouses,3.5333,1
부산-2000-06-16-20:20,부산,2000-06-16,20:20,-5,0,,1.1833,0
부산-2000-06-16-20:20,부산,2000-06-16,20:20,5,0,,1.2000,0
부산-2000-06-16-20:20,부산,2000-06-16,20:20,15,1,planetHouses,3.6333,1
부산-2000-06-16-20:20,부산,2000-06-16,20:20,30,1,mcSign|planetHouses,7.3667,3
부산-2000-06-16-20:20,부산,2000-06-16,20:20,60,1,mcSign|planetHouses,15.1667,7
부산-2000-06-16-20:20,부산,2000-06-16,20:20,120,1,hourPillar|minggongBranch|bodyPalaceBranch|soulStar|ascSign|mcSign|planetHouses,32.5000,12
부산-2000-06-16-22:34,부산,2000-06-16,22:34,-120,1,hourPillar|minggongBranch|bodyPalaceBranch|soulStar|ascSign|mcSign|planetHouses,33.5333,12
부산-2000-06-16-22:34,부산,2000-06-16,22:34,-60,1,ascSign|planetHouses,17.9167,7
부산-2000-06-16-22:34,부산,2000-06-16,22:34,-30,1,planetHouses,9.2833,4
부산-2000-06-16-22:34,부산,2000-06-16,22:34,-15,1,planetHouses,4.7333,2
부산-2000-06-16-22:34,부산,2000-06-16,22:34,-5,1,planetHouses,1.6000,1
부산-2000-06-16-22:34,부산,2000-06-16,22:34,5,1,mcSign,1.6167,0
부산-2000-06-16-22:34,부산,2000-06-16,22:34,15,1,mcSign|planetHouses,4.9167,2
부산-2000-06-16-22:34,부산,2000-06-16,22:34,30,1,mcSign|planetHouses,10.0000,4
부산-2000-06-16-22:34,부산,2000-06-16,22:34,60,1,hourPillar|minggongBranch|bodyPalaceBranch|soulStar|ascSign|mcSign|planetHouses,20.7167,8
부산-2000-06-16-22:34,부산,2000-06-16,22:34,120,1,dayPillar|hourPillar|minggongBranch|bodyPalaceBranch|soulStar|ascSign|mcSign|planetHouses,43.7000,12
부산-2000-07-23-00:00,부산,2000-07-23,00:00,-120,1,hourPillar|minggongBranch|bodyPalaceBranch|soulStar|ascSign|mcSign|planetHouses,45.5000,12
부산-2000-07-23-00:00,부산,2000-07-23,00:00,-60,1,hourPillar|minggongBranch|bodyPalaceBranch|soulStar|ascSign|planetHouses,22.0167,5
부산-2000-07-23-00:00,부산,2000-07-23,00:00,-30,1,ascSign|planetHouses,10.7167,2
부산-2000-07-23-00:00,부산,2000-07-23,00:00,-15,1,planetHouses,5.2833,1
부산-2000-07-23-00:00,부산,2000-07-23,00:00,-5,0,,1.7500,0
부산-2000-07-23-00:00,부산,2000-07-23,00:00,5,1,planetHouses,1.7167,2
부산-2000-07-23-00:00,부산,2000-07-23,00:00,15,1,planetHouses,5.0833,5
부산-2000-07-23-00:00,부산,2000-07-23,00:00,30,1,dayPillar|mcSign|planetHouses,10.0000,5
부산-2000-07-23-00:00,부산,2000-07-23,00:00,60,1,dayPillar|mcSign|planetHouses,19.3000,9
부산-2000-07-23-00:00,부산,2000-07-23,00:00,120,1,dayPillar|hourPillar|minggongBranch|bodyPalaceBranch|soulStar|ascSign|mcSign|planetHouses,35.9833,12
부산-2000-07-23-02:14,부산,2000-07-23,02:14,-120,1,dayPillar|hourPillar|minggongBranch|bodyPalaceBranch|soulStar|ascSign|mcSign|planetHouses,34.8167,12
부산-2000-07-23-02:14,부산,2000-07-23,02:14,-60,1,hourPillar|minggongBranch|bodyPalaceBranch|soulStar|planetHouses,16.1667,8
부산-2000-07-23-02:14,부산,2000-07-23,02:14,-30,1,planetHouses,7.8167,5
부산-2000-07-23-02:14,부산,2000-07-23,02:14,-15,1,planetHouses,3.8500,1
부산-2000-07-23-02:14,부산,2000-07-23,02:14,-5,1,planetHouses,1.2667,1
부산-2000-07-23-02:14,부산,2000-07-23,02:14,5,0,,1.2500,0
부산-2000-07-23-02:14,부산,2000-07-23,02:14,15,1,mcSign|planetHouses,3.7333,1
부산-2000-07-23-02:14,부산,2000-07-23,02:14,30,1,mcSign|planetHouses,7.3667,2
부산-2000-07-23-02:14,부산,2000-07-23,02:14,60,1,ascSign|mcSign|planetHouses,14.3667,4
부산-2000-07-23-02:14,부산,2000-07-23,02:14,120,1,hourPillar|minggongBranch|bodyPalaceBranch|soulStar|ascSign|mcSign|planetHouses,27.6167,12
부산-2000-07-23-04:28,부산,2000-07-23,04:28,-120,1,hourPillar|minggongBranch|bodyPalaceBranch|soulStar|ascSign|mcSign|planetHouses,27.1167,12
부산-2000-07-23-04:28,부산,2000-07-23,04:28,-60,1,mcSign|planetHouses,13.0667,6
부산-2000-07-23-04:28,부산,2000-07-23,04:28,-30,1,mcSign|planetHouses,6.4333,3
부산-2000-07-23-04:28,부산,2000-07-23,04:28,-15,1,mcSign|planetHouses,3.2000,1
부산-2000-07-23-04:28,부산,2000-07-23,04:28,-5,0,,1.0667,0
부산-2000-07-23-04:28,부산,2000-07-23,04:28,5,0,,1.0500,0
부산-2000-07-23-04:28,부산,2000-07-23,04:28,15,1,planetHouses,3.1667,1
부산-2000-07-23-04:28,부산,2000-07-23,04:28,30,1,planetHouses,6.3000,1
부산-2000-07-23-04:28,부산,2000-07-23,04:28,60,1,hourPillar|minggongBranch|bodyPalaceBranch|soulStar|planetHouses,12.5167,6
부산-2000-07-23-04:28,부산,2000-07-23,04:28,120,1,hourPillar|minggongBranch|bodyPalaceBranch|soulStar|ascSign|mcSign|planetHouses,24.8167,11
부산-2000-07-23-06:42,부산,2000-07-23,06:42,-120,1,hourPillar|minggongBranch|bodyPalaceBranch|soulStar|ascSign|mcSign|planetHouses,24.7333,12
부산-2000-07-23-06:42,부산,2000-07-23,06:42,-60,1,mcSign|planetHouses,12.2833,6
부산-2000-07-23-06:42,부산,2000-07-23,06:42,-30,1,planetHouses,6.1333,3
부산-2000-07-23-06:42,부산,2000-07-23,06:42,-15,1,planetHouses,3.0667,1
부산-2000-07-23-06:42,부산,2000-07-23,06:42,-5,0,,1.0333,0
부산-2000-07-23-06:42,부산,2000-07-23,06:42,5,0,,1.0167,0
부산-2000-07-23-06:42,부산,2000-07-23,06:42,15,0,,3.0667,0
부산-2000-07-23-06:42,부산,2000-07-23,06:42,30,1,planetHouses,6.1333,2
부산-2000-07-23-06:42,부산,2000-07-23,06:42,60,1,hourPillar|minggongBranch|bodyPalaceBranch|soulStar|planetHouses,12.3000,5
부산-2000-07-23-06:42,부산,2000-07-23,06:42,120,1,hourPillar|minggongBranch|bodyPalaceBranch|soulStar|ascSign|mcSign|planetHouses,24.7000,9
부산-2000-07-23-08:56,부산,2000-07-23,08:56,-120,1,hourPillar|minggongBranch|bodyPalaceBranch|soulStar|ascSign|mcSign|planetHouses,24.7500,12
부산-2000-07-23-08:56,부산,2000-07-23,08:56,-60,1,mcSign|planetHouses,12.4333,6
부산-2000-07-23-08:56,부산,2000-07-23,08:56,-30,1,planetHouses,6.2333,4
부산-2000-07-23-08:56,부산,2000-07-23,08:56,-15,1,planetHouses,3.1167,3
부산-2000-07-23-08:56,부산,2000-07-23,08:56,-5,1,planetHouses,1.0500,1
부산-2000-07-23-08:56,부산,2000-07-23,08:56,5,0,,1.0333,0
부산-2000-07-23-08:56,부산,2000-07-23,08:56,15,0,,3.1167,0
부산-2000-07-23-08:56,부산,2000-07-23,08:56,30,1,hourPillar|minggongBranch|bodyPalaceBranch|soulStar|planetHouses,6.2500,2
부산-2000-07-23-08:56,부산,2000-07-23,08:56,60,1,hourPillar|minggongBranch|bodyPalaceBranch|soulStar|planetHouses,12.5167,5
부산-2000-07-23-08:56,부산,2000-07-23,08:56,120,1,hourPillar|minggongBranch|bodyPalaceBranch|soulStar|ascSign|mcSign|planetHouses,25.0667,9
부산-2000-07-23-10:10,부산,2000-07-23,10:10,-120,1,hourPillar|minggongBranch|bodyPalaceBranch|soulStar|mcSign|planetHouses,25.0000,10
부산-2000-07-23-10:10,부산,2000-07-23,10:10,-60,1,hourPillar|minggongBranch|bodyPalaceBranch|soulStar|planetHouses,12.5333,5
부산-2000-07-23-10:10,부산,2000-07-23,10:10,-30,1,planetHouses,6.2833,3
부산-2000-07-23-10:10,부산,2000-07-23,10:10,-15,0,,3.1500,0
부산-2000-07-23-10:10,부산,2000-07-23,10:10,-5,0,,1.0500,0
부산-2000-07-23-10:10,부산,2000-07-23,10:10,5,1,planetHouses,1.0500,1
부산-2000-07-23-10:10,부산,2000-07-23,10:10,15,1,ascSign|mcSign|planetHouses,3.1333,1
부산-2000-07-23-10:10,부산,2000-07-23,10:10,30,1,ascSign|mcSign|planetHouses,6.2667,3
부산-2000-07-23-10:10,부산,2000-07-23,10:10,60,1,ascSign|mcSign|planetHouses,12.5500,5
부산-2000-07-23-10:10,부산,2000-07-23,10:10,120,1,hourPillar|minggongBranch|bodyPalaceBranch|soulStar|ascSign|mcSign|planetHouses,25.0333,12
부산-2000-07-23-12:24,부산,2000-07-23,12:24,-120,1,hourPillar|minggongBranch|bodyPalaceBranch|soulStar|planetHouses,25.0000,11
부산-2000-07-23-12:24,부산,2000-07-23,12:24,-60,1,planetHouses,12.4667,5
부산-2000-07-23-12:24,부산,2000-07-23,12:24,-30,1,planetHouses,6.2167,3
부산-2000-07-23-12:24,부산,2000-07-23,12:24,-15,0,,3.1167,0
부산-2000-07-23-12:24,부산,2000-07-23,12:24,-5,0,,1.0333,0
부산-2000-07-23-12:24,부산,2000-07-23,12:24,5,1,mcSign,1.0333,0
부산-2000-07-23-12:24,부산,2000-07-23,12:24,15,1,mcSign|planetHouses,3.1000,1
부산-2000-07-23-12:24,부산,2000-07-23,12:24,30,1,ascSign|mcSign|planetHouses,6.1833,3
부산-2000-07-23-12:24,부산,2000-07-23,12:24,60,1,hourPillar|minggongBranch|bodyPalaceBranch|soulStar|ascSign|mcSign|planetHouses,12.3500,5
부산-2000-07-23-12:24,부산,2000-07-23,12:24,120,1,hourPillar|minggongBranch|bodyPalaceBranch|soulStar|ascSign|mcSign|planetHouses,24.6167,9
부산-2000-07-23-14:38,부산,2000-07-23,14:38,-120,1,hourPillar|minggongBranch|bodyPalaceBranch|soulStar|ascSign|mcSign|planetHouses,24.6000,11
부산-2000-07-23-14:38,부산,2000-07-23,14:38,-60,1,mcSign|planetHouses,12.2667,4
부산-2000-07-23-14:38,부산,2000-07-23,14:38,-30,1,mcSign|planetHouses,6.1333,3
부산-2000-07-23-14:38,부산,2000-07-23,14:38,-15,1,mcSign|planetHouses,3.0667,3
부산-2000-07-23-14:38,부산,2000-07-23,14:38,-5,0,,1.0167,0
부산-2000-07-23-14:38,부산,2000-07-23,14:38,5,0,,1.0333,0
부산-2000-07-23-14:38,부산,2000-07-23,14:38,15,1,planetHouses,3.0833,1
부산-2000-07-23-14:38,부산,2000-07-23,14:38,30,1,planetHouses,6.1667,3
부산-2000-07-23-14:38,부산,2000-07-23,14:38,60,1,hourPillar|minggongBranch|bodyPalaceBranch|soulStar|ascSign|planetHouses,12.3833,6
부산-2000-07-23-14:38,부산,2000-07-23,14:38,120,1,hourPillar|minggongBranch|bodyPalaceBranch|soulStar|ascSign|mcSign|planetHouses,25.1000,9
부산-2000-07-23-16:52,부산,2000-07-23,16:52,-120,1,hourPillar|minggongBranch|bodyPalaceBranch|soulStar|ascSign|mcSign|planetHouses,25.2667,11
부산-2000-07-23-16:52,부산,2000-07-23,16:52,-60,1,mcSign|planetHouses,12.8500,7
부산-2000-07-23-16:52,부산,2000-07-23,16:52,-30,1,planetHouses,6.5000,4
부산-2000-07-23-16:52,부산,2000-07-23,16:52,-15,1,planetHouses,3.2667,4
부산-2000-07-23-16:52,부산,2000-07-23,16:52,-5,0,,1.1000,0
부산-2000-07-23-16:52,부산,2000-07-23,16:52,5,0,,1.1000,0
부산-2000-07-23-16:52,부산,2000-07-23,16:52,15,0,,3.3167,0
부산-2000-07-23-16:52,부산,2000-07-23,16:52,30,1,planetHouses,6.7000,3
부산-2000-07-23-16:52,부산,2000-07-23,16:52,60,1,hourPillar|minggongBranch|bodyPalaceBranch|soulStar|ascSign|planetHouses,13.6833,6
부산-2000-07-23-16:52,부산,2000-07-23,16:52,120,1,hourPillar|minggongBranch|bodyPalaceBranch|soulStar|ascSign|mcSign|planetHouses,28.7833,9
부산-2000-07-23-18:06,부산,2000-07-23,18:06,-120,1,hourPillar|minggongBranch|bodyPalaceBranch|soulStar|ascSign|mcSign|planetHouses,26.9500,10
부산-2000-07-23-18:06,부산,2000-07-23,18:06,-60,1,hourPillar|minggongBranch|bodyPalaceBranch|soulStar|ascSign|planetHouses,13.9500,6
부산-2000-07-23-18:06,부산,2000-07-23,18:06,-30,1,planetHouses,7.1333,2
부산-2000-07-23-18:06,부산,2000-07-23,18:06,-15,0,,3.6000,0
부산-2000-07-23-18:06,부산,2000-07-23,18:06,-5,0,,1.2000,0
부산-2000-07-23-18:06,부산,2000-07-23,18:06,5,1,mcSign,1.2333,0
부산-2000-07-23-18:06,부산,2000-07-23,18:06,15,1,mcSign|planetHouses,3.7167,2
부산-2000-07-23-18:06,부산,2000-07-23,18:06,30,1,mcSign|planetHouses,7.5333,3
부산-2000-07-23-18:06,부산,2000-07-23,18:06,60,1,mcSign|planetHouses,15.5333,4
부산-2000-07-23-18:06,부산,2000-07-23,18:06,120,1,hourPillar|minggongBranch|bodyPalaceBranch|soulStar|ascSign|mcSign|planetHouses,33.3500,11
부산-2000-07-23-20:20,부산,2000-07-23,20:20,-120,1,hourPillar|minggongBranch|bodyPalaceBranch|soulStar|ascSign|mcSign|planetHouses,34.4333,11
부산-2000-07-23-20:20,부산,2000-07-23,20:20,-60,1,hourPillar|minggongBranch|bodyPalaceBranch|soulStar|ascSign|mcSign|planetHouses,18.4333,5
부산-2000-07-23-20:20,부산,2000-07-23,20:20,-30,1,mcSign|planetHouses,9.5667,3
부산-2000-07-23-20:20,부산,2000-07-23,20:20,-15,1,mcSign|planetHouses,4.8833,1
부산-2000-07-23-20:20,부산,2000-07-23,20:20,-5,0,,1.6500,0
부산-2000-07-23-20:20,부산,2000-07-23,20:20,5,0,,1.6500,0
부산-2000-07-23-20:20,부산,2000-07-23,20:20,15,1,planetHouses,5.0500,2
부산-2000-07-23-20:20,부산,2000-07-23,20:20,30,1,planetHouses,10.2667,5
부산-2000-07-23-20:20,부산,2000-07-23,20:20,60,1,ascSign|planetHouses,21.2167,8
부산-2000-07-23-20:20,부산,2000-07-23,20:20,120,1,hourPillar|minggongBranch|bodyPalaceBranch|soulStar|ascSign|mcSign|planetHouses,44.4667,12
부산-2000-07-23-22:34,부산,2000-07-23,22:34,-120,1,hourPillar|minggongBranch|bodyPalaceBranch|soulStar|ascSign|mcSign|planetHouses,45.2667,12
부산-2000-07-23-22:34,부산,2000-07-23,22:34,-60,1,ascSign|mcSign|planetHouses,23.4333,8
부산-2000-07-23-22:34,부산,2000-07-23,22:34,-30,1,ascSign|mcSign|planetHouses,11.7833,6
부산-2000-07-23-22:34,부산,2000-07-23,22:34,-15,1,planetHouses,5.9000,4
부산-2000-07-23-22:34,부산,2000-07-23,22:34,-5,1,planetHouses,1.9667,1
부산-2000-07-23-22:34,부산,2000-07-23,22:34,5,0,,1.9500,0
부산-2000-07-23-22:34,부산,2000-07-23,22:34,15,0,,5.8500,0
부산-2000-07-23-22:34,부산,2000-07-23,22:34,30,1,planetHouses,11.6167,1
부산-2000-07-23-22:34,부산,2000-07-23,22:34,60,1,hourPillar|minggongBranch|bodyPalaceBranch|soulStar|planetHouses,22.7833,5
부산-2000-07-23-22:34,부산,2000-07-23,22:34,120,1,dayPillar|hourPillar|minggongBranch|bodyPalaceBranch|soulStar|ascSign|mcSign|planetHouses,43.1333,12
부산-2000-08-03-00:00,부산,2000-08-03,00:00,-120,1,hourPillar|minggongBranch|bodyPalaceBranch|soulStar|ascSign|mcSign|planetHouses,42.7167,12
부산-2000-08-03-00:00,부산,2000-08-03,00:00,-60,1,hourPillar|minggongBranch|bodyPalaceBranch|soulStar|mcSign|planetHouses,20.1000,8
부산-2000-08-03-00:00,부산,2000-08-03,00:00,-30,1,mcSign|planetHouses,9.7000,2
부산-2000-08-03-00:00,부산,2000-08-03,00:00,-15,1,mcSign|planetHouses,4.7667,1
부산-2000-08-03-00:00,부산,2000-08-03,00:00,-5,0,,1.5667,0
부산-2000-08-03-00:00,부산,2000-08-03,00:00,5,0,,1.5333,0
부산-2000-08-03-00:00,부산,2000-08-03,00:00,15,1,planetHouses,4.5667,1
부산-2000-08-03-00:00,부산,2000-08-03,00:00,30,1,dayPillar|ascSign|planetHouses,8.9833,3
부산-2000-08-03-00:00,부산,2000-08-03,00:00,60,1,dayPillar|ascSign|planetHouses,17.3500,8
부산-2000-08-03-00:00,부산,2000-08-03,00:00,120,1,dayPillar|hourPillar|minggongBranch|bodyPalaceBranch|soulStar|ascSign|mcSign|planetHouses,32.5500,12
부산-2000-08-03-02:14,부산,2000-08-03,02:14,-120,1,dayPillar|hourPillar|minggongBranch|bodyPalaceBranch|soulStar|ascSign|mcSign|planetHouses,31.6000,12
부산-2000-08-03-02:14,부산,2000-08-03,02:14,-60,1,hourPillar|minggongBranch|bodyPalaceBranch|soulStar|mcSign|planetHouses,14.8000,4
부산-2000-08-03-02:14,부산,2000-08-03,02:14,-30,1,mcSign|planetHouses,7.2000,2
부산-2000-08-03-02:14,부산,2000-08-03,02:14,-15,1,planetHouses,3.5500,1
부산-2000-08-03-02:14,부산,2000-08-03,02:14,-5,1,planetHouses,1.1833,1
부산-2000-08-03-02:14,부산,2000-08-03,02:14,5,0,,1.1667,0
부산-2000-08-03-02:14,부산,2000-08-03,02:14,15,1,ascSign,3.4667,0
부산-2000-08-03-02:14,부산,2000-08-03,02:14,30,1,ascSign|planetHouses,6.8667,3
부산-2000-08-03-02:14,부산,2000-08-03,02:14,60,1,ascSign|planetHouses,13.5000,8
부산-2000-08-03-02:14,부산,2000-08-03,02:14,120,1,hourPillar|minggongBranch|bodyPalaceBranch|soulStar|ascSign|mcSign|planetHouses,26.2500,12
부산-2000-08-03-04:28,부산,2000-08-03,04:28,-120,1,hourPillar|minggongBranch|bodyPalaceBranch|soulStar|mcSign|planetHouses,25.9167,12
부산-2000-08-03-04:28,부산,2000-08-03,04:28,-60,1,mcSign|planetHouses,12.6333,5
부산-2000-08-03-04:28,부산,2000-08-03,04:28,-30,1,planetHouses,6.2500,3
부산-2000-08-03-04:28,부산,2000-08-03,04:28,-15,1,planetHouses,3.1167,2
부산-2000-08-03-04:28,부산,2000-08-03,04:28,-5,0,,1.0333,0
부산-2000-08-03-04:28,부산,2000-08-03,04:28,5,0,,1.0333,0
부산-2000-08-03-04:28,부산,2000-08-03,04:28,15,1,planetHouses,3.1000,1
부산-2000-08-03-04:28,부산,2000-08-03,04:28,30,1,ascSign|planetHouses,6.2000,3
부산-2000-08-03-04:28,부산,2000-08-03,04:28,60,1,hourPillar|minggongBranch|bodyPalaceBranch|soulStar|ascSign|planetHouses,12.3333,6
부산-2000-08-03-04:28,부산,2000-08-03,04:28,120,1,hourPillar|minggongBranch|bodyPalaceBranch|soulStar|ascSign|mcSign|planetHouses,24.6167,9
부산-2000-08-03-06:42,부산,2000-08-03,06:42,-120,1,hourPillar|minggongBranch|bodyPalaceBranch|soulStar|ascSign|mcSign|planetHouses,24.5833,12
부산-2000-08-03-06:42,부산,2000-08-03,06:42,-60,1,planetHouses,12.2833,5
부산-2000-08-03-06:42,부산,2000-08-03,06:42,-30,1,planetHouses,6.1333,4
부산-2000-08-03-06:42,부산,2000-08-03,06:42,-15,1,planetHouses,3.0667,3
부산-2000-08-03-06:42,부산,2000-08-03,06:42,-5,0,,1.0167,0
부산-2000-08-03-06:42,부산,2000-08-03,06:42,5,0,,1.0333,0
부산-2000-08-03-06:42,부산,2000-08-03,06:42,15,1,planetHouses,3.0833,2
부산-2000-08-03-06:42,부산,2000-08-03,06:42,30,1,ascSign|planetHouses,6.1833,3
부산-2000-08-03-06:42,부산,2000-08-03,06:42,60,1,hourPillar|minggongBranch|bodyPalaceBranch|soulStar|ascSign|mcSign|planetHouses,12.3833,5
부산-2000-08-03-06:42,부산,2000-08-03,06:42,120,1,hourPillar|minggongBranch|bodyPalaceBranch|soulStar|ascSign|mcSign|planetHouses,24.8500,9
부산-2000-08-03-08:56,부산,2000-08-03,08:56,-120,1,hourPillar|minggongBranch|bodyPalaceBranch|soulStar|ascSign|mcSign|planetHouses,24.9000,9
부산-2000-08-03-08:56,부산,2000-08-03,08:56,-60,1,planetHouses,12.5000,4
부산-2000-08-03-08:56,부산,2000-08-03,08:56,-30,1,planetHouses,6.2667,3
부산-2000-08-03-08:56,부산,2000-08-03,08:56,-15,1,planetHouses,3.1333,2
부산-2000-08-03-08:56,부산,2000-08-03,08:56,-5,1,planetHouses,1.0500,2
부산-2000-08-03-08:56,부산,2000-08-03,08:56,5,1,planetHouses,1.0500,2
부산-2000-08-03-08:56,부산,2000-08-03,08:56,15,1,planetHouses,3.1333,3
부산-2000-08-03-08:56,부산,2000-08-03,08:56,30,1,hourPillar|minggongBranch|bodyPalaceBranch|soulStar|planetHouses,6.2667,3
부산-2000-08-03-08:56,부산,2000-08-03,08:56,60,1,hourPillar|minggongBranch|bodyPalaceBranch|soulStar|ascSign|mcSign|planetHouses,12.5500,6
부산-2000-08-03-08:56,부산,2000-08-03,08:56,120,1,hourPillar|minggongBranch|bodyPalaceBranch|soulStar|ascSign|mcSign|planetHouses,25.0833,10
부산-2000-08-03-10:10,부산,2000-08-03,10:10,-120,1,hourPillar|minggongBranch|bodyPalaceBranch|soulStar|ascSign|mcSign|planetHouses,25.0833,10
부산-2000-08-03-10:10,부산,2000-08-03,10:10,-60,1,hourPillar|minggongBranch|bodyPalaceBranch|soulStar|ascSign|mcSign|planetHouses,12.5500,3
부산-2000-08-03-10:10,부산,2000-08-03,10:10,-30,1,planetHouses,6.2833,2
부산-2000-08-03-10:10,부산,2000-08-03,10:10,-15,0,,3.1500,0
부산-2000-08-03-10:10,부산,2000-08-03,10:10,-5,0,,1.0500,0
부산-2000-08-03-10:10,부산,2000-08-03,10:10,5,1,planetHouses,1.0333,2
부산-2000-08-03-10:10,부산,2000-08-03,10:10,15,1,planetHouses,3.1333,2
부산-2000-08-03-10:10,부산,2000-08-03,10:10,30,1,planetHouses,6.2667,3
부산-2000-08-03-10:10,부산,2000-08-03,10:10,60,1,planetHouses,12.5000,5
부산-2000-08-03-10:10,부산,2000-08-03,10:10,120,1,hourPillar|minggongBranch|bodyPalaceBranch|soulStar|ascSign|mcSign|planetHouses,24.9167,12
부산-2000-08-03-12:24,부산,2000-08-03,12:24,-120,1,hourPillar|minggongBranch|bodyPalaceBranch|soulStar|ascSign|mcSign|planetHouses,24.8833,10
부산-2000-08-03-12:24,부산,2000-08-03,12:24,-60,1,ascSign|mcSign|planetHouses,12.3833,3
부산-2000-08-03-12:24,부산,2000-08-03,12:24,-30,1,ascSign|planetHouses,6.1833,2
부산-2000-08-03-12:24,부산,2000-08-03,12:24,-15,0,,3.1000,0
부산-2000-08-03-12:24,부산,2000-08-03,12:24,-5,0,,1.0333,0
부산-2000-08-03-12:24,부산,2000-08-03,12:24,5,0,,1.0167,0
부산-2000-08-03-12:24,부산,2000-08-03,12:24,15,1,planetHouses,3.0667,2
부산-2000-08-03-12:24,부산,2000-08-03,12:24,30,1,planetHouses,6.1500,2
부산-2000-08-03-12:24,부산,2000-08-03,12:24,60,1,hourPillar|minggongBranch|bodyPalaceBranch|soulStar|planetHouses,12.2833,5
부산-2000-08-03-12:24,부산,2000-08-03,12:24,120,1,hourPillar|minggongBranch|bodyPalaceBranch|soulStar|mcSign|planetHouses,24.5833,11
부산-2000-08-03-14:38,부산,2000-08-03,14:38,-120,1,hourPillar|minggongBranch|bodyPalaceBranch|soulStar|ascSign|mcSign|planetHouses,24.6000,10
부산-2000-08-03-14:38,부산,2000-08-03,14:38,-60,1,ascSign|mcSign|planetHouses,12.3167,5
부산-2000-08-03-14:38,부산,2000-08-03,14:38,-30,1,ascSign|planetHouses,6.1833,3
부산-2000-08-03-14:38,부산,2000-08-03,14:38,-15,1,ascSign|planetHouses,3.1000,2
부산-2000-08-03-14:38,부산,2000-08-03,14:38,-5,0,,1.0333,0
부산-2000-08-03-14:38,부산,2000-08-03,14:38,5,0,,1.0333,0
부산-2000-08-03-14:38,부산,2000-08-03,14:38,15,1,planetHouses,3.1167,1
부산-2000-08-03-14:38,부산,2000-08-03,14:38,30,1,planetHouses,6.2500,2
부산-2000-08-03-14:38,부산,2000-08-03,14:38,60,1,hourPillar|minggongBranch|bodyPalaceBranch|soulStar|mcSign|planetHouses,12.5833,5
부산-2000-08-03-14:38,부산,2000-08-03,14:38,120,1,hourPillar|minggongBranch|bodyPalaceBranch|soulStar|mcSign|planetHouses,25.7833,11
부산-2000-08-03-16:52,부산,2000-08-03,16:52,-120,1,hourPillar|minggongBranch|bodyPalaceBranch|soulStar|ascSign|mcSign|planetHouses,26.1000,11
부산-2000-08-03-16:52,부산,2000-08-03,16:52,-60,1,ascSign|planetHouses,13.4000,7
부산-2000-08-03-16:52,부산,2000-08-03,16:52,-30,1,ascSign|planetHouses,6.8167,3
부산-2000-08-03-16:52,부산,2000-08-03,16:52,-15,1,ascSign|planetHouses,3.4500,1
부산-2000-08-03-16:52,부산,2000-08-03,16:52,-5,0,,1.1500,0
부산-2000-08-03-16:52,부산,2000-08-03,16:52,5,1,planetHouses,1.1667,1
부산-2000-08-03-16:52,부산,2000-08-03,16:52,15,1,planetHouses,3.5167,2
부산-2000-08-03-16:52,부산,2000-08-03,16:52,30,1,planetHouses,7.1167,3
부산-2000-08-03-16:52,부산,2000-08-03,16:52,60,1,hourPillar|minggongBranch|bodyPalaceBranch|soulStar|mcSign|planetHouses,14.6333,6
부산-2000-08-03-16:52,부산,2000-08-03,16:52,120,1,hourPillar|minggongBranch|bodyPalaceBranch|soulStar|ascSign|mcSign|planetHouses,31.1833,11
부산-2000-08-03-18:06,부산,2000-08-03,18:06,-120,1,hourPillar|minggongBranch|bodyPalaceBranch|soulStar|ascSign|mcSign|planetHouses,28.6500,9
부산-2000-08-03-18:06,부산,2000-08-03,18:06,-60,1,hourPillar|minggongBranch|bodyPalaceBranch|soulStar|mcSign|planetHouses,15.0167,4
부산-2000-08-03-18:06,부산,2000-08-03,18:06,-30,1,planetHouses,7.7167,2
부산-2000-08-03-18:06,부산,2000-08-03,18:06,-15,1,planetHouses,3.9167,1
부산-2000-08-03-18:06,부산,2000-08-03,18:06,-5,0,,1.3167,0
부산-2000-08-03-18:06,부산,2000-08-03,18:06,5,0,,1.3333,0
부산-2000-08-03-18:06,부산,2000-08-03,18:06,15,1,planetHouses,4.0500,4
부산-2000-08-03-18:06,부산,2000-08-03,18:06,30,1,planetHouses,8.2500,5
부산-2000-08-03-18:06,부산,2000-08-03,18:06,60,1,ascSign|planetHouses,17.1000,7
부산-2000-08-03-18:06,부산,2000-08-03,18:06,120,1,hourPillar|minggongBranch|bodyPalaceBranch|soulStar|ascSign|mcSign|planetHouses,36.9000,12
부산-2000-08-03-20:20,부산,2000-08-03,20:20,-120,1,hourPillar|minggongBranch|bodyPalaceBranch|soulStar|ascSign|mcSign|planetHouses,38.1500,12
부산-2000-08-03-20:20,부산,2000-08-03,20:20,-60,1,hourPillar|minggongBranch|bodyPalaceBranch|soulStar|ascSign|mcSign|planetHouses,20.4667,10
부산-2000-08-03-20:20,부산,2000-08-03,20:20,-30,1,ascSign|planetHouses,10.5833,6
부산-2000-08-03-20:20,부산,2000-08-03,20:20,-15,1,ascSign|planetHouses,5.3833,1
부산-2000-08-03-20:20,부산,2000-08-03,20:20,-5,1,ascSign,1.8167,0
부산-2000-08-03-20:20,부산,2000-08-03,20:20,5,0,,1.8333,0
부산-2000-08-03-20:20,부산,2000-08-03,20:20,15,1,planetHouses,5.5333,1
부산-2000-08-03-20:20,부산,2000-08-03,20:20,30,1,planetHouses,11.2167,2
부산-2000-08-03-20:20,부산,2000-08-03,20:20,60,1,planetHouses,22.8500,4
부산-2000-08-03-20:20,부산,2000-08-03,20:20,120,1,hourPillar|minggongBranch|bodyPalaceBranch|soulStar|ascSign|mcSign|planetHouses,46.2667,12
부산-2000-08-03-22:34,부산,2000-08-03,22:34,-120,1,hourPillar|minggongBranch|bodyPalaceBranch|soulStar|ascSign|mcSign|planetHouses,46.3833,12
부산-2000-08-03-22:34,부산,2000-08-03,22:34,-60,1,ascSign|mcSign|planetHouses,23.2000,7
부산-2000-08-03-22:34,부산,2000-08-03,22:34,-30,1,planetHouses,11.4500,2
부산-2000-08-03-22:34,부산,2000-08-03,22:34,-15,1,planetHouses,5.6667,1
부산-2000-08-03-22:34,부산,2000-08-03,22:34,-5,0,,1.8833,0
부산-2000-08-03-22:34,부산,2000-08-03,22:34,5,0,,1.8667,0
부산-2000-08-03-22:34,부산,2000-08-03,22:34,15,1,planetHouses,5.5333,2
부산-2000-08-03-22:34,부산,2000-08-03,22:34,30,1,ascSign|planetHouses,10.9000,2
부산-2000-08-03-22:34,부산,2000-08-03,22:34,60,1,hourPillar|minggongBranch|bodyPalaceBranch|soulStar|ascSign|planetHouses,21.1167,9
부산-2000-08-03-22:34,부산,2000-08-03,22:34,120,1,dayPillar|hourPillar|minggongBranch|bodyPalaceBranch|soulStar|ascSign|mcSign|planetHouses,39.4333,12
부산-2000-09-10-00:00,부산,2000-09-10,00:00,-120,1,hourPillar|minggongBranch|bodyPalaceBranch|soulStar|ascSign|mcSign|planetHouses,30.6167,12
부산-2000-09-10-00:00,부산,2000-09-10,00:00,-60,1,hourPillar|minggongBranch|bodyPalaceBranch|soulStar|ascSign|mcSign|planetHouses,14.4167,5
부산-2000-09-10-00:00,부산,2000-09-10,00:00,-30,1,ascSign|planetHouses,7.0333,3
부산-2000-09-10-00:00,부산,2000-09-10,00:00,-15,1,ascSign|planetHouses,3.4667,3
부산-2000-09-10-00:00,부산,2000-09-10,00:00,-5,1,ascSign|planetHouses,1.1500,2
부산-2000-09-10-00:00,부산,2000-09-10,00:00,5,0,,1.1333,0
부산-2000-09-10-00:00,부산,2000-09-10,00:00,15,1,planetHouses,3.4000,1
부산-2000-09-10-00:00,부산,2000-09-10,00:00,30,1,dayPillar|planetHouses,6.7333,3
부산-2000-09-10-00:00,부산,2000-09-10,00:00,60,1,dayPillar|planetHouses,13.2500,8
부산-2000-09-10-00:00,부산,2000-09-10,00:00,120,1,dayPillar|hourPillar|minggongBranch|bodyPalaceBranch|soulStar|mcSign|planetHouses,25.8833,12
부산-2000-09-10-02:14,부산,2000-09-10,02:14,-120,1,dayPillar|hourPillar|minggongBranch|bodyPalaceBranch|soulStar|mcSign|planetHouses,25.6000,12
부산-2000-09-10-02:14,부산,2000-09-10,02:14,-60,1,hourPillar|minggongBranch|bodyPalaceBranch|soulStar|planetHouses,12.5167,5
부산-2000-09-10-02:14,부산,2000-09-10,02:14,-30,1,planetHouses,6.2167,2
부산-2000-09-10-02:14,부산,2000-09-10,02:14,-15,0,,3.1000,0
부산-2000-09-10-02:14,부산,2000-09-10,02:14,-5,0,,1.0333,0
부산-2000-09-10-02:14,부산,2000-09-10,02:14,5,1,ascSign|planetHouses,1.0333,1
부산-2000-09-10-02:14,부산,2000-09-10,02:14,15,1,ascSign|planetHouses,3.1000,2
부산-2000-09-10-02:14,부산,2000-09-10,02:14,30,1,ascSign|planetHouses,6.1667,5
부산-2000-09-10-02:14,부산,2000-09-10,02:14,60,1,ascSign|mcSign|planetHouses,12.3167,5
부산-2000-09-10-02:14,부산,2000-09-10,02:14,120,1,hourPillar|minggongBranch|bodyPalaceBranch|soulStar|ascSign|mcSign|planetHouses,24.6000,12
부산-2000-09-10-04:28,부산,2000-09-10,04:28,-120,1,hourPillar|minggongBranch|bodyPalaceBranch|soulStar|mcSign|planetHouses,24.5833,11
부산-2000-09-10-04:28,부산,2000-09-10,04:28,-60,1,planetHouses,12.3000,6
부산-2000-09-10-04:28,부산,2000-09-10,04:28,-30,1,planetHouses,6.1500,2
부산-2000-09-10-04:28,부산,2000-09-10,04:28,-15,1,planetHouses,3.0833,1
부산-2000-09-10-04:28,부산,2000-09-10,04:28,-5,0,,1.0167,0
부산-2000-09-10-04:28,부산,2000-09-10,04:28,5,0,,1.0333,0
부산-2000-09-10-04:28,부산,2000-09-10,04:28,15,1,ascSign,3.1000,0
부산-2000-09-10-04:28,부산,2000-09-10,04:28,30,1,ascSign|planetHouses,6.2000,2
부산-2000-09-10-04:28,부산,2000-09-10,04:28,60,1,hourPillar|minggongBranch|bodyPalaceBranch|soulStar|ascSign|mcSign|planetHouses,12.4000,4
부산-2000-09-10-04:28,부산,2000-09-10,04:28,120,1,hourPillar|minggongBranch|bodyPalaceBranch|soulStar|ascSign|mcSign|planetHouses,24.9167,11
부산-2000-09-10-06:42,부산,2000-09-10,06:42,-120,1,hourPillar|minggongBranch|bodyPalaceBranch|soulStar|ascSign|mcSign|planetHouses,24.9500,12
부산-2000-09-10-06:42,부산,2000-09-10,06:42,-60,1,planetHouses,12.5167,7
부산-2000-09-10-06:42,부산,2000-09-10,06:42,-30,1,planetHouses,6.2667,3
부산-2000-09-10-06:42,부산,2000-09-10,06:42,-15,1,planetHouses,3.1333,1
부산-2000-09-10-06:42,부산,2000-09-10,06:42,-5,0,,1.0500,0
부산-2000-09-10-06:42,부산,2000-09-10,06:42,5,0,,1.0500,0
부산-2000-09-10-06:42,부산,2000-09-10,06:42,15,0,,3.1333,0
부산-2000-09-10-06:42,부산,2000-09-10,06:42,30,1,ascSign|mcSign|planetHouses,6.2833,1
부산-2000-09-10-06:42,부산,2000-09-10,06:42,60,1,hourPillar|minggongBranch|bodyPalaceBranch|soulStar|ascSign|mcSign|planetHouses,12.5500,4
부산-2000-09-10-06:42,부산,2000-09-10,06:42,120,1,hourPillar|minggongBranch|bodyPalaceBranch|soulStar|ascSign|mcSign|planetHouses,25.0667,11
부산-2000-09-10-08:56,부산,2000-09-10,08:56,-120,1,hourPillar|minggongBranch|bodyPalaceBranch|soulStar|ascSign|mcSign|planetHouses,25.0333,12
부산-2000-09-10-08:56,부산,2000-09-10,08:56,-60,1,planetHouses,12.4833,8
부산-2000-09-10-08:56,부산,2000-09-10,08:56,-30,1,planetHouses,6.2333,3
부산-2000-09-10-08:56,부산,2000-09-10,08:56,-15,1,planetHouses,3.1167,1
부산-2000-09-10-08:56,부산,2000-09-10,08:56,-5,0,,1.0333,0
부산-2000-09-10-08:56,부산,2000-09-10,08:56,5,0,,1.0333,0
부산-2000-09-10-08:56,부산,2000-09-10,08:56,15,0,,3.1000,0
부산-2000-09-10-08:56,부산,2000-09-10,08:56,30,1,hourPillar|minggongBranch|bodyPalaceBranch|soulStar|mcSign|planetHouses,6.2000,1
부산-2000-09-10-08:56,부산,2000-09-10,08:56,60,1,hourPillar|minggongBranch|bodyPalaceBranch|soulStar|ascSign|mcSign|planetHouses,12.3833,4
부산-2000-09-10-08:56,부산,2000-09-10,08:56,120,1,hourPillar|minggongBranch|bodyPalaceBranch|soulStar|ascSign|mcSign|planetHouses,24.6667,9
부산-2000-09-10-10:10,부산,2000-09-10,10:10,-120,1,hourPillar|minggongBranch|bodyPalaceBranch|soulStar|ascSign|mcSign|planetHouses,24.8167,10
부산-2000-09-10-10:10,부산,2000-09-10,10:10,-60,1,hourPillar|minggongBranch|bodyPalaceBranch|soulStar|ascSign|mcSign|planetHouses,12.3500,5
부산-2000-09-10-10:10,부산,2000-09-10,10:10,-30,1,planetHouses,6.1667,2
부산-2000-09-10-10:10,부산,2000-09-10,10:10,-15,1,planetHouses,3.0667,1
부산-2000-09-10-10:10,부산,2000-09-10,10:10,-5,0,,1.0167,0
부산-2000-09-10-10:10,부산,2000-09-10,10:10,5,0,,1.0333,0
부산-2000-09-10-10:10,부산,2000-09-10,10:10,15,1,planetHouses,3.0833,2
부산-2000-09-10-10:10,부산,2000-09-10,10:10,30,1,planetHouses,6.1500,4
부산-2000-09-10-10:10,부산,2000-09-10,10:10,60,1,planetHouses,12.2833,7
부산-2000-09-10-10:10,부산,2000-09-10,10:10,120,1,hourPillar|minggongBranch|bodyPalaceBranch|soulStar|ascSign|mcSign|planetHouses,24.6167,12
부산-2000-09-10-12:24,부산,2000-09-10,12:24,-120,1,hourPillar|minggongBranch|bodyPalaceBranch|soulStar|ascSign|mcSign|planetHouses,24.6500,12
부산-2000-09-10-12:24,부산,2000-09-10,12:24,-60,1,ascSign|planetHouses,12.3667,5
부산-2000-09-10-12:24,부산,2000-09-10,12:24,-30,1,ascSign|planetHouses,6.2167,4
부산-2000-09-10-12:24,부산,2000-09-10,12:24,-15,1,planetHouses,3.1167,1
부산-2000-09-10-12:24,부산,2000-09-10,12:24,-5,1,planetHouses,1.0333,1
부산-2000-09-10-12:24,부산,2000-09-10,12:24,5,0,,1.0333,0
부산-2000-09-10-12:24,부산,2000-09-10,12:24,15,0,,3.1333,0
부산-2000-09-10-12:24,부산,2000-09-10,12:24,30,1,planetHouses,6.2833,3
부산-2000-09-10-12:24,부산,2000-09-10,12:24,60,1,hourPillar|minggongBranch|bodyPalaceBranch|soulStar|mcSign|planetHouses,12.7000,7
부산-2000-09-10-12:24,부산,2000-09-10,12:24,120,1,hourPillar|minggongBranch|bodyPalaceBranch|soulStar|ascSign|mcSign|planetHouses,26.1333,11
부산-2000-09-10-14:38,부산,2000-09-10,14:38,-120,1,hourPillar|minggongBranch|bodyPalaceBranch|soulStar|ascSign|mcSign|planetHouses,26.5000,12
부산-2000-09-10-14:38,부산,2000-09-10,14:38,-60,1,ascSign|planetHouses,13.6667,7
부산-2000-09-10-14:38,부산,2000-09-10,14:38,-30,1,ascSign|planetHouses,6.9667,5
부산-2000-09-10-14:38,부산,2000-09-10,14:38,-15,1,planetHouses,3.5167,3
부산-2000-09-10-14:38,부산,2000-09-10,14:38,-5,0,,1.1833,0
부산-2000-09-10-14:38,부산,2000-09-10,14:38,5,0,,1.1833,0
부산-2000-09-10-14:38,부산,2000-09-10,14:38,15,0,,3.6000,0
부산-2000-09-10-14:38,부산,2000-09-10,14:38,30,1,mcSign|planetHouses,7.3167,1
부산-2000-09-10-14:38,부산,2000-09-10,14:38,60,1,hourPillar|minggongBranch|bodyPalaceBranch|soulStar|mcSign|planetHouses,15.0500,4
부산-2000-09-10-14:38,부산,2000-09-10,14:38,120,1,hourPillar|minggongBranch|bodyPalaceBranch|soulStar|ascSign|mcSign|planetHouses,32.2167,11
부산-2000-09-10-16:52,부산,2000-09-10,16:52,-120,1,hourPillar|minggongBranch|bodyPalaceBranch|soulStar|ascSign|mcSign|planetHouses,33.2333,12
부산-2000-09-10-16:52,부산,2000-09-10,16:52,-60,1,ascSign|planetHouses,17.7500,5
부산-2000-09-10-16:52,부산,2000-09-10,16:52,-30,1,planetHouses,9.2000,3
부산-2000-09-10-16:52,부산,2000-09-10,16:52,-15,1,planetHouses,4.6833,1
부산-2000-09-10-16:52,부산,2000-09-10,16:52,-5,0,,1.5833,0
부산-2000-09-10-16:52,부산,2000-09-10,16:52,5,1,mcSign,1.6000,0
부산-2000-09-10-16:52,부산,2000-09-10,16:52,15,1,mcSign|planetHouses,4.8667,1
부산-2000-09-10-16:52,부산,2000-09-10,16:52,30,1,mcSign|planetHouses,9.9167,3
부산-2000-09-10-16:52,부산,2000-09-10,16:52,60,1,hourPillar|minggongBranch|bodyPalaceBranch|soulStar|ascSign|mcSign|planetHouses,20.5333,9
부산-2000-09-10-16:52,부산,2000-09-10,16:52,120,1,hourPillar|minggongBranch|bodyPalaceBranch|soulStar|ascSign|mcSign|planetHouses,43.4167,12
부산-2000-09-10-18:06,부산,2000-09-10,18:06,-120,1,hourPillar|minggongBranch|bodyPalaceBranch|soulStar|ascSign|mcSign|planetHouses,39.5333,12
부산-2000-09-10-18:06,부산,2000-09-10,18:06,-60,1,hourPillar|minggongBranch|bodyPalaceBranch|soulStar|ascSign|planetHouses,21.1667,8
부산-2000-09-10-18:06,부산,2000-09-10,18:06,-30,1,ascSign|planetHouses,10.9167,3
부산-2000-09-10-18:06,부산,2000-09-10,18:06,-15,0,,5.5333,0
부산-2000-09-10-18:06,부산,2000-09-10,18:06,-5,0,,1.8667,0
부산-2000-09-10-18:06,부산,2000-09-10,18:06,5,1,planetHouses,1.8833,1
부산-2000-09-10-18:06,부산,2000-09-10,18:06,15,1,planetHouses,5.6833,1
부산-2000-09-10-18:06,부산,2000-09-10,18:06,30,1,planetHouses,11.4667,3
부산-2000-09-10-18:06,부산,2000-09-10,18:06,60,1,ascSign|mcSign|planetHouses,23.2167,7
부산-2000-09-10-18:06,부산,2000-09-10,18:06,120,1,hourPillar|minggongBranch|bodyPalaceBranch|soulStar|ascSign|mcSign|planetHouses,46.3833,12
부산-2000-09-10-20:20,부산,2000-09-10,20:20,-120,1,hourPillar|minggongBranch|bodyPalaceBranch|soulStar|ascSign|mcSign|planetHouses,46.2500,12
부산-2000-09-10-20:20,부산,2000-09-10,20:20,-60,1,hourPillar|minggongBranch|bodyPalaceBranch|soulStar|planetHouses,22.8167,5
부산-2000-09-10-20:20,부산,2000-09-10,20:20,-30,1,planetHouses,11.2000,2
부산-2000-09-10-20:20,부산,2000-09-10,20:20,-15,1,planetHouses,5.5333,2
부산-2000-09-10-20:20,부산,2000-09-10,20:20,-5,1,planetHouses,1.8333,1
부산-2000-09-10-20:20,부산,2000-09-10,20:20,5,1,ascSign,1.8000,0
부산-2000-09-10-20:20,부산,2000-09-10,20:20,15,1,ascSign|planetHouses,5.3667,1
부산-2000-09-10-20:20,부산,2000-09-10,20:20,30,1,ascSign|planetHouses,10.5500,4
부산-2000-09-10-20:20,부산,2000-09-10,20:20,60,1,ascSign|mcSign|planetHouses,20.4000,8
부산-2000-09-10-20:20,부산,2000-09-10,20:20,120,1,hourPillar|minggongBranch|bodyPalaceBranch|soulStar|ascSign|mcSign|planetHouses,38.0500,12
부산-2000-09-10-22:34,부산,2000-09-10,22:34,-120,1,hourPillar|minggongBranch|bodyPalaceBranch|soulStar|ascSign|mcSign|planetHouses,36.8167,12
부산-2000-09-10-22:34,부산,2000-09-10,22:34,-60,1,ascSign|planetHouses,17.0667,9
부산-2000-09-10-22:34,부산,2000-09-10,22:34,-30,1,planetHouses,8.2333,6
부산-2000-09-10-22:34,부산,2000-09-10,22:34,-15,1,planetHouses,4.0500,4
부산-2000-09-10-22:34,부산,2000-09-10,22:34,-5,1,planetHouses,1.3333,2
부산-2000-09-10-22:34,부산,2000-09-10,22:34,5,0,,1.3167,0
부산-2000-09-10-22:34,부산,2000-09-10,22:34,15,0,,3.9000,0
부산-2000-09-10-22:34,부산,2000-09-10,22:34,30,1,planetHouses,7.7000,1
부산-2000-09-10-22:34,부산,2000-09-10,22:34,60,1,hourPillar|minggongBranch|bodyPalaceBranch|soulStar|mcSign|planetHouses,14.9833,3
부산-2000-09-10-22:34,부산,2000-09-10,22:34,120,1,dayPillar|hourPillar|minggongBranch|bodyPalaceBranch|soulStar|ascSign|mcSign|planetHouses,28.6000,10
부산-2000-10-17-00:00,부산,2000-10-17,00:00,-120,1,hourPillar|minggongBranch|bodyPalaceBranch|soulStar|ascSign|mcSign|planetHouses,25.4000,10
부산-2000-10-17-00:00,부산,2000-10-17,00:00,-60,1,hourPillar|minggongBranch|bodyPalaceBranch|soulStar|ascSign|planetHouses,12.4667,5
부산-2000-10-17-00:00,부산,2000-10-17,00:00,-30,1,ascSign|planetHouses,6.2000,1
부산-2000-10-17-00:00,부산,2000-10-17,00:00,-15,1,ascSign|planetHouses,3.0833,1
부산-2000-10-17-00:00,부산,2000-10-17,00:00,-5,1,planetHouses,1.0333,1
부산-2000-10-17-00:00,부산,2000-10-17,00:00,5,1,planetHouses,1.0333,1
부산-2000-10-17-00:00,부산,2000-10-17,00:00,15,1,planetHouses,3.0833,4
부산-2000-10-17-00:00,부산,2000-10-17,00:00,30,1,dayPillar|planetHouses,6.1500,4
부산-2000-10-17-00:00,부산,2000-10-17,00:00,60,1,dayPillar|mcSign|planetHouses,12.2833,7
부산-2000-10-17-00:00,부산,2000-10-17,00:00,120,1,dayPillar|hourPillar|minggongBranch|bodyPalaceBranch|soulStar|mcSign|planetHouses,24.5833,12
부산-2000-10-17-02:14,부산,2000-10-17,02:14,-120,1,dayPillar|hourPillar|minggongBranch|bodyPalaceBranch|soulStar|mcSign|planetHouses,24.5833,8
부산-2000-10-17-02:14,부산,2000-10-17,02:14,-60,1,hourPillar|minggongBranch|bodyPalaceBranch|soulStar|planetHouses,12.3167,4
부산-2000-10-17-02:14,부산,2000-10-17,02:14,-30,1,planetHouses,6.1667,1
부산-2000-10-17-02:14,부산,2000-10-17,02:14,-15,0,,3.0833,0
부산-2000-10-17-02:14,부산,2000-10-17,02:14,-5,0,,1.0333,0
부산-2000-10-17-02:14,부산,2000-10-17,02:14,5,1,ascSign|planetHouses,1.0333,1
부산-2000-10-17-02:14,부산,2000-10-17,02:14,15,1,ascSign|planetHouses,3.1000,3
부산-2000-10-17-02:14,부산,2000-10-17,02:14,30,1,ascSign|mcSign|planetHouses,6.2000,4
부산-2000-10-17-02:14,부산,2000-10-17,02:14,60,1,ascSign|mcSign|planetHouses,12.4167,5
부산-2000-10-17-02:14,부산,2000-10-17,02:14,120,1,hourPillar|minggongBranch|bodyPalaceBranch|soulStar|ascSign|mcSign|planetHouses,24.9500,12
부산-2000-10-17-04:28,부산,2000-10-17,04:28,-120,1,hourPillar|minggongBranch|bodyPalaceBranch|soulStar|mcSign|planetHouses,24.9833,10
부산-2000-10-17-04:28,부산,2000-10-17,04:28,-60,1,planetHouses,12.5333,6
부산-2000-10-17-04:28,부산,2000-10-17,04:28,-30,1,planetHouses,6.2667,1
부산-2000-10-17-04:28,부산,2000-10-17,04:28,-15,1,planetHouses,3.1333,1
부산-2000-10-17-04:28,부산,2000-10-17,04:28,-5,1,planetHouses,1.0500,1
부산-2000-10-17-04:28,부산,2000-10-17,04:28,5,0,,1.0500,0
부산-2000-10-17-04:28,부산,2000-10-17,04:28,15,1,ascSign|mcSign|planetHouses,3.1500,1
부산-2000-10-17-04:28,부산,2000-10-17,04:28,30,1,ascSign|mcSign|planetHouses,6.2833,3
부산-2000-10-17-04:28,부산,2000-10-17,04:28,60,1,hourPillar|minggongBranch|bodyPalaceBranch|soulStar|ascSign|mcSign|planetHouses,12.5500,3
부산-2000-10-17-04:28,부산,2000-10-17,04:28,120,1,hourPillar|minggongBranch|bodyPalaceBranch|soulStar|ascSign|mcSign|planetHouses,25.0500,11
부산-2000-10-17-06:42,부산,2000-10-17,06:42,-120,1,hourPillar|minggongBranch|bodyPalaceBranch|soulStar|planetHouses,25.0167,11
부산-2000-10-17-06:42,부산,2000-10-17,06:42,-60,1,planetHouses,12.4667,6
부산-2000-10-17-06:42,부산,2000-10-17,06:42,-30,1,planetHouses,6.2333,1
부산-2000-10-17-06:42,부산,2000-10-17,06:42,-15,1,planetHouses,3.1167,1
부산-2000-10-17-06:42,부산,2000-10-17,06:42,-5,0,,1.0333,0
부산-2000-10-17-06:42,부산,2000-10-17,06:42,5,0,,1.0333,0
부산-2000-10-17-06:42,부산,2000-10-17,06:42,15,1,mcSign,3.1000,0
부산-2000-10-17-06:42,부산,2000-10-17,06:42,30,1,ascSign|mcSign|planetHouses,6.1833,3
부산-2000-10-17-06:42,부산,2000-10-17,06:42,60,1,hourPillar|minggongBranch|bodyPalaceBranch|soulStar|ascSign|mcSign|planetHouses,12.3500,3
부산-2000-10-17-06:42,부산,2000-10-17,06:42,120,1,hourPillar|minggongBranch|bodyPalaceBranch|soulStar|ascSign|mcSign|planetHouses,24.6333,12
부산-2000-10-17-08:56,부산,2000-10-17,08:56,-120,1,hourPillar|minggongBranch|bodyPalaceBranch|soulStar|ascSign|mcSign|planetHouses,24.6167,12
부산-2000-10-17-08:56,부산,2000-10-17,08:56,-60,1,mcSign|planetHouses,12.2833,8
부산-2000-10-17-08:56,부산,2000-10-17,08:56,-30,1,mcSign|planetHouses,6.1333,3
부산-2000-10-17-08:56,부산,2000-10-17,08:56,-15,1,mcSign,3.0667,0
부산-2000-10-17-08:56,부산,2000-10-17,08:56,-5,0,,1.0167,0
부산-2000-10-17-08:56,부산,2000-10-17,08:56,5,0,,1.0167,0
부산-2000-10-17-08:56,부산,2000-10-17,08:56,15,0,,3.0667,0
부산-2000-10-17-08:56,부산,2000-10-17,08:56,30,1,hourPillar|minggongBranch|bodyPalaceBranch|soulStar|planetHouses,6.1500,2
부산-2000-10-17-08:56,부산,2000-10-17,08:56,60,1,hourPillar|minggongBranch|bodyPalaceBranch|soulStar|ascSign|planetHouses,12.3500,3
부산-2000-10-17-08:56,부산,2000-10-17,08:56,120,1,hourPillar|minggongBranch|bodyPalaceBranch|soulStar|ascSign|mcSign|planetHouses,25.0333,12
부산-2000-10-17-10:10,부산,2000-10-17,10:10,-120,1,hourPillar|minggongBranch|bodyPalaceBranch|soulStar|ascSign|mcSign|planetHouses,24.6833,8
부산-2000-10-17-10:10,부산,2000-10-17,10:10,-60,1,hourPillar|minggongBranch|bodyPalaceBranch|soulStar|ascSign|planetHouses,12.4000,5
부산-2000-10-17-10:10,부산,2000-10-17,10:10,-30,1,planetHouses,6.2333,2
부산-2000-10-17-10:10,부산,2000-10-17,10:10,-15,1,planetHouses,3.1167,2
부산-2000-10-17-10:10,부산,2000-10-17,10:10,-5,1,planetHouses,1.0333,1
부산-2000-10-17-10:10,부산,2000-10-17,10:10,5,1,planetHouses,1.0500,1
부산-2000-10-17-10:10,부산,2000-10-17,10:10,15,1,planetHouses,3.1667,4
부산-2000-10-17-10:10,부산,2000-10-17,10:10,30,1,planetHouses,6.3333,5
부산-2000-10-17-10:10,부산,2000-10-17,10:10,60,1,mcSign|planetHouses,12.8167,8
부산-2000-10-17-10:10,부산,2000-10-17,10:10,120,1,hourPillar|minggongBranch|bodyPalaceBranch|soulStar|ascSign|mcSign|planetHouses,26.4333,12
부산-2000-10-17-12:24,부산,2000-10-17,12:24,-120,1,hourPillar|minggongBranch|bodyPalaceBranch|soulStar|ascSign|mcSign|planetHouses,26.8333,11
부산-2000-10-17-12:24,부산,2000-10-17,12:24,-60,1,ascSign|planetHouses,13.8833,7
부산-2000-10-17-12:24,부산,2000-10-17,12:24,-30,1,planetHouses,7.0833,5
부산-2000-10-17-12:24,부산,2000-10-17,12:24,-15,1,planetHouses,3.5833,1
부산-2000-10-17-12:24,부산,2000-10-17,12:24,-5,0,,1.2000,0
부산-2000-10-17-12:24,부산,2000-10-17,12:24,5,1,planetHouses,1.2167,1
부산-2000-10-17-12:24,부산,2000-10-17,12:24,15,1,mcSign|planetHouses,3.6833,1
부산-2000-10-17-12:24,부산,2000-10-17,12:24,30,1,mcSign|planetHouses,7.4667,3
부산-2000-10-17-12:24,부산,2000-10-17,12:24,60,1,hourPillar|minggongBranch|bodyPalaceBranch|soulStar|mcSign|planetHouses,15.4000,5
부산-2000-10-17-12:24,부산,2000-10-17,12:24,120,1,hourPillar|minggongBranch|bodyPalaceBranch|soulStar|ascSign|mcSign|planetHouses,33.0500,12
부산-2000-10-17-14:38,부산,2000-10-17,14:38,-120,1,hourPillar|minggongBranch|bodyPalaceBranch|soulStar|ascSign|mcSign|planetHouses,34.1167,11
부산-2000-10-17-14:38,부산,2000-10-17,14:38,-60,1,ascSign|mcSign|planetHouses,18.2500,8
부산-2000-10-17-14:38,부산,2000-10-17,14:38,-30,1,mcSign|planetHouses,9.4667,2
부산-2000-10-17-14:38,부산,2000-10-17,14:38,-15,1,mcSign|planetHouses,4.8167,1
부산-2000-10-17-14:38,부산,2000-10-17,14:38,-5,0,,1.6167,0
부산-2000-10-17-14:38,부산,2000-10-17,14:38,5,1,planetHouses,1.6500,1
부산-2000-10-17-14:38,부산,2000-10-17,14:38,15,1,planetHouses,5.0000,3
부산-2000-10-17-14:38,부산,2000-10-17,14:38,30,1,planetHouses,10.1833,3
부산-2000-10-17-14:38,부산,2000-10-17,14:38,60,1,hourPillar|minggongBranch|bodyPalaceBranch|soulStar|ascSign|planetHouses,21.0667,7
부산-2000-10-17-14:38,부산,2000-10-17,14:38,120,1,hourPillar|minggongBranch|bodyPalaceBranch|soulStar|ascSign|planetHouses,44.2333,12
부산-2000-10-17-16:52,부산,2000-10-17,16:52,-120,1,hourPillar|minggongBranch|bodyPalaceBranch|soulStar|ascSign|mcSign|planetHouses,45.0667,12
부산-2000-10-17-16:52,부산,2000-10-17,16:52,-60,1,ascSign|mcSign|planetHouses,23.4000,6
부산-2000-10-17-16:52,부산,2000-10-17,16:52,-30,1,ascSign|mcSign|planetHouses,11.7833,3
부산-2000-10-17-16:52,부산,2000-10-17,16:52,-15,1,ascSign|mcSign,5.9000,0
부산-2000-10-17-16:52,부산,2000-10-17,16:52,-5,0,,1.9667,0
부산-2000-10-17-16:52,부산,2000-10-17,16:52,5,1,planetHouses,1.9667,2
부산-2000-10-17-16:52,부산,2000-10-17,16:52,15,1,planetHouses,5.8667,3
부산-2000-10-17-16:52,부산,2000-10-17,16:52,30,1,planetHouses,11.6500,4
부산-2000-10-17-16:52,부산,2000-10-17,16:52,60,1,hourPillar|minggongBranch|bodyPalaceBranch|soulStar|planetHouses,22.8833,8
부산-2000-10-17-16:52,부산,2000-10-17,16:52,120,1,hourPillar|minggongBranch|bodyPalaceBranch|soulStar|ascSign|mcSign|planetHouses,43.4167,12
부산-2000-10-17-18:06,부산,2000-10-17,18:06,-120,1,hourPillar|minggongBranch|bodyPalaceBranch|soulStar|ascSign|mcSign|planetHouses,45.9500,12
부산-2000-10-17-18:06,부산,2000-10-17,18:06,-60,1,hourPillar|minggongBranch|bodyPalaceBranch|soulStar|ascSign|planetHouses,22.4500,7
부산-2000-10-17-18:06,부산,2000-10-17,18:06,-30,1,ascSign|planetHouses,10.9667,5
부산-2000-10-17-18:06,부산,2000-10-17,18:06,-15,1,ascSign|planetHouses,5.4000,2
부산-2000-10-17-18:06,부산,2000-10-17,18:06,-5,1,planetHouses,1.7833,2
부산-2000-10-17-18:06,부산,2000-10-17,18:06,5,1,planetHouses,1.7667,1
부산-2000-10-17-18:06,부산,2000-10-17,18:06,15,1,planetHouses,5.2333,2
부산-2000-10-17-18:06,부산,2000-10-17,18:06,30,1,planetHouses,10.2833,4
부산-2000-10-17-18:06,부산,2000-10-17,18:06,60,1,mcSign|planetHouses,19.8667,7
부산-2000-10-17-18:06,부산,2000-10-17,18:06,120,1,hourPillar|minggongBranch|bodyPalaceBranch|soulStar|ascSign|mcSign|planetHouses,37.0167,12
부산-2000-10-17-20:20,부산,2000-10-17,20:20,-120,1,hourPillar|minggongBranch|bodyPalaceBranch|soulStar|ascSign|mcSign|planetHouses,35.8167,12
부산-2000-10-17-20:20,부산,2000-10-17,20:20,-60,1,hourPillar|minggongBranch|bodyPalaceBranch|soulStar|ascSign|planetHouses,16.6000,9
부산-2000-10-17-20:20,부산,2000-10-17,20:20,-30,1,planetHouses,8.0167,5
부산-2000-10-17-20:20,부산,2000-10-17,20:20,-15,1,planetHouses,3.9500,2
부산-2000-10-17-20:20,부산,2000-10-17,20:20,-5,0,,1.3000,0
부산-2000-10-17-20:20,부산,2000-10-17,20:20,5,0,,1.2833,0
부산-2000-10-17-20:20,부산,2000-10-17,20:20,15,1,planetHouses,3.8167,1
부산-2000-10-17-20:20,부산,2000-10-17,20:20,30,1,mcSign|planetHouses,7.5333,2
부산-2000-10-17-20:20,부산,2000-10-17,20:20,60,1,mcSign|planetHouses,14.6667,5
부산-2000-10-17-20:20,부산,2000-10-17,20:20,120,1,hourPillar|minggongBranch|bodyPalaceBranch|soulStar|ascSign|mcSign|planetHouses,28.1000,10
부산-2000-10-17-22:34,부산,2000-10-17,22:34,-120,1,hourPillar|minggongBranch|bodyPalaceBranch|soulStar|ascSign|mcSign|planetHouses,27.5333,11
부산-2000-10-17-22:34,부산,2000-10-17,22:34,-60,1,planetHouses,13.2167,8
부산-2000-10-17-22:34,부산,2000-10-17,22:34,-30,1,planetHouses,6.5000,3
부산-2000-10-17-22:34,부산,2000-10-17,22:34,-15,1,planetHouses,3.2167,3
부산-2000-10-17-22:34,부산,2000-10-17,22:34,-5,1,planetHouses,1.0667,2
부산-2000-10-17-22:34,부산,2000-10-17,22:34,5,1,mcSign,1.0667,0
부산-2000-10-17-22:34,부산,2000-10-17,22:34,15,1,mcSign,3.2000,0
부산-2000-10-17-22:34,부산,2000-10-17,22:34,30,1,mcSign|planetHouses,6.3500,3
부산-2000-10-17-22:34,부산,2000-10-17,22:34,60,1,hourPillar|minggongBranch|bodyPalaceBranch|soulStar|mcSign|planetHouses,12.6000,5
부산-2000-10-17-22:34,부산,2000-10-17,22:34,120,1,dayPillar|hourPillar|minggongBranch|bodyPalaceBranch|soulStar|ascSign|mcSign|planetHouses,24.9333,10
부산-2000-11-24-00:00,부산,2000-11-24,00:00,-120,1,hourPillar|minggongBranch|bodyPalaceBranch|soulStar|ascSign|mcSign|planetHouses,24.6167,10
부산-2000-11-24-00:00,부산,2000-11-24,00:00,-60,1,hourPillar|minggongBranch|bodyPalaceBranch|soulStar|ascSign|planetHouses,12.3333,3
부산-2000-11-24-00:00,부산,2000-11-24,00:00,-30,1,ascSign|planetHouses,6.1833,1
부산-2000-11-24-00:00,부산,2000-11-24,00:00,-15,1,ascSign|planetHouses,3.1000,1
부산-2000-11-24-00:00,부산,2000-11-24,00:00,-5,0,,1.0333,0
부산-2000-11-24-00:00,부산,2000-11-24,00:00,5,1,mcSign|planetHouses,1.0333,1
부산-2000-11-24-00:00,부산,2000-11-24,00:00,15,1,mcSign|planetHouses,3.1000,2
부산-2000-11-24-00:00,부산,2000-11-24,00:00,30,1,dayPillar|mcSign|planetHouses,6.2167,2
부산-2000-11-24-00:00,부산,2000-11-24,00:00,60,1,dayPillar|mcSign|planetHouses,12.4500,6
부산-2000-11-24-00:00,부산,2000-11-24,00:00,120,1,dayPillar|hourPillar|minggongBranch|bodyPalaceBranch|soulStar|mcSign|planetHouses,24.9833,11
부산-2000-11-24-02:14,부산,2000-11-24,02:14,-120,1,dayPillar|hourPillar|minggongBranch|bodyPalaceBranch|soulStar|ascSign|mcSign|planetHouses,25.0167,10
부산-2000-11-24-02:14,부산,2000-11-24,02:14,-60,1,hourPillar|minggongBranch|bodyPalaceBranch|soulStar|ascSign|mcSign|planetHouses,12.5500,2
부산-2000-11-24-02:14,부산,2000-11-24,02:14,-30,1,ascSign|mcSign|planetHouses,6.2833,1
부산-2000-11-24-02:14,부산,2000-11-24,02:14,-15,1,ascSign|mcSign|planetHouses,3.1500,1
부산-2000-11-24-02:14,부산,2000-11-24,02:14,-5,1,ascSign|mcSign|planetHouses,1.0500,1
부산-2000-11-24-02:14,부산,2000-11-24,02:14,5,0,,1.0333,0
부산-2000-11-24-02:14,부산,2000-11-24,02:14,15,1,planetHouses,3.1333,1
부산-2000-11-24-02:14,부산,2000-11-24,02:14,30,1,planetHouses,6.2667,2
부산-2000-11-24-02:14,부산,2000-11-24,02:14,60,1,planetHouses,12.5333,6
부산-2000-11-24-02:14,부산,2000-11-24,02:14,120,1,hourPillar|minggongBranch|bodyPalaceBranch|soulStar|planetHouses,25.0000,11
부산-2000-11-24-04:28,부산,2000-11-24,04:28,-120,1,hourPillar|minggongBranch|bodyPalaceBranch|soulStar|mcSign|planetHouses,24.9833,10
부산-2000-11-24-04:28,부산,2000-11-24,04:28,-60,1,mcSign|planetHouses,12.4500,3
부산-2000-11-24-04:28,부산,2000-11-24,04:28,-30,1,mcSign,6.2167,0
부산-2000-11-24-04:28,부산,2000-11-24,04:28,-15,1,mcSign,3.1000,0
부산-2000-11-24-04:28,부산,2000-11-24,04:28,-5,0,,1.0333,0
부산-2000-11-24-04:28,부산,2000-11-24,04:28,5,1,planetHouses,1.0333,1
부산-2000-11-24-04:28,부산,2000-11-24,04:28,15,1,ascSign|planetHouses,3.0833,2
부산-2000-11-24-04:28,부산,2000-11-24,04:28,30,1,ascSign|planetHouses,6.1667,3
부산-2000-11-24-04:28,부산,2000-11-24,04:28,60,1,hourPillar|minggongBranch|bodyPalaceBranch|soulStar|ascSign|planetHouses,12.3333,6
부산-2000-11-24-04:28,부산,2000-11-24,04:28,120,1,hourPillar|minggongBranch|bodyPalaceBranch|soulStar|ascSign|mcSign|planetHouses,24.6000,12
부산-2000-11-24-06:42,부산,2000-11-24,06:42,-120,1,hourPillar|minggongBranch|bodyPalaceBranch|soulStar|mcSign|planetHouses,24.5833,10
부산-2000-11-24-06:42,부산,2000-11-24,06:42,-60,1,mcSign|planetHouses,12.2667,3
부산-2000-11-24-06:42,부산,2000-11-24,06:42,-30,1,mcSign,6.1333,0
부산-2000-11-24-06:42,부산,2000-11-24,06:42,-15,0,,3.0667,0
부산-2000-11-24-06:42,부산,2000-11-24,06:42,-5,0,,1.0167,0
부산-2000-11-24-06:42,부산,2000-11-24,06:42,5,0,,1.0333,0
부산-2000-11-24-06:42,부산,2000-11-24,06:42,15,1,planetHouses,3.0833,2
부산-2000-11-24-06:42,부산,2000-11-24,06:42,30,1,ascSign|planetHouses,6.1833,5
부산-2000-11-24-06:42,부산,2000-11-24,06:42,60,1,hourPillar|minggongBranch|bodyPalaceBranch|soulStar|ascSign|planetHouses,12.4167,7
부산-2000-11-24-06:42,부산,2000-11-24,06:42,120,1,hourPillar|minggongBranch|bodyPalaceBranch|soulStar|ascSign|mcSign|planetHouses,25.2500,12
부산-2000-11-24-08:56,부산,2000-11-24,08:56,-120,1,hourPillar|minggongBranch|bodyPalaceBranch|soulStar|ascSign|mcSign|planetHouses,25.4500,12
부산-2000-11-24-08:56,부산,2000-11-24,08:56,-60,1,mcSign|planetHouses,12.9667,7
부산-2000-11-24-08:56,부산,2000-11-24,08:56,-30,1,planetHouses,6.5667,4
부산-2000-11-24-08:56,부산,2000-11-24,08:56,-15,1,planetHouses,3.3167,3
부산-2000-11-24-08:56,부산,2000-11-24,08:56,-5,1,planetHouses,1.1167,2
부산-2000-11-24-08:56,부산,2000-11-24,08:56,5,0,,1.1167,0
부산-2000-11-24-08:56,부산,2000-11-24,08:56,15,0,,3.3667,0
부산-2000-11-24-08:56,부산,2000-11-24,08:56,30,1,hourPillar|minggongBranch|bodyPalaceBranch|soulStar|ascSign|planetHouses,6.8000,3
부산-2000-11-24-08:56,부산,2000-11-24,08:56,60,1,hourPillar|minggongBranch|bodyPalaceBranch|soulStar|ascSign|planetHouses,13.9167,4
부산-2000-11-24-08:56,부산,2000-11-24,08:56,120,1,hourPillar|minggongBranch|bodyPalaceBranch|soulStar|ascSign|mcSign|planetHouses,29.3500,12
부산-2000-11-24-10:10,부산,2000-11-24,10:10,-120,1,hourPillar|minggongBranch|bodyPalaceBranch|soulStar|ascSign|mcSign|planetHouses,27.3500,11
부산-2000-11-24-10:10,부산,2000-11-24,10:10,-60,1,hourPillar|minggongBranch|bodyPalaceBranch|soulStar|ascSign|mcSign|planetHouses,14.2000,6
부산-2000-11-24-10:10,부산,2000-11-24,10:10,-30,1,mcSign|planetHouses,7.2667,2
부산-2000-11-24-10:10,부산,2000-11-24,10:10,-15,1,mcSign|planetHouses,3.6833,2
부산-2000-11-24-10:10,부산,2000-11-24,10:10,-5,1,planetHouses,1.2333,1
부산-2000-11-24-10:10,부산,2000-11-24,10:10,5,0,,1.2500,0
부산-2000-11-24-10:10,부산,2000-11-24,10:10,15,1,planetHouses,3.7833,1
부산-2000-11-24-10:10,부산,2000-11-24,10:10,30,1,planetHouses,7.7000,4
부산-2000-11-24-10:10,부산,2000-11-24,10:10,60,1,planetHouses,15.9167,8
부산-2000-11-24-10:10,부산,2000-11-24,10:10,120,1,hourPillar|minggongBranch|bodyPalaceBranch|soulStar|ascSign|mcSign|planetHouses,34.2333,11
부산-2000-11-24-12:24,부산,2000-11-24,12:24,-120,1,hourPillar|minggongBranch|bodyPalaceBranch|soulStar|ascSign|mcSign|planetHouses,35.3833,12
부산-2000-11-24-12:24,부산,2000-11-24,12:24,-60,1,mcSign|planetHouses,18.9667,7
부산-2000-11-24-12:24,부산,2000-11-24,12:24,-30,1,mcSign|planetHouses,9.8333,4
부산-2000-11-24-12:24,부산,2000-11-24,12:24,-15,1,planetHouses,5.0167,4
부산-2000-11-24-12:24,부산,2000-11-24,12:24,-5,0,,1.7000,0
부산-2000-11-24-12:24,부산,2000-11-24,12:24,5,0,,1.7000,0
부산-2000-11-24-12:24,부산,2000-11-24,12:24,15,1,planetHouses,5.1833,2
부산-2000-11-24-12:24,부산,2000-11-24,12:24,30,1,ascSign|planetHouses,10.5500,5
부산-2000-11-24-12:24,부산,2000-11-24,12:24,60,1,hourPillar|minggongBranch|bodyPalaceBranch|soulStar|ascSign|planetHouses,21.7167,6
부산-2000-11-24-12:24,부산,2000-11-24,12:24,120,1,hourPillar|minggongBranch|bodyPalaceBranch|soulStar|ascSign|mcSign|planetHouses,45.1333,12
부산-2000-11-24-14:38,부산,2000-11-24,14:38,-120,1,hourPillar|minggongBranch|bodyPalaceBranch|soulStar|ascSign|mcSign|planetHouses,45.7667,12
부산-2000-11-24-14:38,부산,2000-11-24,14:38,-60,1,ascSign|mcSign|planetHouses,23.5000,8
부산-2000-11-24-14:38,부산,2000-11-24,14:38,-30,1,ascSign|mcSign|planetHouses,11.7500,3
부산-2000-11-24-14:38,부산,2000-11-24,14:38,-15,1,planetHouses,5.8500,2
부산-2000-11-24-14:38,부산,2000-11-24,14:38,-5,0,,1.9333,0
부산-2000-11-24-14:38,부산,2000-11-24,14:38,5,1,planetHouses,1.9500,1
부산-2000-11-24-14:38,부산,2000-11-24,14:38,15,1,planetHouses,5.8000,1
부산-2000-11-24-14:38,부산,2000-11-24,14:38,30,1,planetHouses,11.4833,3
부산-2000-11-24-14:38,부산,2000-11-24,14:38,60,1,hourPillar|minggongBranch|bodyPalaceBranch|soulStar|ascSign|planetHouses,22.4167,7
부산-2000-11-24-14:38,부산,2000-11-24,14:38,120,1,hourPillar|minggongBranch|bodyPalaceBranch|soulStar|ascSign|mcSign|planetHouses,42.2167,12
부산-2000-11-24-16:52,부산,2000-11-24,16:52,-120,1,hourPillar|minggongBranch|bodyPalaceBranch|soulStar|ascSign|mcSign|planetHouses,41.0167,12
부산-2000-11-24-16:52,부산,2000-11-24,16:52,-60,1,mcSign|planetHouses,19.1500,7
부산-2000-11-24-16:52,부산,2000-11-24,16:52,-30,1,planetHouses,9.2167,4
부산-2000-11-24-16:52,부산,2000-11-24,16:52,-15,1,planetHouses,4.5333,3
부산-2000-11-24-16:52,부산,2000-11-24,16:52,-5,1,planetHouses,1.5000,1
부산-2000-11-24-16:52,부산,2000-11-24,16:52,5,0,,1.4667,0
부산-2000-11-24-16:52,부산,2000-11-24,16:52,15,1,ascSign|planetHouses,4.3500,2
부산-2000-11-24-16:52,부산,2000-11-24,16:52,30,1,ascSign|planetHouses,8.5500,3
부산-2000-11-24-16:52,부산,2000-11-24,16:52,60,1,hourPillar|minggongBranch|bodyPalaceBranch|soulStar|ascSign|planetHouses,16.5500,6
부산-2000-11-24-16:52,부산,2000-11-24,16:52,120,1,hourPillar|minggongBranch|bodyPalaceBranch|soulStar|ascSign|mcSign|planetHouses,31.1833,11
부산-2000-11-24-18:06,부산,2000-11-24,18:06,-120,1,hourPillar|minggongBranch|bodyPalaceBranch|soulStar|ascSign|mcSign|planetHouses,34.5167,11
부산-2000-11-24-18:06,부산,2000-11-24,18:06,-60,1,hourPillar|minggongBranch|bodyPalaceBranch|soulStar|planetHouses,16.0333,4
부산-2000-11-24-18:06,부산,2000-11-24,18:06,-30,1,planetHouses,7.7500,1
부산-2000-11-24-18:06,부산,2000-11-24,18:06,-15,0,,3.8167,0
부산-2000-11-24-18:06,부산,2000-11-24,18:06,-5,0,,1.2500,0
부산-2000-11-24-18:06,부산,2000-11-24,18:06,5,0,,1.2500,0
부산-2000-11-24-18:06,부산,2000-11-24,18:06,15,1,mcSign|planetHouses,3.7167,1
부산-2000-11-24-18:06,부산,2000-11-24,18:06,30,1,mcSign|planetHouses,7.3167,4
부산-2000-11-24-18:06,부산,2000-11-24,18:06,60,1,ascSign|mcSign|planetHouses,14.3000,7
부산-2000-11-24-18:06,부산,2000-11-24,18:06,120,1,hourPillar|minggongBranch|bodyPalaceBranch|soulStar|ascSign|mcSign|planetHouses,27.4833,11
부산-2000-11-24-20:20,부산,2000-11-24,20:20,-120,1,hourPillar|minggongBranch|bodyPalaceBranch|soulStar|ascSign|mcSign|planetHouses,27.0000,12
부산-2000-11-24-20:20,부산,2000-11-24,20:20,-60,1,hourPillar|minggongBranch|bodyPalaceBranch|soulStar|mcSign|planetHouses,13.0167,7
부산-2000-11-24-20:20,부산,2000-11-24,20:20,-30,1,mcSign|planetHouses,6.4167,5
부산-2000-11-24-20:20,부산,2000-11-24,20:20,-15,1,mcSign|planetHouses,3.1833,3
부산-2000-11-24-20:20,부산,2000-11-24,20:20,-5,1,planetHouses,1.0667,2
부산-2000-11-24-20:20,부산,2000-11-24,20:20,5,0,,1.0500,0
부산-2000-11-24-20:20,부산,2000-11-24,20:20,15,0,,3.1500,0
부산-2000-11-24-20:20,부산,2000-11-24,20:20,30,1,planetHouses,6.2833,2
부산-2000-11-24-20:20,부산,2000-11-24,20:20,60,1,ascSign|planetHouses,12.5000,4
부산-2000-11-24-20:20,부산,2000-11-24,20:20,120,1,hourPillar|minggongBranch|bodyPalaceBranch|soulStar|ascSign|mcSign|planetHouses,24.8000,8
부산-2000-11-24-22:34,부산,2000-11-24,22:34,-120,1,hourPillar|minggongBranch|bodyPalaceBranch|soulStar|ascSign|mcSign|planetHouses,24.7000,10
부산-2000-11-24-22:34,부산,2000-11-24,22:34,-60,1,mcSign|planetHouses,12.2667,5
부산-2000-11-24-22:34,부산,2000-11-24,22:34,-30,1,planetHouses,6.1333,3
부산-2000-11-24-22:34,부산,2000-11-24,22:34,-15,1,planetHouses,3.0667,2
부산-2000-11-24-22:34,부산,2000-11-24,22:34,-5,1,planetHouses,1.0167,1
부산-2000-11-24-22:34,부산,2000-11-24,22:34,5,0,,1.0333,0
부산-2000-11-24-22:34,부산,2000-11-24,22:34,15,1,planetHouses,3.0833,3
부산-2000-11-24-22:34,부산,2000-11-24,22:34,30,1,planetHouses,6.1500,5
부산-2000-11-24-22:34,부산,2000-11-24,22:34,60,1,hourPillar|minggongBranch|bodyPalaceBranch|soulStar|planetHouses,12.3167,6
부산-2000-11-24-22:34,부산,2000-11-24,22:34,120,1,dayPillar|hourPillar|minggongBranch|bodyPalaceBranch|soulStar|ascSign|mcSign|planetHouses,24.7167,10
부산-2000-12-04-00:00,부산,2000-12-04,00:00,-120,1,hourPillar|minggongBranch|bodyPalaceBranch|soulStar|ascSign|mcSign|planetHouses,24.7167,10
부산-2000-12-04-00:00,부산,2000-12-04,00:00,-60,1,hourPillar|minggongBranch|bodyPalaceBranch|soulStar|ascSign|mcSign|planetHouses,12.4167,5
부산-2000-12-04-00:00,부산,2000-12-04,00:00,-30,1,planetHouses,6.2167,2
부산-2000-12-04-00:00,부산,2000-12-04,00:00,-15,1,planetHouses,3.1167,1
부산-2000-12-04-00:00,부산,2000-12-04,00:00,-5,0,,1.0500,0
부산-2000-12-04-00:00,부산,2000-12-04,00:00,5,0,,1.0333,0
부산-2000-12-04-00:00,부산,2000-12-04,00:00,15,1,planetHouses,3.1167,1
부산-2000-12-04-00:00,부산,2000-12-04,00:00,30,1,dayPillar|planetHouses,6.2333,5
부산-2000-12-04-00:00,부산,2000-12-04,00:00,60,1,dayPillar|planetHouses,12.5000,7
부산-2000-12-04-00:00,부산,2000-12-04,00:00,120,1,dayPillar|hourPillar|minggongBranch|bodyPalaceBranch|soulStar|ascSign|mcSign|planetHouses,25.0667,11
부산-2000-12-04-02:14,부산,2000-12-04,02:14,-120,1,dayPillar|hourPillar|minggongBranch|bodyPalaceBranch|soulStar|ascSign|mcSign|planetHouses,25.0833,11
부산-2000-12-04-02:14,부산,2000-12-04,02:14,-60,1,hourPillar|minggongBranch|bodyPalaceBranch|soulStar|ascSign|mcSign|planetHouses,12.5500,5
부산-2000-12-04-02:14,부산,2000-12-04,02:14,-30,1,planetHouses,6.2667,2
부산-2000-12-04-02:14,부산,2000-12-04,02:14,-15,1,planetHouses,3.1333,1
부산-2000-12-04-02:14,부산,2000-12-04,02:14,-5,0,,1.0500,0
부산-2000-12-04-02:14,부산,2000-12-04,02:14,5,0,,1.0500,0
부산-2000-12-04-02:14,부산,2000-12-04,02:14,15,0,,3.1333,0
부산-2000-12-04-02:14,부산,2000-12-04,02:14,30,1,planetHouses,6.2667,3
부산-2000-12-04-02:14,부산,2000-12-04,02:14,60,1,planetHouses,12.5000,6
부산-2000-12-04-02:14,부산,2000-12-04,02:14,120,1,hourPillar|minggongBranch|bodyPalaceBranch|soulStar|ascSign|mcSign|planetHouses,24.9000,11
부산-2000-12-04-04:28,부산,2000-12-04,04:28,-120,1,hourPillar|minggongBranch|bodyPalaceBranch|soulStar|ascSign|mcSign|planetHouses,24.8333,11
부산-2000-12-04-04:28,부산,2000-12-04,04:28,-60,1,ascSign|mcSign|planetHouses,12.3667,4
부산-2000-12-04-04:28,부산,2000-12-04,04:28,-30,1,planetHouses,6.1667,3
부산-2000-12-04-04:28,부산,2000-12-04,04:28,-15,0,,3.0833,0
부산-2000-12-04-04:28,부산,2000-12-04,04:28,-5,0,,1.0167,0
부산-2000-12-04-04:28,부산,2000-12-04,04:28,5,1,planetHouses,1.0333,1
부산-2000-12-04-04:28,부산,2000-12-04,04:28,15,1,planetHouses,3.0833,1
부산-2000-12-04-04:28,부산,2000-12-04,04:28,30,1,planetHouses,6.1500,3
부산-2000-12-04-04:28,부산,2000-12-04,04:28,60,1,hourPillar|minggongBranch|bodyPalaceBranch|soulStar|planetHouses,12.2833,7
부산-2000-12-04-04:28,부산,2000-12-04,04:28,120,1,hourPillar|minggongBranch|bodyPalaceBranch|soulStar|ascSign|mcSign|planetHouses,24.6000,12
부산-2000-12-04-06:42,부산,2000-12-04,06:42,-120,1,hourPillar|minggongBranch|bodyPalaceBranch|soulStar|ascSign|mcSign|planetHouses,24.6167,11
부산-2000-12-04-06:42,부산,2000-12-04,06:42,-60,1,ascSign|planetHouses,12.3500,4
부산-2000-12-04-06:42,부산,2000-12-04,06:42,-30,1,ascSign|planetHouses,6.2000,3
부산-2000-12-04-06:42,부산,2000-12-04,06:42,-15,0,,3.1000,0
부산-2000-12-04-06:42,부산,2000-12-04,06:42,-5,0,,1.0333,0
부산-2000-12-04-06:42,부산,2000-12-04,06:42,5,1,planetHouses,1.0333,1
부산-2000-12-04-06:42,부산,2000-12-04,06:42,15,1,planetHouses,3.1167,2
부산-2000-12-04-06:42,부산,2000-12-04,06:42,30,1,planetHouses,6.2667,3
부산-2000-12-04-06:42,부산,2000-12-04,06:42,60,1,hourPillar|minggongBranch|bodyPalaceBranch|soulStar|mcSign|planetHouses,12.6333,7
부산-2000-12-04-06:42,부산,2000-12-04,06:42,120,1,hourPillar|minggongBranch|bodyPalaceBranch|soulStar|mcSign|planetHouses,25.9333,12
부산-2000-12-04-08:56,부산,2000-12-04,08:56,-120,1,hourPillar|minggongBranch|bodyPalaceBranch|soulStar|ascSign|mcSign|planetHouses,26.2833,12
부산-2000-12-04-08:56,부산,2000-12-04,08:56,-60,1,ascSign|planetHouses,13.5167,6
부산-2000-12-04-08:56,부산,2000-12-04,08:56,-30,1,ascSign|planetHouses,6.8833,3
부산-2000-12-04-08:56,부산,2000-12-04,08:56,-15,1,ascSign,3.4667,0
부산-2000-12-04-08:56,부산,2000-12-04,08:56,-5,0,,1.1667,0
부산-2000-12-04-08:56,부산,2000-12-04,08:56,5,1,planetHouses,1.1833,1
부산-2000-12-04-08:56,부산,2000-12-04,08:56,15,1,planetHouses,3.5667,2
부산-2000-12-04-08:56,부산,2000-12-04,08:56,30,1,hourPillar|minggongBranch|bodyPalaceBranch|soulStar|mcSign|planetHouses,7.2167,3
부산-2000-12-04-08:56,부산,2000-12-04,08:56,60,1,hourPillar|minggongBranch|bodyPalaceBranch|soulStar|mcSign|planetHouses,14.8500,7
부산-2000-12-04-08:56,부산,2000-12-04,08:56,120,1,hourPillar|minggongBranch|bodyPalaceBranch|soulStar|ascSign|mcSign|planetHouses,31.7000,12
부산-2000-12-04-10:10,부산,2000-12-04,10:10,-120,1,hourPillar|minggongBranch|bodyPalaceBranch|soulStar|ascSign|mcSign|planetHouses,29.0167,11
부산-2000-12-04-10:10,부산,2000-12-04,10:10,-60,1,hourPillar|minggongBranch|bodyPalaceBranch|soulStar|mcSign|planetHouses,15.2333,6
부산-2000-12-04-10:10,부산,2000-12-04,10:10,-30,1,planetHouses,7.8500,4
부산-2000-12-04-10:10,부산,2000-12-04,10:10,-15,1,planetHouses,3.9833,1
부산-2000-12-04-10:10,부산,2000-12-04,10:10,-5,1,planetHouses,1.3333,1
부산-2000-12-04-10:10,부산,2000-12-04,10:10,5,0,,1.3667,0
부산-2000-12-04-10:10,부산,2000-12-04,10:10,15,1,planetHouses,4.1333,1
부산-2000-12-04-10:10,부산,2000-12-04,10:10,30,1,ascSign|planetHouses,8.4000,5
부산-2000-12-04-10:10,부산,2000-12-04,10:10,60,1,ascSign|planetHouses,17.4167,7
부산-2000-12-04-10:10,부산,2000-12-04,10:10,120,1,hourPillar|minggongBranch|bodyPalaceBranch|soulStar|ascSign|mcSign|planetHouses,37.5833,12
부산-2000-12-04-12:24,부산,2000-12-04,12:24,-120,1,hourPillar|minggongBranch|bodyPalaceBranch|soulStar|ascSign|mcSign|planetHouses,38.8333,12
부산-2000-12-04-12:24,부산,2000-12-04,12:24,-60,1,ascSign|planetHouses,20.8167,7
부산-2000-12-04-12:24,부산,2000-12-04,12:24,-30,1,ascSign|planetHouses,10.7500,3
부산-2000-12-04-12:24,부산,2000-12-04,12:24,-15,1,ascSign|planetHouses,5.4500,2
부산-2000-12-04-12:24,부산,2000-12-04,12:24,-5,0,,1.8333,0
부산-2000-12-04-12:24,부산,2000-12-04,12:24,5,1,planetHouses,1.8667,1
부산-2000-12-04-12:24,부산,2000-12-04,12:24,15,1,planetHouses,5.6167,2
부산-2000-12-04-12:24,부산,2000-12-04,12:24,30,1,planetHouses,11.3500,4
부산-2000-12-04-12:24,부산,2000-12-04,12:24,60,1,hourPillar|minggongBranch|bodyPalaceBranch|soulStar|planetHouses,23.0500,9
부산-2000-12-04-12:24,부산,2000-12-04,12:24,120,1,hourPillar|minggongBranch|bodyPalaceBranch|soulStar|ascSign|mcSign|planetHouses,46.3667,12
부산-2000-12-04-14:38,부산,2000-12-04,14:38,-120,1,hourPillar|minggongBranch|bodyPalaceBranch|soulStar|ascSign|mcSign|planetHouses,46.3500,12
부산-2000-12-04-14:38,부산,2000-12-04,14:38,-60,1,planetHouses,23.0167,6
부산-2000-12-04-14:38,부산,2000-12-04,14:38,-30,1,planetHouses,11.3167,3
부산-2000-12-04-14:38,부산,2000-12-04,14:38,-15,1,planetHouses,5.6000,1
부산-2000-12-04-14:38,부산,2000-12-04,14:38,-5,0,,1.8500,0
부산-2000-12-04-14:38,부산,2000-12-04,14:38,5,1,planetHouses,1.8333,1
부산-2000-12-04-14:38,부산,2000-12-04,14:38,15,1,ascSign|planetHouses,5.4500,4
부산-2000-12-04-14:38,부산,2000-12-04,14:38,30,1,ascSign|planetHouses,10.7500,6
부산-2000-12-04-14:38,부산,2000-12-04,14:38,60,1,hourPillar|minggongBranch|bodyPalaceBranch|soulStar|ascSign|planetHouses,20.7833,9
부산-2000-12-04-14:38,부산,2000-12-04,14:38,120,1,hourPillar|minggongBranch|bodyPalaceBranch|soulStar|ascSign|mcSign|planetHouses,38.7667,12
부산-2000-12-04-16:52,부산,2000-12-04,16:52,-120,1,hourPillar|minggongBranch|bodyPalaceBranch|soulStar|ascSign|mcSign|planetHouses,37.5000,12
부산-2000-12-04-16:52,부산,2000-12-04,16:52,-60,1,ascSign|planetHouses,17.3833,9
부산-2000-12-04-16:52,부산,2000-12-04,16:52,-30,1,planetHouses,8.3833,5
부산-2000-12-04-16:52,부산,2000-12-04,16:52,-15,1,planetHouses,4.1167,3
부산-2000-12-04-16:52,부산,2000-12-04,16:52,-5,1,planetHouses,1.3667,1
부산-2000-12-04-16:52,부산,2000-12-04,16:52,5,0,,1.3333,0
부산-2000-12-04-16:52,부산,2000-12-04,16:52,15,1,planetHouses,3.9667,2
부산-2000-12-04-16:52,부산,2000-12-04,16:52,30,1,planetHouses,7.8167,3
부산-2000-12-04-16:52,부산,2000-12-04,16:52,60,1,hourPillar|minggongBranch|bodyPalaceBranch|soulStar|mcSign|planetHouses,15.2000,4
부산-2000-12-04-16:52,부산,2000-12-04,16:52,120,1,hourPillar|minggongBranch|bodyPalaceBranch|soulStar|ascSign|mcSign|planetHouses,28.9667,11
부산-2000-12-04-18:06,부산,2000-12-04,18:06,-120,1,hourPillar|minggongBranch|bodyPalaceBranch|soulStar|ascSign|mcSign|planetHouses,31.6167,12
부산-2000-12-04-18:06,부산,2000-12-04,18:06,-60,1,hourPillar|minggongBranch|bodyPalaceBranch|soulStar|mcSign|planetHouses,14.8000,5
부산-2000-12-04-18:06,부산,2000-12-04,18:06,-30,1,mcSign|planetHouses,7.2000,3
부산-2000-12-04-18:06,부산,2000-12-04,18:06,-15,1,planetHouses,3.5500,2
부산-2000-12-04-18:06,부산,2000-12-04,18:06,-5,0,,1.1667,0
부산-2000-12-04-18:06,부산,2000-12-04,18:06,5,0,,1.1667,0
부산-2000-12-04-18:06,부산,2000-12-04,18:06,15,1,ascSign,3.4833,0
부산-2000-12-04-18:06,부산,2000-12-04,18:06,30,1,ascSign|planetHouses,6.8833,4
부산-2000-12-04-18:06,부산,2000-12-04,18:06,60,1,ascSign|planetHouses,13.5167,7
부산-2000-12-04-18:06,부산,2000-12-04,18:06,120,1,hourPillar|minggongBranch|bodyPalaceBranch|soulStar|ascSign|mcSign|planetHouses,26.2667,12
부산-2000-12-04-20:20,부산,2000-12-04,20:20,-120,1,hourPillar|minggongBranch|bodyPalaceBranch|soulStar|mcSign|planetHouses,25.9333,12
부산-2000-12-04-20:20,부산,2000-12-04,20:20,-60,1,hourPillar|minggongBranch|bodyPalaceBranch|soulStar|mcSign|planetHouses,12.6500,6
부산-2000-12-04-20:20,부산,2000-12-04,20:20,-30,1,planetHouses,6.2667,2
부산-2000-12-04-20:20,부산,2000-12-04,20:20,-15,1,planetHouses,3.1333,2
부산-2000-12-04-20:20,부산,2000-12-04,20:20,-5,1,planetHouses,1.0500,2
부산-2000-12-04-20:20,부산,2000-12-04,20:20,5,0,,1.0333,0
부산-2000-12-04-20:20,부산,2000-12-04,20:20,15,1,planetHouses,3.1000,1
부산-2000-12-04-20:20,부산,2000-12-04,20:20,30,1,ascSign|planetHouses,6.1833,3
부산-2000-12-04-20:20,부산,2000-12-04,20:20,60,1,ascSign|planetHouses,12.3333,5
부산-2000-12-04-20:20,부산,2000-12-04,20:20,120,1,hourPillar|minggongBranch|bodyPalaceBranch|soulStar|ascSign|mcSign|planetHouses,24.6167,11
부산-2000-12-04-22:34,부산,2000-12-04,22:34,-120,1,hourPillar|minggongBranch|bodyPalaceBranch|soulStar|ascSign|mcSign|planetHouses,24.6000,11
부산-2000-12-04-22:34,부산,2000-12-04,22:34,-60,1,planetHouses,12.2833,6
부산-2000-12-04-22:34,부산,2000-12-04,22:34,-30,1,planetHouses,6.1500,1
부산-2000-12-04-22:34,부산,2000-12-04,22:34,-15,1,planetHouses,3.0833,1
부산-2000-12-04-22:34,부산,2000-12-04,22:34,-5,1,planetHouses,1.0333,1
부산-2000-12-04-22:34,부산,2000-12-04,22:34,5,1,planetHouses,1.0167,1
부산-2000-12-04-22:34,부산,2000-12-04,22:34,15,1,planetHouses,3.0833,2
부산-2000-12-04-22:34,부산,2000-12-04,22:34,30,1,planetHouses,6.1667,2
부산-2000-12-04-22:34,부산,2000-12-04,22:34,60,1,hourPillar|minggongBranch|bodyPalaceBranch|soulStar|ascSign|mcSign|planetHouses,12.3667,5
부산-2000-12-04-22:34,부산,2000-12-04,22:34,120,1,dayPillar|hourPillar|minggongBranch|bodyPalaceBranch|soulStar|ascSign|mcSign|planetHouses,24.8500,12
제주-1980-01-08-00:00,제주,1980-01-08,00:00,-120,1,hourPillar|minggongBranch|bodyPalaceBranch|soulStar|ascSign|mcSign|planetHouses,25.4333,10
제주-1980-01-08-00:00,제주,1980-01-08,00:00,-60,1,hourPillar|minggongBranch|bodyPalaceBranch|soulStar|ascSign|mcSign|planetHouses,12.7333,5
제주-1980-01-08-00:00,제주,1980-01-08,00:00,-30,1,hourPillar|minggongBranch|bodyPalaceBranch|soulStar,6.3667,0
제주-1980-01-08-00:00,제주,1980-01-08,00:00,-15,0,,3.1833,0
제주-1980-01-08-00:00,제주,1980-01-08,00:00,-5,0,,1.0667,0
제주-1980-01-08-00:00,제주,1980-01-08,00:00,5,1,planetHouses,1.0667,2
제주-1980-01-08-00:00,제주,1980-01-08,00:00,15,1,planetHouses,3.1833,2
제주-1980-01-08-00:00,제주,1980-01-08,00:00,30,1,planetHouses,6.3500,4
제주-1980-01-08-00:00,제주,1980-01-08,00:00,60,1,dayPillar|planetHouses,12.6833,6
제주-1980-01-08-00:00,제주,1980-01-08,00:00,120,1,dayPillar|hourPillar|minggongBranch|bodyPalaceBranch|soulStar|ascSign|mcSign|planetHouses,25.2667,12
제주-1980-01-08-02:14,제주,1980-01-08,02:14,-120,1,dayPillar|hourPillar|minggongBranch|bodyPalaceBranch|soulStar|ascSign|mcSign|planetHouses,25.2167,11
제주-1980-01-08-02:14,제주,1980-01-08,02:14,-60,1,hourPillar|minggongBranch|bodyPalaceBranch|soulStar|ascSign|mcSign|planetHouses,12.5500,5
제주-1980-01-08-02:14,제주,1980-01-08,02:14,-30,1,ascSign|planetHouses,6.2500,1
제주-1980-01-08-02:14,제주,1980-01-08,02:14,-15,1,planetHouses,3.1167,1
제주-1980-01-08-02:14,제주,1980-01-08,02:14,-5,0,,1.0333,0
제주-1980-01-08-02:14,제주,1980-01-08,02:14,5,0,,1.0500,0
제주-1980-01-08-02:14,제주,1980-01-08,02:14,15,1,planetHouses,3.1167,2
제주-1980-01-08-02:14,제주,1980-01-08,02:14,30,1,planetHouses,6.2333,3
제주-1980-01-08-02:14,제주,1980-01-08,02:14,60,1,planetHouses,12.4500,6
제주-1980-01-08-02:14,제주,1980-01-08,02:14,120,1,hourPillar|minggongBranch|bodyPalaceBranch|soulStar|mcSign|planetHouses,24.8833,12
제주-1980-01-08-04:28,제주,1980-01-08,04:28,-120,1,hourPillar|minggongBranch|bodyPalaceBranch|soulStar|ascSign|mcSign|planetHouses,24.8833,10
제주-1980-01-08-04:28,제주,1980-01-08,04:28,-60,1,hourPillar|minggongBranch|bodyPalaceBranch|soulStar|ascSign|mcSign|planetHouses,12.4500,5
제주-1980-01-08-04:28,제주,1980-01-08,04:28,-30,1,ascSign|planetHouses,6.2500,1
제주-1980-01-08-04:28,제주,1980-01-08,04:28,-15,1,ascSign|planetHouses,3.1333,1
제주-1980-01-08-04:28,제주,1980-01-08,04:28,-5,0,,1.0500,0
제주-1980-01-08-04:28,제주,1980-01-08,04:28,5,1,planetHouses,1.0333,1
제주-1980-01-08-04:28,제주,1980-01-08,04:28,15,1,planetHouses,3.1333,2
제주-1980-01-08-04:28,제주,1980-01-08,04:28,30,1,planetHouses,6.2833,4
제주-1980-01-08-04:28,제주,1980-01-08,04:28,60,1,mcSign|planetHouses,12.6833,7
제주-1980-01-08-04:28,제주,1980-01-08,04:28,120,1,hourPillar|minggongBranch|bodyPalaceBranch|soulStar|mcSign|planetHouses,25.9500,12
제주-1980-01-08-06:42,제주,1980-01-08,06:42,-120,1,hourPillar|minggongBranch|bodyPalaceBranch|soulStar|ascSign|mcSign|planetHouses,26.2500,12
제주-1980-01-08-06:42,제주,1980-01-08,06:42,-60,1,ascSign|planetHouses,13.4500,5
제주-1980-01-08-06:42,제주,1980-01-08,06:42,-30,1,ascSign|planetHouses,6.8333,2
제주-1980-01-08-06:42,제주,1980-01-08,06:42,-15,1,ascSign|planetHouses,3.4500,1
제주-1980-01-08-06:42,제주,1980-01-08,06:42,-5,1,planetHouses,1.1500,1
제주-1980-01-08-06:42,제주,1980-01-08,06:42,5,0,,1.1667,0
제주-1980-01-08-06:42,제주,1980-01-08,06:42,15,1,planetHouses,3.5167,2
제주-1980-01-08-06:42,제주,1980-01-08,06:42,30,1,planetHouses,7.1333,3
제주-1980-01-08-06:42,제주,1980-01-08,06:42,60,1,hourPillar|minggongBranch|bodyPalaceBranch|soulStar|mcSign|planetHouses,14.6333,7
제주-1980-01-08-06:42,제주,1980-01-08,06:42,120,1,hourPillar|minggongBranch|bodyPalaceBranch|soulStar|ascSign|mcSign|planetHouses,31.0500,11
제주-1980-01-08-08:56,제주,1980-01-08,08:56,-120,1,hourPillar|minggongBranch|bodyPalaceBranch|soulStar|ascSign|mcSign|planetHouses,31.9333,11
제주-1980-01-08-08:56,제주,1980-01-08,08:56,-60,1,ascSign|planetHouses,16.9333,7
제주-1980-01-08-08:56,제주,1980-01-08,08:56,-30,1,ascSign|planetHouses,8.7500,5
제주-1980-01-08-08:56,제주,1980-01-08,08:56,-15,1,planetHouses,4.4500,3
제주-1980-01-08-08:56,제주,1980-01-08,08:56,-5,1,planetHouses,1.5000,1
제주-1980-01-08-08:56,제주,1980-01-08,08:56,5,1,planetHouses,1.5167,1
제주-1980-01-08-08:56,제주,1980-01-08,08:56,15,1,planetHouses,4.6167,2
제주-1980-01-08-08:56,제주,1980-01-08,08:56,30,1,mcSign|planetHouses,9.4000,4
제주-1980-01-08-08:56,제주,1980-01-08,08:56,60,1,hourPillar|minggongBranch|bodyPalaceBranch|soulStar|mcSign|planetHouses,19.4500,5
제주-1980-01-08-08:56,제주,1980-01-08,08:56,120,1,hourPillar|minggongBranch|bodyPalaceBranch|soulStar|ascSign|mcSign|planetHouses,41.2833,12
제주-1980-01-08-10:10,제주,1980-01-08,10:10,-120,1,hourPillar|minggongBranch|bodyPalaceBranch|soulStar|ascSign|mcSign|planetHouses,37.5333,10
제주-1980-01-08-10:10,제주,1980-01-08,10:10,-60,1,hourPillar|minggongBranch|bodyPalaceBranch|soulStar|ascSign|mcSign|planetHouses,20.0500,4
제주-1980-01-08-10:10,제주,1980-01-08,10:10,-30,1,ascSign,10.3500,0
제주-1980-01-08-10:10,제주,1980-01-08,10:10,-15,1,ascSign,5.2500,0
제주-1980-01-08-10:10,제주,1980-01-08,10:10,-5,1,ascSign,1.7667,0
제주-1980-01-08-10:10,제주,1980-01-08,10:10,5,1,planetHouses,1.7833,2
제주-1980-01-08-10:10,제주,1980-01-08,10:10,15,1,planetHouses,5.4000,2
제주-1980-01-08-10:10,제주,1980-01-08,10:10,30,1,planetHouses,10.9167,6
제주-1980-01-08-10:10,제주,1980-01-08,10:10,60,1,planetHouses,22.2500,10
제주-1980-01-08-10:10,제주,1980-01-08,10:10,120,1,hourPillar|minggongBranch|bodyPalaceBranch|soulStar|ascSign|mcSign|planetHouses,45.1000,12
제주-1980-01-08-12:24,제주,1980-01-08,12:24,-120,1,hourPillar|minggongBranch|bodyPalaceBranch|soulStar|ascSign|mcSign|planetHouses,45.2500,12
제주-1980-01-08-12:24,제주,1980-01-08,12:24,-60,1,hourPillar|minggongBranch|bodyPalaceBranch|soulStar|ascSign|mcSign|planetHouses,22.6667,4
제주-1980-01-08-12:24,제주,1980-01-08,12:24,-30,1,planetHouses,11.2167,4
제주-1980-01-08-12:24,제주,1980-01-08,12:24,-15,1,planetHouses,5.5667,1
제주-1980-01-08-12:24,제주,1980-01-08,12:24,-5,1,planetHouses,1.8500,1
제주-1980-01-08-12:24,제주,1980-01-08,12:24,5,1,planetHouses,1.8167,3
제주-1980-01-08-12:24,제주,1980-01-08,12:24,15,1,planetHouses,5.4333,3
제주-1980-01-08-12:24,제주,1980-01-08,12:24,30,1,ascSign|planetHouses,10.7333,5
제주-1980-01-08-12:24,제주,1980-01-08,12:24,60,1,ascSign|planetHouses,20.8500,8
제주-1980-01-08-12:24,제주,1980-01-08,12:24,120,1,hourPillar|minggongBranch|bodyPalaceBranch|soulStar|ascSign|mcSign|planetHouses,39.1333,12
제주-1980-01-08-14:38,제주,1980-01-08,14:38,-120,1,hourPillar|minggongBranch|bodyPalaceBranch|soulStar|ascSign|mcSign|planetHouses,37.9833,12
제주-1980-01-08-14:38,제주,1980-01-08,14:38,-60,1,ascSign|planetHouses,17.7000,9
제주-1980-01-08-14:38,제주,1980-01-08,14:38,-30,1,ascSign|planetHouses,8.5500,4
제주-1980-01-08-14:38,제주,1980-01-08,14:38,-15,1,planetHouses,4.2000,2
제주-1980-01-08-14:38,제주,1980-01-08,14:38,-5,1,planetHouses,1.3833,1
제주-1980-01-08-14:38,제주,1980-01-08,14:38,5,0,,1.3667,0
제주-1980-01-08-14:38,제주,1980-01-08,14:38,15,0,,4.0667,0
제주-1980-01-08-14:38,제주,1980-01-08,14:38,30,1,planetHouses,8.0000,2
제주-1980-01-08-14:38,제주,1980-01-08,14:38,60,1,hourPillar|minggongBranch|bodyPalaceBranch|soulStar|mcSign|planetHouses,15.5333,4
제주-1980-01-08-14:38,제주,1980-01-08,14:38,120,1,hourPillar|minggongBranch|bodyPalaceBranch|soulStar|ascSign|mcSign|planetHouses,29.5833,11
제주-1980-01-08-16:52,제주,1980-01-08,16:52,-120,1,hourPillar|minggongBranch|bodyPalaceBranch|soulStar|ascSign|mcSign|planetHouses,28.9000,12
제주-1980-01-08-16:52,제주,1980-01-08,16:52,-60,1,ascSign|planetHouses,13.7667,6
제주-1980-01-08-16:52,제주,1980-01-08,16:52,-30,1,planetHouses,6.7500,3
제주-1980-01-08-16:52,제주,1980-01-08,16:52,-15,1,planetHouses,3.3500,2
제주-1980-01-08-16:52,제주,1980-01-08,16:52,-5,0,,1.1167,0
제주-1980-01-08-16:52,제주,1980-01-08,16:52,5,0,,1.1000,0
제주-1980-01-08-16:52,제주,1980-01-08,16:52,15,1,planetHouses,3.3000,2
제주-1980-01-08-16:52,제주,1980-01-08,16:52,30,1,planetHouses,6.5500,3
제주-1980-01-08-16:52,제주,1980-01-08,16:52,60,1,hourPillar|minggongBranch|bodyPalaceBranch|soulStar|mcSign|planetHouses,12.9500,6
제주-1980-01-08-16:52,제주,1980-01-08,16:52,120,1,hourPillar|minggongBranch|bodyPalaceBranch|soulStar|ascSign|mcSign|planetHouses,25.5000,12
제주-1980-01-08-18:06,제주,1980-01-08,18:06,-120,1,hourPillar|minggongBranch|bodyPalaceBranch|soulStar|ascSign|mcSign|planetHouses,26.3667,12
제주-1980-01-08-18:06,제주,1980-01-08,18:06,-60,1,hourPillar|minggongBranch|bodyPalaceBranch|soulStar|mcSign|planetHouses,12.8167,6
제주-1980-01-08-18:06,제주,1980-01-08,18:06,-30,1,planetHouses,6.3500,3
제주-1980-01-08-18:06,제주,1980-01-08,18:06,-15,1,planetHouses,3.1500,2
제주-1980-01-08-18:06,제주,1980-01-08,18:06,-5,1,planetHouses,1.0500,2
제주-1980-01-08-18:06,제주,1980-01-08,18:06,5,0,,1.0500,0
제주-1980-01-08-18:06,제주,1980-01-08,18:06,15,0,,3.1500,0
제주-1980-01-08-18:06,제주,1980-01-08,18:06,30,1,planetHouses,6.2833,2
제주-1980-01-08-18:06,제주,1980-01-08,18:06,60,1,ascSign|planetHouses,12.5000,5
제주-1980-01-08-18:06,제주,1980-01-08,18:06,120,1,hourPillar|minggongBranch|bodyPalaceBranch|soulStar|ascSign|mcSign|planetHouses,24.9167,11
제주-1980-01-08-20:20,제주,1980-01-08,20:20,-120,1,hourPillar|minggongBranch|bodyPalaceBranch|soulStar|ascSign|mcSign|planetHouses,24.8833,11
제주-1980-01-08-20:20,제주,1980-01-08,20:20,-60,1,hourPillar|minggongBranch|bodyPalaceBranch|soulStar|planetHouses,12.4333,5
제주-1980-01-08-20:20,제주,1980-01-08,20:20,-30,1,planetHouses,6.2167,4
제주-1980-01-08-20:20,제주,1980-01-08,20:20,-15,1,planetHouses,3.1167,2
제주-1980-01-08-20:20,제주,1980-01-08,20:20,-5,1,planetHouses,1.0500,2
제주-1980-01-08-20:20,제주,1980-01-08,20:20,5,1,planetHouses,1.0333,1
제주-1980-01-08-20:20,제주,1980-01-08,20:20,15,1,planetHouses,3.1167,1
제주-1980-01-08-20:20,제주,1980-01-08,20:20,30,1,planetHouses,6.2333,1
제주-1980-01-08-20:20,제주,1980-01-08,20:20,60,1,ascSign|mcSign|planetHouses,12.5000,7
제주-1980-01-08-20:20,제주,1980-01-08,20:20,120,1,hourPillar|minggongBranch|bodyPalaceBranch|soulStar|ascSign|mcSign|planetHouses,25.1333,11
제주-1980-01-08-22:34,제주,1980-01-08,22:34,-120,1,hourPillar|minggongBranch|bodyPalaceBranch|soulStar|ascSign|mcSign|planetHouses,25.2000,11
제주-1980-01-08-22:34,제주,1980-01-08,22:34,-60,1,planetHouses,12.6500,5
제주-1980-01-08-22:34,제주,1980-01-08,22:34,-30,1,planetHouses,6.3333,3
제주-1980-01-08-22:34,제주,1980-01-08,22:34,-15,1,planetHouses,3.1667,2
제주-1980-01-08-22:34,제주,1980-01-08,22:34,-5,1,planetHouses,1.0500,1
제주-1980-01-08-22:34,제주,1980-01-08,22:34,5,0,,1.0667,0
제주-1980-01-08-22:34,제주,1980-01-08,22:34,15,1,planetHouses,3.1833,1
제주-1980-01-08-22:34,제주,1980-01-08,22:34,30,1,planetHouses,6.3667,2
제주-1980-01-08-22:34,제주,1980-01-08,22:34,60,1,hourPillar|minggongBranch|bodyPalaceBranch|soulStar|ascSign|mcSign|planetHouses,12.7333,7
제주-1980-01-08-22:34,제주,1980-01-08,22:34,120,1,dayPillar|hourPillar|minggongBranch|bodyPalaceBranch|soulStar|ascSign|mcSign|planetHouses,25.4500,10
제주-1980-02-15-00:00,제주,1980-02-15,00:00,-120,1,hourPillar|minggongBranch|bodyPalaceBranch|soulStar|ascSign|mcSign|planetHouses,25.1500,12
제주-1980-02-15-00:00,제주,1980-02-15,00:00,-60,1,hourPillar|minggongBranch|bodyPalaceBranch|soulStar|ascSign|mcSign|planetHouses,12.5167,6
제주-1980-02-15-00:00,제주,1980-02-15,00:00,-30,1,hourPillar|minggongBranch|bodyPalaceBranch|soulStar|planetHouses,6.2333,2
제주-1980-02-15-00:00,제주,1980-02-15,00:00,-15,1,planetHouses,3.1167,1
제주-1980-02-15-00:00,제주,1980-02-15,00:00,-5,0,,1.0333,0
제주-1980-02-15-00:00,제주,1980-02-15,00:00,5,0,,1.0500,0
제주-1980-02-15-00:00,제주,1980-02-15,00:00,15,0,,3.1167,0
제주-1980-02-15-00:00,제주,1980-02-15,00:00,30,0,,6.2333,0
제주-1980-02-15-00:00,제주,1980-02-15,00:00,60,1,dayPillar|planetHouses,12.4333,3
제주-1980-02-15-00:00,제주,1980-02-15,00:00,120,1,dayPillar|hourPillar|minggongBranch|bodyPalaceBranch|soulStar|ascSign|mcSign|planetHouses,24.8833,12
제주-1980-02-15-02:14,제주,1980-02-15,02:14,-120,1,dayPillar|hourPillar|minggongBranch|bodyPalaceBranch|soulStar|ascSign|mcSign|planetHouses,24.9000,12
제주-1980-02-15-02:14,제주,1980-02-15,02:14,-60,1,hourPillar|minggongBranch|bodyPalaceBranch|soulStar|ascSign|planetHouses,12.4833,6
제주-1980-02-15-02:14,제주,1980-02-15,02:14,-30,1,ascSign|planetHouses,6.2667,1
제주-1980-02-15-02:14,제주,1980-02-15,02:14,-15,0,,3.1333,0
제주-1980-02-15-02:14,제주,1980-02-15,02:14,-5,0,,1.0500,0
제주-1980-02-15-02:14,제주,1980-02-15,02:14,5,0,,1.0500,0
제주-1980-02-15-02:14,제주,1980-02-15,02:14,15,1,planetHouses,3.1667,1
제주-1980-02-15-02:14,제주,1980-02-15,02:14,30,1,planetHouses,6.3500,2
제주-1980-02-15-02:14,제주,1980-02-15,02:14,60,1,mcSign|planetHouses,12.8000,4
제주-1980-02-15-02:14,제주,1980-02-15,02:14,120,1,hourPillar|minggongBranch|bodyPalaceBranch|soulStar|ascSign|mcSign|planetHouses,26.2833,12
제주-1980-02-15-04:28,제주,1980-02-15,04:28,-120,1,hourPillar|minggongBranch|bodyPalaceBranch|soulStar|ascSign|mcSign|planetHouses,26.6167,12
제주-1980-02-15-04:28,제주,1980-02-15,04:28,-60,1,hourPillar|minggongBranch|bodyPalaceBranch|soulStar|ascSign|planetHouses,13.7000,6
제주-1980-02-15-04:28,제주,1980-02-15,04:28,-30,1,ascSign|planetHouses,6.9667,2
제주-1980-02-15-04:28,제주,1980-02-15,04:28,-15,1,planetHouses,3.5167,1
제주-1980-02-15-04:28,제주,1980-02-15,04:28,-5,0,,1.1833,0
제주-1980-02-15-04:28,제주,1980-02-15,04:28,5,0,,1.2000,0
제주-1980-02-15-04:28,제주,1980-02-15,04:28,15,0,,3.6167,0
제주-1980-02-15-04:28,제주,1980-02-15,04:28,30,1,mcSign|planetHouses,7.3167,2
제주-1980-02-15-04:28,제주,1980-02-15,04:28,60,1,mcSign|planetHouses,15.0333,7
제주-1980-02-15-04:28,제주,1980-02-15,04:28,120,1,hourPillar|minggongBranch|bodyPalaceBranch|soulStar|ascSign|mcSign|planetHouses,32.0333,12
제주-1980-02-15-06:42,제주,1980-02-15,06:42,-120,1,hourPillar|minggongBranch|bodyPalaceBranch|soulStar|ascSign|mcSign|planetHouses,32.9833,12
제주-1980-02-15-06:42,제주,1980-02-15,06:42,-60,1,ascSign|planetHouses,17.5500,6
제주-1980-02-15-06:42,제주,1980-02-15,06:42,-30,1,planetHouses,9.0833,2
제주-1980-02-15-06:42,제주,1980-02-15,06:42,-15,1,planetHouses,4.6167,1
제주-1980-02-15-06:42,제주,1980-02-15,06:42,-5,0,,1.5667,0
제주-1980-02-15-06:42,제주,1980-02-15,06:42,5,1,planetHouses,1.5667,2
제주-1980-02-15-06:42,제주,1980-02-15,06:42,15,1,mcSign|planetHouses,4.7667,2
제주-1980-02-15-06:42,제주,1980-02-15,06:42,30,1,mcSign|planetHouses,9.7167,2
제주-1980-02-15-06:42,제주,1980-02-15,06:42,60,1,hourPillar|minggongBranch|bodyPalaceBranch|soulStar|ascSign|mcSign|planetHouses,20.1000,6
제주-1980-02-15-06:42,제주,1980-02-15,06:42,120,1,hourPillar|minggongBranch|bodyPalaceBranch|soulStar|ascSign|mcSign|planetHouses,42.3833,12
제주-1980-02-15-08:56,제주,1980-02-15,08:56,-120,1,hourPillar|minggongBranch|bodyPalaceBranch|soulStar|ascSign|planetHouses,43.3000,12
제주-1980-02-15-08:56,제주,1980-02-15,08:56,-60,1,planetHouses,22.6000,7
제주-1980-02-15-08:56,제주,1980-02-15,08:56,-30,1,planetHouses,11.4500,1
제주-1980-02-15-08:56,제주,1980-02-15,08:56,-15,1,planetHouses,5.7333,1
제주-1980-02-15-08:56,제주,1980-02-15,08:56,-5,0,,1.9167,0
제주-1980-02-15-08:56,제주,1980-02-15,08:56,5,1,ascSign|mcSign,1.9167,0
제주-1980-02-15-08:56,제주,1980-02-15,08:56,15,1,ascSign|mcSign,5.7500,0
제주-1980-02-15-08:56,제주,1980-02-15,08:56,30,1,ascSign|mcSign|planetHouses,11.4500,4
제주-1980-02-15-08:56,제주,1980-02-15,08:56,60,1,hourPillar|minggongBranch|bodyPalaceBranch|soulStar|ascSign|mcSign|planetHouses,22.6500,8
제주-1980-02-15-08:56,제주,1980-02-15,08:56,120,1,hourPillar|minggongBranch|bodyPalaceBranch|soulStar|ascSign|mcSign|planetHouses,43.4500,12
제주-1980-02-15-10:10,제주,1980-02-15,10:10,-120,1,hourPillar|minggongBranch|bodyPalaceBranch|soulStar|ascSign|mcSign|planetHouses,45.1667,12
제주-1980-02-15-10:10,제주,1980-02-15,10:10,-60,1,hourPillar|minggongBranch|bodyPalaceBranch|soulStar|planetHouses,22.3500,11
제주-1980-02-15-10:10,제주,1980-02-15,10:10,-30,1,planetHouses,11.0000,7
제주-1980-02-15-10:10,제주,1980-02-15,10:10,-15,1,planetHouses,5.4333,3
제주-1980-02-15-10:10,제주,1980-02-15,10:10,-5,0,,1.8000,0
제주-1980-02-15-10:10,제주,1980-02-15,10:10,5,0,,1.7833,0
제주-1980-02-15-10:10,제주,1980-02-15,10:10,15,1,ascSign,5.2833,0
제주-1980-02-15-10:10,제주,1980-02-15,10:10,30,1,ascSign,10.4167,0
제주-1980-02-15-10:10,제주,1980-02-15,10:10,60,1,ascSign|mcSign|planetHouses,20.2167,2
제주-1980-02-15-10:10,제주,1980-02-15,10:10,120,1,hourPillar|minggongBranch|bodyPalaceBranch|soulStar|ascSign|mcSign|planetHouses,37.8500,12
제주-1980-02-15-12:24,제주,1980-02-15,12:24,-120,1,hourPillar|minggongBranch|bodyPalaceBranch|soulStar|ascSign|mcSign|planetHouses,36.7000,12
제주-1980-02-15-12:24,제주,1980-02-15,12:24,-60,1,hourPillar|minggongBranch|bodyPalaceBranch|soulStar|ascSign|planetHouses,17.0833,7
제주-1980-02-15-12:24,제주,1980-02-15,12:24,-30,1,planetHouses,8.2500,2
제주-1980-02-15-12:24,제주,1980-02-15,12:24,-15,0,,4.0500,0
제주-1980-02-15-12:24,제주,1980-02-15,12:24,-5,0,,1.3333,0
제주-1980-02-15-12:24,제주,1980-02-15,12:24,5,0,,1.3333,0
제주-1980-02-15-12:24,제주,1980-02-15,12:24,15,0,,3.9333,0
제주-1980-02-15-12:24,제주,1980-02-15,12:24,30,1,planetHouses,7.7500,2
제주-1980-02-15-12:24,제주,1980-02-15,12:24,60,1,mcSign|planetHouses,15.1000,6
제주-1980-02-15-12:24,제주,1980-02-15,12:24,120,1,hourPillar|minggongBranch|bodyPalaceBranch|soulStar|ascSign|mcSign|planetHouses,28.8500,12
제주-1980-02-15-14:38,제주,1980-02-15,14:38,-120,1,hourPillar|minggongBranch|bodyPalaceBranch|soulStar|ascSign|mcSign|planetHouses,28.2333,12
제주-1980-02-15-14:38,제주,1980-02-15,14:38,-60,1,ascSign|planetHouses,13.5167,5
제주-1980-02-15-14:38,제주,1980-02-15,14:38,-30,1,planetHouses,6.6333,2
제주-1980-02-15-14:38,제주,1980-02-15,14:38,-15,1,planetHouses,3.3000,1
제주-1980-02-15-14:38,제주,1980-02-15,14:38,-5,1,planetHouses,1.1000,1
제주-1980-02-15-14:38,제주,1980-02-15,14:38,5,1,planetHouses,1.0833,1
제주-1980-02-15-14:38,제주,1980-02-15,14:38,15,1,planetHouses,3.2500,3
제주-1980-02-15-14:38,제주,1980-02-15,14:38,30,1,mcSign|planetHouses,6.4667,3
제주-1980-02-15-14:38,제주,1980-02-15,14:38,60,1,hourPillar|minggongBranch|bodyPalaceBranch|soulStar|mcSign|planetHouses,12.8167,7
제주-1980-02-15-14:38,제주,1980-02-15,14:38,120,1,hourPillar|minggongBranch|bodyPalaceBranch|soulStar|ascSign|mcSign|planetHouses,25.3167,12
제주-1980-02-15-16:52,제주,1980-02-15,16:52,-120,1,hourPillar|minggongBranch|bodyPalaceBranch|soulStar|ascSign|mcSign|planetHouses,25.1833,12
제주-1980-02-15-16:52,제주,1980-02-15,16:52,-60,1,ascSign|mcSign|planetHouses,12.4667,6
제주-1980-02-15-16:52,제주,1980-02-15,16:52,-30,1,mcSign|planetHouses,6.2167,4
제주-1980-02-15-16:52,제주,1980-02-15,16:52,-15,1,mcSign|planetHouses,3.1167,3
제주-1980-02-15-16:52,제주,1980-02-15,16:52,-5,1,mcSign,1.0333,0
제주-1980-02-15-16:52,제주,1980-02-15,16:52,5,0,,1.0333,0
제주-1980-02-15-16:52,제주,1980-02-15,16:52,15,1,planetHouses,3.1000,1
제주-1980-02-15-16:52,제주,1980-02-15,16:52,30,1,planetHouses,6.2000,3
제주-1980-02-15-16:52,제주,1980-02-15,16:52,60,1,hourPillar|minggongBranch|bodyPalaceBranch|soulStar|planetHouses,12.4167,5
제주-1980-02-15-16:52,제주,1980-02-15,16:52,120,1,hourPillar|minggongBranch|bodyPalaceBranch|soulStar|ascSign|mcSign|planetHouses,24.9333,12
제주-1980-02-15-18:06,제주,1980-02-15,18:06,-120,1,hourPillar|minggongBranch|bodyPalaceBranch|soulStar|ascSign|mcSign|planetHouses,24.8833,12
제주-1980-02-15-18:06,제주,1980-02-15,18:06,-60,1,hourPillar|minggongBranch|bodyPalaceBranch|soulStar|planetHouses,12.4500,5
제주-1980-02-15-18:06,제주,1980-02-15,18:06,-30,1,planetHouses,6.2333,2
제주-1980-02-15-18:06,제주,1980-02-15,18:06,-15,1,planetHouses,3.1167,1
제주-1980-02-15-18:06,제주,1980-02-15,18:06,-5,0,,1.0500,0
제주-1980-02-15-18:06,제주,1980-02-15,18:06,5,0,,1.0333,0
제주-1980-02-15-18:06,제주,1980-02-15,18:06,15,1,planetHouses,3.1167,1
제주-1980-02-15-18:06,제주,1980-02-15,18:06,30,1,ascSign|planetHouses,6.2500,5
제주-1980-02-15-18:06,제주,1980-02-15,18:06,60,1,ascSign|mcSign|planetHouses,12.5333,7
제주-1980-02-15-18:06,제주,1980-02-15,18:06,120,1,hourPillar|minggongBranch|bodyPalaceBranch|soulStar|ascSign|mcSign|planetHouses,25.2000,11
제주-1980-02-15-20:20,제주,1980-02-15,20:20,-120,1,hourPillar|minggongBranch|bodyPalaceBranch|soulStar|ascSign|mcSign|planetHouses,25.2500,10
제주-1980-02-15-20:20,제주,1980-02-15,20:20,-60,1,hourPillar|minggongBranch|bodyPalaceBranch|soulStar|planetHouses,12.6833,3
제주-1980-02-15-20:20,제주,1980-02-15,20:20,-30,0,,6.3500,0
제주-1980-02-15-20:20,제주,1980-02-15,20:20,-15,0,,3.1833,0
제주-1980-02-15-20:20,제주,1980-02-15,20:20,-5,0,,1.0500,0
제주-1980-02-15-20:20,제주,1980-02-15,20:20,5,1,planetHouses,1.0667,2
제주-1980-02-15-20:20,제주,1980-02-15,20:20,15,1,planetHouses,3.1833,4
제주-1980-02-15-20:20,제주,1980-02-15,20:20,30,1,planetHouses,6.3667,7
제주-1980-02-15-20:20,제주,1980-02-15,20:20,60,1,ascSign|mcSign|planetHouses,12.7333,8
제주-1980-02-15-20:20,제주,1980-02-15,20:20,120,1,hourPillar|minggongBranch|bodyPalaceBranch|soulStar|ascSign|mcSign|planetHouses,25.4333,12
제주-1980-02-15-22:34,제주,1980-02-15,22:34,-120,1,hourPillar|minggongBranch|bodyPalaceBranch|soulStar|ascSign|mcSign|planetHouses,25.4167,9
제주-1980-02-15-22:34,제주,1980-02-15,22:34,-60,1,planetHouses,12.6833,2
제주-1980-02-15-22:34,제주,1980-02-15,22:34,-30,0,,6.3333,0
제주-1980-02-15-22:34,제주,1980-02-15,22:34,-15,0,,3.1667,0
제주-1980-02-15-22:34,제주,1980-02-15,22:34,-5,0,,1.0500,0
제주-1980-02-15-22:34,제주,1980-02-15,22:34,5,1,planetHouses,1.0500,3
제주-1980-02-15-22:34,제주,1980-02-15,22:34,15,1,planetHouses,3.1500,4
제주-1980-02-15-22:34,제주,1980-02-15,22:34,30,1,mcSign|planetHouses,6.3000,7
제주-1980-02-15-22:34,제주,1980-02-15,22:34,60,1,hourPillar|minggongBranch|bodyPalaceBranch|soulStar|ascSign|mcSign|planetHouses,12.5667,10
제주-1980-02-15-22:34,제주,1980-02-15,22:34,120,1,dayPillar|hourPillar|bodyPalaceBranch|sihua|ascSign|mcSign|planetHouses,25.0167,12
제주-1980-03-22-00:00,제주,1980-03-22,00:00,-120,1,hourPillar|minggongBranch|bodyPalaceBranch|soulStar|ascSign|mcSign|planetHouses,24.9167,11
제주-1980-03-22-00:00,제주,1980-03-22,00:00,-60,1,hourPillar|minggongBranch|bodyPalaceBranch|soulStar|ascSign|planetHouses,12.5000,2
제주-1980-03-22-00:00,제주,1980-03-22,00:00,-30,1,hourPillar|minggongBranch|bodyPalaceBranch|soulStar,6.2833,0
제주-1980-03-22-00:00,제주,1980-03-22,00:00,-15,0,,3.1500,0
제주-1980-03-22-00:00,제주,1980-03-22,00:00,-5,0,,1.0500,0
제주-1980-03-22-00:00,제주,1980-03-22,00:00,5,1,planetHouses,1.0500,3
제주-1980-03-22-00:00,제주,1980-03-22,00:00,15,1,planetHouses,3.1667,4
제주-1980-03-22-00:00,제주,1980-03-22,00:00,30,1,planetHouses,6.3667,4
제주-1980-03-22-00:00,제주,1980-03-22,00:00,60,1,dayPillar|mcSign|planetHouses,12.8667,9
제주-1980-03-22-00:00,제주,1980-03-22,00:00,120,1,dayPillar|hourPillar|minggongBranch|bodyPalaceBranch|soulStar|ascSign|mcSign|planetHouses,26.4667,12
제주-1980-03-22-02:14,제주,1980-03-22,02:14,-120,1,dayPillar|hourPillar|minggongBranch|bodyPalaceBranch|soulStar|ascSign|mcSign|planetHouses,26.8333,12
제주-1980-03-22-02:14,제주,1980-03-22,02:14,-60,1,hourPillar|minggongBranch|bodyPalaceBranch|soulStar|ascSign|planetHouses,13.8500,5
제주-1980-03-22-02:14,제주,1980-03-22,02:14,-30,1,planetHouses,7.0667,4
제주-1980-03-22-02:14,제주,1980-03-22,02:14,-15,1,planetHouses,3.5667,1
제주-1980-03-22-02:14,제주,1980-03-22,02:14,-5,1,planetHouses,1.2000,1
제주-1980-03-22-02:14,제주,1980-03-22,02:14,5,0,,1.2000,0
제주-1980-03-22-02:14,제주,1980-03-22,02:14,15,1,mcSign|planetHouses,3.6500,1
제주-1980-03-22-02:14,제주,1980-03-22,02:14,30,1,mcSign|planetHouses,7.4000,2
제주-1980-03-22-02:14,제주,1980-03-22,02:14,60,1,mcSign|planetHouses,15.2333,7
제주-1980-03-22-02:14,제주,1980-03-22,02:14,120,1,hourPillar|minggongBranch|bodyPalaceBranch|soulStar|ascSign|mcSign|planetHouses,32.5167,11
제주-1980-03-22-04:28,제주,1980-03-22,04:28,-120,1,hourPillar|minggongBranch|bodyPalaceBranch|soulStar|ascSign|mcSign|planetHouses,33.5167,12
제주-1980-03-22-04:28,제주,1980-03-22,04:28,-60,1,hourPillar|minggongBranch|bodyPalaceBranch|soulStar|ascSign|mcSign|planetHouses,17.8667,7
제주-1980-03-22-04:28,제주,1980-03-22,04:28,-30,1,mcSign|planetHouses,9.2500,3
제주-1980-03-22-04:28,제주,1980-03-22,04:28,-15,1,mcSign|planetHouses,4.7000,2
제주-1980-03-22-04:28,제주,1980-03-22,04:28,-5,1,mcSign|planetHouses,1.5833,1
제주-1980-03-22-04:28,제주,1980-03-22,04:28,5,0,,1.6000,0
제주-1980-03-22-04:28,제주,1980-03-22,04:28,15,1,planetHouses,4.8667,1
제주-1980-03-22-04:28,제주,1980-03-22,04:28,30,1,planetHouses,9.8833,1
제주-1980-03-22-04:28,제주,1980-03-22,04:28,60,1,ascSign|planetHouses,20.4167,7
제주-1980-03-22-04:28,제주,1980-03-22,04:28,120,1,hourPillar|minggongBranch|bodyPalaceBranch|soulStar|ascSign|planetHouses,42.9000,12
제주-1980-03-22-06:42,제주,1980-03-22,06:42,-120,1,hourPillar|minggongBranch|bodyPalaceBranch|soulStar|ascSign|mcSign|planetHouses,43.7167,12
제주-1980-03-22-06:42,제주,1980-03-22,06:42,-60,1,ascSign|mcSign|planetHouses,22.7167,4
제주-1980-03-22-06:42,제주,1980-03-22,06:42,-30,1,ascSign|mcSign|planetHouses,11.4667,2
제주-1980-03-22-06:42,제주,1980-03-22,06:42,-15,1,ascSign|mcSign|planetHouses,5.7333,1
제주-1980-03-22-06:42,제주,1980-03-22,06:42,-5,1,planetHouses,1.9167,1
제주-1980-03-22-06:42,제주,1980-03-22,06:42,5,0,,1.9167,0
제주-1980-03-22-06:42,제주,1980-03-22,06:42,15,1,planetHouses,5.7333,4
제주-1980-03-22-06:42,제주,1980-03-22,06:42,30,1,planetHouses,11.4167,6
제주-1980-03-22-06:42,제주,1980-03-22,06:42,60,1,hourPillar|minggongBranch|bodyPalaceBranch|soulStar|planetHouses,22.5000,10
제주-1980-03-22-06:42,제주,1980-03-22,06:42,120,1,hourPillar|minggongBranch|bodyPalaceBranch|soulStar|ascSign|planetHouses,43.0000,12
제주-1980-03-22-08:56,제주,1980-03-22,08:56,-120,1,hourPillar|minggongBranch|bodyPalaceBranch|soulStar|ascSign|mcSign|planetHouses,42.0500,12
제주-1980-03-22-08:56,제주,1980-03-22,08:56,-60,1,ascSign|mcSign|planetHouses,19.9000,7
제주-1980-03-22-08:56,제주,1980-03-22,08:56,-30,1,mcSign|planetHouses,9.6167,6
제주-1980-03-22-08:56,제주,1980-03-22,08:56,-15,1,mcSign|planetHouses,4.7333,4
제주-1980-03-22-08:56,제주,1980-03-22,08:56,-5,0,,1.5667,0
제주-1980-03-22-08:56,제주,1980-03-22,08:56,5,0,,1.5333,0
제주-1980-03-22-08:56,제주,1980-03-22,08:56,15,1,planetHouses,4.5667,1
제주-1980-03-22-08:56,제주,1980-03-22,08:56,30,1,planetHouses,8.9667,4
제주-1980-03-22-08:56,제주,1980-03-22,08:56,60,1,hourPillar|minggongBranch|bodyPalaceBranch|soulStar|ascSign|planetHouses,17.3333,5
제주-1980-03-22-08:56,제주,1980-03-22,08:56,120,1,hourPillar|minggongBranch|bodyPalaceBranch|soulStar|ascSign|mcSign|planetHouses,32.6167,11
제주-1980-03-22-10:10,제주,1980-03-22,10:10,-120,1,hourPillar|minggongBranch|bodyPalaceBranch|soulStar|ascSign|mcSign|planetHouses,36.0833,12
제주-1980-03-22-10:10,제주,1980-03-22,10:10,-60,1,hourPillar|minggongBranch|bodyPalaceBranch|soulStar|ascSign|planetHouses,16.8000,4
제주-1980-03-22-10:10,제주,1980-03-22,10:10,-30,0,,8.1167,0
제주-1980-03-22-10:10,제주,1980-03-22,10:10,-15,0,,4.0000,0
제주-1980-03-22-10:10,제주,1980-03-22,10:10,-5,0,,1.3167,0
제주-1980-03-22-10:10,제주,1980-03-22,10:10,5,1,planetHouses,1.3000,1
제주-1980-03-22-10:10,제주,1980-03-22,10:10,15,1,planetHouses,3.8667,2
제주-1980-03-22-10:10,제주,1980-03-22,10:10,30,1,planetHouses,7.6333,5
제주-1980-03-22-10:10,제주,1980-03-22,10:10,60,1,mcSign|planetHouses,14.8833,9
제주-1980-03-22-10:10,제주,1980-03-22,10:10,120,1,hourPillar|minggongBranch|bodyPalaceBranch|soulStar|ascSign|mcSign|planetHouses,28.5000,12
제주-1980-03-22-12:24,제주,1980-03-22,12:24,-120,1,hourPillar|minggongBranch|bodyPalaceBranch|soulStar|ascSign|mcSign|planetHouses,27.9500,11
제주-1980-03-22-12:24,제주,1980-03-22,12:24,-60,1,hourPillar|minggongBranch|bodyPalaceBranch|soulStar|ascSign|planetHouses,13.4167,6
제주-1980-03-22-12:24,제주,1980-03-22,12:24,-30,1,planetHouses,6.6000,4
제주-1980-03-22-12:24,제주,1980-03-22,12:24,-15,1,planetHouses,3.2833,4
제주-1980-03-22-12:24,제주,1980-03-22,12:24,-5,1,planetHouses,1.1000,3
제주-1980-03-22-12:24,제주,1980-03-22,12:24,5,0,,1.0667,0
제주-1980-03-22-12:24,제주,1980-03-22,12:24,15,1,mcSign,3.2333,0
제주-1980-03-22-12:24,제주,1980-03-22,12:24,30,1,mcSign|planetHouses,6.4333,3
제주-1980-03-22-12:24,제주,1980-03-22,12:24,60,1,mcSign|planetHouses,12.7500,6
제주-1980-03-22-12:24,제주,1980-03-22,12:24,120,1,hourPillar|minggongBranch|bodyPalaceBranch|soulStar|ascSign|mcSign|planetHouses,25.2167,12
제주-1980-03-22-14:38,제주,1980-03-22,14:38,-120,1,hourPillar|minggongBranch|bodyPalaceBranch|soulStar|ascSign|mcSign|planetHouses,25.1000,12
제주-1980-03-22-14:38,제주,1980-03-22,14:38,-60,1,ascSign|mcSign|planetHouses,12.4333,7
제주-1980-03-22-14:38,제주,1980-03-22,14:38,-30,1,mcSign|planetHouses,6.2000,4
제주-1980-03-22-14:38,제주,1980-03-22,14:38,-15,1,mcSign|planetHouses,3.1000,1
제주-1980-03-22-14:38,제주,1980-03-22,14:38,-5,0,,1.0333,0
제주-1980-03-22-14:38,제주,1980-03-22,14:38,5,1,planetHouses,1.0333,1
제주-1980-03-22-14:38,제주,1980-03-22,14:38,15,1,planetHouses,3.1000,1
제주-1980-03-22-14:38,제주,1980-03-22,14:38,30,1,planetHouses,6.2167,2
제주-1980-03-22-14:38,제주,1980-03-22,14:38,60,1,hourPillar|minggongBranch|bodyPalaceBranch|soulStar|planetHouses,12.4333,4
제주-1980-03-22-14:38,제주,1980-03-22,14:38,120,1,hourPillar|minggongBranch|bodyPalaceBranch|soulStar|ascSign|mcSign|planetHouses,24.9667,12
제주-1980-03-22-16:52,제주,1980-03-22,16:52,-120,1,hourPillar|minggongBranch|bodyPalaceBranch|soulStar|ascSign|mcSign|planetHouses,25.0167,12
제주-1980-03-22-16:52,제주,1980-03-22,16:52,-60,1,ascSign|mcSign|planetHouses,12.5667,9
제주-1980-03-22-16:52,제주,1980-03-22,16:52,-30,1,mcSign|planetHouses,6.3000,2
제주-1980-03-22-16:52,제주,1980-03-22,16:52,-15,1,planetHouses,3.1667,2
제주-1980-03-22-16:52,제주,1980-03-22,16:52,-5,1,planetHouses,1.0667,1
제주-1980-03-22-16:52,제주,1980-03-22,16:52,5,0,,1.0500,0
제주-1980-03-22-16:52,제주,1980-03-22,16:52,15,0,,3.1500,0
제주-1980-03-22-16:52,제주,1980-03-22,16:52,30,0,,6.3167,0
제주-1980-03-22-16:52,제주,1980-03-22,16:52,60,1,hourPillar|minggongBranch|bodyPalaceBranch|soulStar|planetHouses,12.6667,2
제주-1980-03-22-16:52,제주,1980-03-22,16:52,120,1,hourPillar|minggongBranch|bodyPalaceBranch|soulStar|ascSign|mcSign|planetHouses,25.4000,11
제주-1980-03-22-18:06,제주,1980-03-22,18:06,-120,1,hourPillar|minggongBranch|bodyPalaceBranch|soulStar|ascSign|mcSign|planetHouses,25.2833,9
제주-1980-03-22-18:06,제주,1980-03-22,18:06,-60,1,hourPillar|minggongBranch|bodyPalaceBranch|soulStar|planetHouses,12.7000,5
제주-1980-03-22-18:06,제주,1980-03-22,18:06,-30,1,planetHouses,6.3500,5
제주-1980-03-22-18:06,제주,1980-03-22,18:06,-15,1,planetHouses,3.1833,3
제주-1980-03-22-18:06,제주,1980-03-22,18:06,-5,1,planetHouses,1.0667,2
제주-1980-03-22-18:06,제주,1980-03-22,18:06,5,1,planetHouses,1.0667,3
제주-1980-03-22-18:06,제주,1980-03-22,18:06,15,1,planetHouses,3.1833,3
제주-1980-03-22-18:06,제주,1980-03-22,18:06,30,1,ascSign|mcSign|planetHouses,6.3667,5
제주-1980-03-22-18:06,제주,1980-03-22,18:06,60,1,ascSign|mcSign|planetHouses,12.7333,7
제주-1980-03-22-18:06,제주,1980-03-22,18:06,120,1,hourPillar|minggongBranch|bodyPalaceBranch|soulStar|ascSign|mcSign|planetHouses,25.4333,9
제주-1980-03-22-20:20,제주,1980-03-22,20:20,-120,1,hourPillar|minggongBranch|bodyPalaceBranch|soulStar|ascSign|mcSign|planetHouses,25.4000,8
제주-1980-03-22-20:20,제주,1980-03-22,20:20,-60,1,hourPillar|minggongBranch|bodyPalaceBranch|soulStar|planetHouses,12.6667,4
제주-1980-03-22-20:20,제주,1980-03-22,20:20,-30,1,planetHouses,6.3167,4
제주-1980-03-22-20:20,제주,1980-03-22,20:20,-15,1,planetHouses,3.1500,2
제주-1980-03-22-20:20,제주,1980-03-22,20:20,-5,0,,1.0500,0
제주-1980-03-22-20:20,제주,1980-03-22,20:20,5,1,planetHouses,1.0500,4
제주-1980-03-22-20:20,제주,1980-03-22,20:20,15,1,planetHouses,3.1500,4
제주-1980-03-22-20:20,제주,1980-03-22,20:20,30,1,mcSign|planetHouses,6.3000,7
제주-1980-03-22-20:20,제주,1980-03-22,20:20,60,1,ascSign|mcSign|planetHouses,12.5500,8
제주-1980-03-22-20:20,제주,1980-03-22,20:20,120,1,hourPillar|minggongBranch|bodyPalaceBranch|soulStar|ascSign|mcSign|planetHouses,25.0000,11
제주-1980-03-22-22:34,제주,1980-03-22,22:34,-120,1,hourPillar|minggongBranch|bodyPalaceBranch|soulStar|ascSign|mcSign|planetHouses,24.9500,10
제주-1980-03-22-22:34,제주,1980-03-22,22:34,-60,1,planetHouses,12.4333,6
제주-1980-03-22-22:34,제주,1980-03-22,22:34,-30,1,planetHouses,6.2167,6
제주-1980-03-22-22:34,제주,1980-03-22,22:34,-15,1,planetHouses,3.1167,4
제주-1980-03-22-22:34,제주,1980-03-22,22:34,-5,1,planetHouses,1.0333,3
제주-1980-03-22-22:34,제주,1980-03-22,22:34,5,1,planetHouses,1.0333,1
제주-1980-03-22-22:34,제주,1980-03-22,22:34,15,1,mcSign|planetHouses,3.1000,3
제주-1980-03-22-22:34,제주,1980-03-22,22:34,30,1,mcSign|planetHouses,6.2000,5
제주-1980-03-22-22:34,제주,1980-03-22,22:34,60,1,hourPillar|minggongBranch|bodyPalaceBranch|soulStar|ascSign|mcSign|planetHouses,12.4500,6
제주-1980-03-22-22:34,제주,1980-03-22,22:34,120,1,dayPillar|hourPillar|minggongBranch|bodyPalaceBranch|soulStar|ascSign|mcSign|planetHouses,25.1333,9
제주-1980-04-02-00:00,제주,1980-04-02,00:00,-120,1,hourPillar|minggongBranch|bodyPalaceBranch|soulStar|ascSign|mcSign|planetHouses,25.1833,10
제주-1980-04-02-00:00,제주,1980-04-02,00:00,-60,1,hourPillar|minggongBranch|bodyPalaceBranch|soulStar|mcSign|planetHouses,12.7333,5
제주-1980-04-02-00:00,제주,1980-04-02,00:00,-30,1,hourPillar|minggongBranch|bodyPalaceBranch|soulStar|mcSign|planetHouses,6.4167,2
제주-1980-04-02-00:00,제주,1980-04-02,00:00,-15,1,mcSign|planetHouses,3.2167,2
제주-1980-04-02-00:00,제주,1980-04-02,00:00,-5,1,planetHouses,1.0833,2
제주-1980-04-02-00:00,제주,1980-04-02,00:00,5,1,planetHouses,1.0833,2
제주-1980-04-02-00:00,제주,1980-04-02,00:00,15,1,planetHouses,3.2667,3
제주-1980-04-02-00:00,제주,1980-04-02,00:00,30,1,planetHouses,6.5667,5
제주-1980-04-02-00:00,제주,1980-04-02,00:00,60,1,dayPillar|ascSign|planetHouses,13.3500,6
제주-1980-04-02-00:00,제주,1980-04-02,00:00,120,1,dayPillar|hourPillar|minggongBranch|bodyPalaceBranch|soulStar|ascSign|mcSign|planetHouses,27.7833,11
제주-1980-04-02-02:14,제주,1980-04-02,02:14,-120,1,dayPillar|hourPillar|minggongBranch|bodyPalaceBranch|soulStar|ascSign|mcSign|planetHouses,28.3333,12
제주-1980-04-02-02:14,제주,1980-04-02,02:14,-60,1,hourPillar|minggongBranch|bodyPalaceBranch|soulStar|mcSign|planetHouses,14.7833,8
제주-1980-04-02-02:14,제주,1980-04-02,02:14,-30,1,mcSign|planetHouses,7.5833,5
제주-1980-04-02-02:14,제주,1980-04-02,02:14,-15,1,planetHouses,3.8500,4
제주-1980-04-02-02:14,제주,1980-04-02,02:14,-5,1,planetHouses,1.3000,3
제주-1980-04-02-02:14,제주,1980-04-02,02:14,5,0,,1.3000,0
제주-1980-04-02-02:14,제주,1980-04-02,02:14,15,1,planetHouses,3.9667,1
제주-1980-04-02-02:14,제주,1980-04-02,02:14,30,1,planetHouses,8.0500,2
제주-1980-04-02-02:14,제주,1980-04-02,02:14,60,1,ascSign|planetHouses,16.6500,4
제주-1980-04-02-02:14,제주,1980-04-02,02:14,120,1,hourPillar|minggongBranch|bodyPalaceBranch|soulStar|ascSign|mcSign|planetHouses,35.7500,9
제주-1980-04-02-04:28,제주,1980-04-02,04:28,-120,1,hourPillar|minggongBranch|bodyPalaceBranch|soulStar|ascSign|mcSign|planetHouses,36.8833,11
제주-1980-04-02-04:28,제주,1980-04-02,04:28,-60,1,hourPillar|minggongBranch|bodyPalaceBranch|soulStar|mcSign|planetHouses,19.7167,6
제주-1980-04-02-04:28,제주,1980-04-02,04:28,-30,1,planetHouses,10.1833,3
제주-1980-04-02-04:28,제주,1980-04-02,04:28,-15,1,planetHouses,5.1667,3
제주-1980-04-02-04:28,제주,1980-04-02,04:28,-5,1,planetHouses,1.7333,2
제주-1980-04-02-04:28,제주,1980-04-02,04:28,5,1,ascSign|planetHouses,1.7667,1
제주-1980-04-02-04:28,제주,1980-04-02,04:28,15,1,ascSign|planetHouses,5.3333,2
제주-1980-04-02-04:28,제주,1980-04-02,04:28,30,1,ascSign|planetHouses,10.7833,3
제주-1980-04-02-04:28,제주,1980-04-02,04:28,60,1,ascSign|planetHouses,22.0333,8
제주-1980-04-02-04:28,제주,1980-04-02,04:28,120,1,hourPillar|minggongBranch|bodyPalaceBranch|soulStar|ascSign|mcSign|planetHouses,44.9167,12
제주-1980-04-02-06:42,제주,1980-04-02,06:42,-120,1,hourPillar|minggongBranch|bodyPalaceBranch|soulStar|ascSign|mcSign|planetHouses,45.1833,12
제주-1980-04-02-06:42,제주,1980-04-02,06:42,-60,1,ascSign|mcSign|planetHouses,22.7833,5
제주-1980-04-02-06:42,제주,1980-04-02,06:42,-30,1,planetHouses,11.3000,2
제주-1980-04-02-06:42,제주,1980-04-02,06:42,-15,0,,5.6000,0
제주-1980-04-02-06:42,제주,1980-04-02,06:42,-5,0,,1.8500,0
제주-1980-04-02-06:42,제주,1980-04-02,06:42,5,1,planetHouses,1.8500,1
제주-1980-04-02-06:42,제주,1980-04-02,06:42,15,1,planetHouses,5.5000,2
제주-1980-04-02-06:42,제주,1980-04-02,06:42,30,1,planetHouses,10.8833,6
제주-1980-04-02-06:42,제주,1980-04-02,06:42,60,1,hourPillar|minggongBranch|bodyPalaceBranch|soulStar|ascSign|planetHouses,21.1667,7
제주-1980-04-02-06:42,제주,1980-04-02,06:42,120,1,hourPillar|minggongBranch|bodyPalaceBranch|soulStar|ascSign|mcSign|planetHouses,39.7833,12
제주-1980-04-02-08:56,제주,1980-04-02,08:56,-120,1,hourPillar|minggongBranch|bodyPalaceBranch|soulStar|ascSign|mcSign|planetHouses,38.6167,12
제주-1980-04-02-08:56,제주,1980-04-02,08:56,-60,1,ascSign|mcSign|planetHouses,18.0167,9
제주-1980-04-02-08:56,제주,1980-04-02,08:56,-30,1,ascSign|planetHouses,8.7000,5
제주-1980-04-02-08:56,제주,1980-04-02,08:56,-15,1,ascSign|planetHouses,4.2667,1
제주-1980-04-02-08:56,제주,1980-04-02,08:56,-5,1,planetHouses,1.4167,1
제주-1980-04-02-08:56,제주,1980-04-02,08:56,5,1,planetHouses,1.4000,1
제주-1980-04-02-08:56,제주,1980-04-02,08:56,15,1,planetHouses,4.1333,1
제주-1980-04-02-08:56,제주,1980-04-02,08:56,30,1,planetHouses,8.1333,3
제주-1980-04-02-08:56,제주,1980-04-02,08:56,60,1,hourPillar|minggongBranch|bodyPalaceBranch|soulStar|planetHouses,15.7833,6
제주-1980-04-02-08:56,제주,1980-04-02,08:56,120,1,hourPillar|minggongBranch|bodyPalaceBranch|soulStar|ascSign|mcSign|planetHouses,29.9833,10
제주-1980-04-02-10:10,제주,1980-04-02,10:10,-120,1,hourPillar|minggongBranch|bodyPalaceBranch|soulStar|ascSign|mcSign|planetHouses,32.8000,12
제주-1980-04-02-10:10,제주,1980-04-02,10:10,-60,1,hourPillar|minggongBranch|bodyPalaceBranch|soulStar|mcSign|planetHouses,15.3500,6
제주-1980-04-02-10:10,제주,1980-04-02,10:10,-30,1,mcSign|planetHouses,7.4500,4
제주-1980-04-02-10:10,제주,1980-04-02,10:10,-15,1,mcSign|planetHouses,3.6833,1
제주-1980-04-02-10:10,제주,1980-04-02,10:10,-5,0,,1.2167,0
제주-1980-04-02-10:10,제주,1980-04-02,10:10,5,1,planetHouses,1.2000,1
제주-1980-04-02-10:10,제주,1980-04-02,10:10,15,1,planetHouses,3.5833,1
제주-1980-04-02-10:10,제주,1980-04-02,10:10,30,1,planetHouses,7.1000,2
제주-1980-04-02-10:10,제주,1980-04-02,10:10,60,1,ascSign|planetHouses,13.9167,6
제주-1980-04-02-10:10,제주,1980-04-02,10:10,120,1,hourPillar|minggongBranch|bodyPalaceBranch|soulStar|ascSign|mcSign|planetHouses,26.9500,12
제주-1980-04-02-12:24,제주,1980-04-02,12:24,-120,1,hourPillar|minggongBranch|bodyPalaceBranch|soulStar|ascSign|mcSign|planetHouses,26.5667,11
제주-1980-04-02-12:24,제주,1980-04-02,12:24,-60,1,hourPillar|minggongBranch|bodyPalaceBranch|soulStar|mcSign|planetHouses,12.9000,5
제주-1980-04-02-12:24,제주,1980-04-02,12:24,-30,1,planetHouses,6.3833,1
제주-1980-04-02-12:24,제주,1980-04-02,12:24,-15,0,,3.1833,0
제주-1980-04-02-12:24,제주,1980-04-02,12:24,-5,0,,1.0500,0
제주-1980-04-02-12:24,제주,1980-04-02,12:24,5,0,,1.0500,0
제주-1980-04-02-12:24,제주,1980-04-02,12:24,15,1,planetHouses,3.1500,2
제주-1980-04-02-12:24,제주,1980-04-02,12:24,30,1,planetHouses,6.2833,3
제주-1980-04-02-12:24,제주,1980-04-02,12:24,60,1,ascSign|planetHouses,12.5167,8
제주-1980-04-02-12:24,제주,1980-04-02,12:24,120,1,hourPillar|minggongBranch|bodyPalaceBranch|soulStar|ascSign|mcSign|planetHouses,24.9333,12
제주-1980-04-02-14:38,제주,1980-04-02,14:38,-120,1,hourPillar|minggongBranch|bodyPalaceBranch|soulStar|ascSign|mcSign|planetHouses,24.9000,10
제주-1980-04-02-14:38,제주,1980-04-02,14:38,-60,1,mcSign|planetHouses,12.4333,2
제주-1980-04-02-14:38,제주,1980-04-02,14:38,-30,0,,6.2167,0
제주-1980-04-02-14:38,제주,1980-04-02,14:38,-15,0,,3.1167,0
제주-1980-04-02-14:38,제주,1980-04-02,14:38,-5,0,,1.0500,0
제주-1980-04-02-14:38,제주,1980-04-02,14:38,5,1,planetHouses,1.0333,1
제주-1980-04-02-14:38,제주,1980-04-02,14:38,15,1,planetHouses,3.1000,2
제주-1980-04-02-14:38,제주,1980-04-02,14:38,30,1,planetHouses,6.2333,3
제주-1980-04-02-14:38,제주,1980-04-02,14:38,60,1,hourPillar|minggongBranch|bodyPalaceBranch|soulStar|ascSign|planetHouses,12.4833,11
제주-1980-04-02-14:38,제주,1980-04-02,14:38,120,1,hourPillar|minggongBranch|bodyPalaceBranch|soulStar|ascSign|mcSign|planetHouses,25.1167,12
제주-1980-04-02-16:52,제주,1980-04-02,16:52,-120,1,hourPillar|minggongBranch|bodyPalaceBranch|soulStar|ascSign|mcSign|planetHouses,25.1667,12
제주-1980-04-02-16:52,제주,1980-04-02,16:52,-60,1,planetHouses,12.6500,3
제주-1980-04-02-16:52,제주,1980-04-02,16:52,-30,1,planetHouses,6.3333,2
제주-1980-04-02-16:52,제주,1980-04-02,16:52,-15,1,planetHouses,3.1667,2
제주-1980-04-02-16:52,제주,1980-04-02,16:52,-5,0,,1.0500,0
제주-1980-04-02-16:52,제주,1980-04-02,16:52,5,0,,1.0667,0
제주-1980-04-02-16:52,제주,1980-04-02,16:52,15,0,,3.1833,0
제주-1980-04-02-16:52,제주,1980-04-02,16:52,30,1,planetHouses,6.3667,4
제주-1980-04-02-16:52,제주,1980-04-02,16:52,60,1,hourPillar|minggongBranch|bodyPalaceBranch|soulStar|ascSign|mcSign|planetHouses,12.7333,8
제주-1980-04-02-16:52,제주,1980-04-02,16:52,120,1,hourPillar|minggongBranch|bodyPalaceBranch|soulStar|ascSign|mcSign|planetHouses,25.4500,12
제주-1980-04-02-18:06,제주,1980-04-02,18:06,-120,1,hourPillar|minggongBranch|bodyPalaceBranch|soulStar|ascSign|mcSign|planetHouses,25.4000,11
제주-1980-04-02-18:06,제주,1980-04-02,18:06,-60,1,hourPillar|minggongBranch|bodyPalaceBranch|soulStar|ascSign|mcSign|planetHouses,12.7333,9
제주-1980-04-02-18:06,제주,1980-04-02,18:06,-30,1,ascSign|mcSign|planetHouses,6.3667,3
제주-1980-04-02-18:06,제주,1980-04-02,18:06,-15,1,planetHouses,3.1833,1
제주-1980-04-02-18:06,제주,1980-04-02,18:06,-5,0,,1.0667,0
제주-1980-04-02-18:06,제주,1980-04-02,18:06,5,0,,1.0667,0
제주-1980-04-02-18:06,제주,1980-04-02,18:06,15,1,planetHouses,3.1833,1
제주-1980-04-02-18:06,제주,1980-04-02,18:06,30,1,planetHouses,6.3667,1
제주-1980-04-02-18:06,제주,1980-04-02,18:06,60,1,planetHouses,12.7167,3
제주-1980-04-02-18:06,제주,1980-04-02,18:06,120,1,hourPillar|minggongBranch|bodyPalaceBranch|soulStar|mcSign|planetHouses,25.3167,11
제주-1980-04-02-20:20,제주,1980-04-02,20:20,-120,1,hourPillar|minggongBranch|bodyPalaceBranch|soulStar|ascSign|mcSign|planetHouses,25.2833,11
제주-1980-04-02-20:20,제주,1980-04-02,20:20,-60,1,hourPillar|minggongBranch|bodyPalaceBranch|soulStar|ascSign|mcSign|planetHouses,12.5833,8
제주-1980-04-02-20:20,제주,1980-04-02,20:20,-30,1,ascSign|mcSign|planetHouses,6.2833,3
제주-1980-04-02-20:20,제주,1980-04-02,20:20,-15,1,ascSign|planetHouses,3.1333,1
제주-1980-04-02-20:20,제주,1980-04-02,20:20,-5,0,,1.0500,0
제주-1980-04-02-20:20,제주,1980-04-02,20:20,5,0,,1.0333,0
제주-1980-04-02-20:20,제주,1980-04-02,20:20,15,1,planetHouses,3.1167,1
제주-1980-04-02-20:20,제주,1980-04-02,20:20,30,1,planetHouses,6.2500,3
제주-1980-04-02-20:20,제주,1980-04-02,20:20,60,1,planetHouses,12.4667,4
제주-1980-04-02-20:20,제주,1980-04-02,20:20,120,1,hourPillar|minggongBranch|bodyPalaceBranch|soulStar|mcSign|planetHouses,24.8833,11
제주-1980-04-02-22:34,제주,1980-04-02,22:34,-120,1,hourPillar|minggongBranch|bodyPalaceBranch|soulStar|mcSign|planetHouses,24.8667,12
제주-1980-04-02-22:34,제주,1980-04-02,22:34,-60,1,mcSign|planetHouses,12.4167,8
제주-1980-04-02-22:34,제주,1980-04-02,22:34,-30,1,planetHouses,6.2167,3
제주-1980-04-02-22:34,제주,1980-04-02,22:34,-15,1,planetHouses,3.1000,2
제주-1980-04-02-22:34,제주,1980-04-02,22:34,-5,1,planetHouses,1.0333,1
제주-1980-04-02-22:34,제주,1980-04-02,22:34,5,1,ascSign,1.0500,0
제주-1980-04-02-22:34,제주,1980-04-02,22:34,15,1,ascSign|planetHouses,3.1333,1
제주-1980-04-02-22:34,제주,1980-04-02,22:34,30,1,ascSign|planetHouses,6.2667,2
제주-1980-04-02-22:34,제주,1980-04-02,22:34,60,1,hourPillar|minggongBranch|bodyPalaceBranch|soulStar|ascSign|planetHouses,12.6000,4
제주-1980-04-02-22:34,제주,1980-04-02,22:34,120,1,dayPillar|hourPillar|minggongBranch|bodyPalaceBranch|soulStar|ascSign|mcSign|planetHouses,25.6667,12
제주-1980-05-09-00:00,제주,1980-05-09,00:00,-120,1,hourPillar|minggongBranch|bodyPalaceBranch|soulStar|ascSign|mcSign|planetHouses,28.8333,11
제주-1980-05-09-00:00,제주,1980-05-09,00:00,-60,1,hourPillar|minggongBranch|bodyPalaceBranch|soulStar|mcSign|planetHouses,15.0833,6
제주-1980-05-09-00:00,제주,1980-05-09,00:00,-30,1,hourPillar|minggongBranch|bodyPalaceBranch|soulStar|planetHouses,7.7500,5
제주-1980-05-09-00:00,제주,1980-05-09,00:00,-15,1,planetHouses,3.9333,2
제주-1980-05-09-00:00,제주,1980-05-09,00:00,-5,1,planetHouses,1.3167,1
제주-1980-05-09-00:00,제주,1980-05-09,00:00,5,1,planetHouses,1.3333,2
제주-1980-05-09-00:00,제주,1980-05-09,00:00,15,1,planetHouses,4.0667,3
제주-1980-05-09-00:00,제주,1980-05-09,00:00,30,1,planetHouses,8.2500,3
제주-1980-05-09-00:00,제주,1980-05-09,00:00,60,1,dayPillar|ascSign|planetHouses,17.0833,7
제주-1980-05-09-00:00,제주,1980-05-09,00:00,120,1,dayPillar|hourPillar|minggongBranch|bodyPalaceBranch|soulStar|ascSign|mcSign|planetHouses,36.6833,10
제주-1980-05-09-02:14,제주,1980-05-09,02:14,-120,1,dayPillar|hourPillar|minggongBranch|bodyPalaceBranch|soulStar|ascSign|mcSign|planetHouses,37.8500,12
제주-1980-05-09-02:14,제주,1980-05-09,02:14,-60,1,hourPillar|minggongBranch|bodyPalaceBranch|soulStar|ascSign|mcSign|planetHouses,20.2167,8
제주-1980-05-09-02:14,제주,1980-05-09,02:14,-30,1,ascSign|planetHouses,10.4333,6
제주-1980-05-09-02:14,제주,1980-05-09,02:14,-15,1,ascSign|planetHouses,5.3000,3
제주-1980-05-09-02:14,제주,1980-05-09,02:14,-5,1,planetHouses,1.7833,1
제주-1980-05-09-02:14,제주,1980-05-09,02:14,5,1,planetHouses,1.7833,1
제주-1980-05-09-02:14,제주,1980-05-09,02:14,15,1,planetHouses,5.4333,2
제주-1980-05-09-02:14,제주,1980-05-09,02:14,30,1,planetHouses,10.9833,3
제주-1980-05-09-02:14,제주,1980-05-09,02:14,60,1,planetHouses,22.3333,5
제주-1980-05-09-02:14,제주,1980-05-09,02:14,120,1,hourPillar|minggongBranch|bodyPalaceBranch|soulStar|ascSign|mcSign|planetHouses,45.1500,12
제주-1980-05-09-04:28,제주,1980-05-09,04:28,-120,1,hourPillar|minggongBranch|bodyPalaceBranch|soulStar|ascSign|mcSign|planetHouses,45.2333,12
제주-1980-05-09-04:28,제주,1980-05-09,04:28,-60,1,hourPillar|minggongBranch|bodyPalaceBranch|soulStar|planetHouses,22.6000,9
제주-1980-05-09-04:28,제주,1980-05-09,04:28,-30,1,planetHouses,11.1500,4
제주-1980-05-09-04:28,제주,1980-05-09,04:28,-15,1,planetHouses,5.5167,2
제주-1980-05-09-04:28,제주,1980-05-09,04:28,-5,0,,1.8167,0
제주-1980-05-09-04:28,제주,1980-05-09,04:28,5,1,planetHouses,1.8167,1
제주-1980-05-09-04:28,제주,1980-05-09,04:28,15,1,planetHouses,5.4167,1
제주-1980-05-09-04:28,제주,1980-05-09,04:28,30,1,ascSign|planetHouses,10.6667,2
제주-1980-05-09-04:28,제주,1980-05-09,04:28,60,1,ascSign|planetHouses,20.7167,6
제주-1980-05-09-04:28,제주,1980-05-09,04:28,120,1,hourPillar|minggongBranch|bodyPalaceBranch|soulStar|ascSign|mcSign|planetHouses,38.8333,12
제주-1980-05-09-06:42,제주,1980-05-09,06:42,-120,1,hourPillar|minggongBranch|bodyPalaceBranch|soulStar|ascSign|mcSign|planetHouses,37.6667,12
제주-1980-05-09-06:42,제주,1980-05-09,06:42,-60,1,ascSign|planetHouses,17.5500,8
제주-1980-05-09-06:42,제주,1980-05-09,06:42,-30,1,ascSign|planetHouses,8.4667,2
제주-1980-05-09-06:42,제주,1980-05-09,06:42,-15,1,planetHouses,4.1500,1
제주-1980-05-09-06:42,제주,1980-05-09,06:42,-5,0,,1.3667,0
제주-1980-05-09-06:42,제주,1980-05-09,06:42,5,0,,1.3667,0
제주-1980-05-09-06:42,제주,1980-05-09,06:42,15,1,planetHouses,4.0333,1
제주-1980-05-09-06:42,제주,1980-05-09,06:42,30,1,planetHouses,7.9500,1
제주-1980-05-09-06:42,제주,1980-05-09,06:42,60,1,hourPillar|minggongBranch|bodyPalaceBranch|soulStar|mcSign|planetHouses,15.4333,6
제주-1980-05-09-06:42,제주,1980-05-09,06:42,120,1,hourPillar|minggongBranch|bodyPalaceBranch|soulStar|ascSign|mcSign|planetHouses,29.4000,12
제주-1980-05-09-08:56,제주,1980-05-09,08:56,-120,1,hourPillar|minggongBranch|bodyPalaceBranch|soulStar|ascSign|mcSign|planetHouses,28.7500,12
제주-1980-05-09-08:56,제주,1980-05-09,08:56,-60,1,ascSign|planetHouses,13.7167,5
제주-1980-05-09-08:56,제주,1980-05-09,08:56,-30,1,planetHouses,6.7333,2
제주-1980-05-09-08:56,제주,1980-05-09,08:56,-15,1,planetHouses,3.3333,1
제주-1980-05-09-08:56,제주,1980-05-09,08:56,-5,0,,1.1167,0
제주-1980-05-09-08:56,제주,1980-05-09,08:56,5,0,,1.1000,0
제주-1980-05-09-08:56,제주,1980-05-09,08:56,15,1,planetHouses,3.2833,2
제주-1980-05-09-08:56,제주,1980-05-09,08:56,30,1,mcSign|planetHouses,6.5333,2
제주-1980-05-09-08:56,제주,1980-05-09,08:56,60,1,hourPillar|minggongBranch|bodyPalaceBranch|soulStar|mcSign|planetHouses,12.9167,6
제주-1980-05-09-08:56,제주,1980-05-09,08:56,120,1,hourPillar|minggongBranch|bodyPalaceBranch|soulStar|ascSign|mcSign|planetHouses,25.4500,12
제주-1980-05-09-10:10,제주,1980-05-09,10:10,-120,1,hourPillar|minggongBranch|bodyPalaceBranch|soulStar|ascSign|mcSign|planetHouses,26.2833,11
제주-1980-05-09-10:10,제주,1980-05-09,10:10,-60,1,hourPillar|minggongBranch|bodyPalaceBranch|soulStar|mcSign|planetHouses,12.8000,5
제주-1980-05-09-10:10,제주,1980-05-09,10:10,-30,1,planetHouses,6.3500,2
제주-1980-05-09-10:10,제주,1980-05-09,10:10,-15,1,planetHouses,3.1667,2
제주-1980-05-09-10:10,제주,1980-05-09,10:10,-5,1,planetHouses,1.0500,1
제주-1980-05-09-10:10,제주,1980-05-09,10:10,5,1,planetHouses,1.0500,1
제주-1980-05-09-10:10,제주,1980-05-09,10:10,15,1,planetHouses,3.1333,1
제주-1980-05-09-10:10,제주,1980-05-09,10:10,30,1,ascSign|planetHouses,6.2667,4
제주-1980-05-09-10:10,제주,1980-05-09,10:10,60,1,ascSign|planetHouses,12.4833,7
제주-1980-05-09-10:10,제주,1980-05-09,10:10,120,1,hourPillar|minggongBranch|bodyPalaceBranch|soulStar|ascSign|mcSign|planetHouses,24.9000,11
제주-1980-05-09-12:24,제주,1980-05-09,12:24,-120,1,hourPillar|minggongBranch|bodyPalaceBranch|soulStar|ascSign|mcSign|planetHouses,24.8667,10
제주-1980-05-09-12:24,제주,1980-05-09,12:24,-60,1,hourPillar|minggongBranch|bodyPalaceBranch|soulStar|planetHouses,12.4167,2
제주-1980-05-09-12:24,제주,1980-05-09,12:24,-30,1,planetHouses,6.2167,1
제주-1980-05-09-12:24,제주,1980-05-09,12:24,-15,1,planetHouses,3.1000,1
제주-1980-05-09-12:24,제주,1980-05-09,12:24,-5,0,,1.0333,0
제주-1980-05-09-12:24,제주,1980-05-09,12:24,5,0,,1.0500,0
제주-1980-05-09-12:24,제주,1980-05-09,12:24,15,1,planetHouses,3.1333,2
제주-1980-05-09-12:24,제주,1980-05-09,12:24,30,1,planetHouses,6.2500,7
제주-1980-05-09-12:24,제주,1980-05-09,12:24,60,1,ascSign|mcSign|planetHouses,12.5333,10
제주-1980-05-09-12:24,제주,1980-05-09,12:24,120,1,hourPillar|minggongBranch|bodyPalaceBranch|soulStar|ascSign|mcSign|planetHouses,25.1667,11
제주-1980-05-09-14:38,제주,1980-05-09,14:38,-120,1,hourPillar|minggongBranch|bodyPalaceBranch|soulStar|ascSign|mcSign|planetHouses,25.2167,10
제주-1980-05-09-14:38,제주,1980-05-09,14:38,-60,1,planetHouses,12.6667,1
제주-1980-05-09-14:38,제주,1980-05-09,14:38,-30,1,planetHouses,6.3500,1
제주-1980-05-09-14:38,제주,1980-05-09,14:38,-15,1,planetHouses,3.1833,1
제주-1980-05-09-14:38,제주,1980-05-09,14:38,-5,0,,1.0667,0
제주-1980-05-09-14:38,제주,1980-05-09,14:38,5,1,planetHouses,1.0667,1
제주-1980-05-09-14:38,제주,1980-05-09,14:38,15,1,planetHouses,3.1833,6
제주-1980-05-09-14:38,제주,1980-05-09,14:38,30,1,planetHouses,6.3667,7
제주-1980-05-09-14:38,제주,1980-05-09,14:38,60,1,hourPillar|minggongBranch|bodyPalaceBranch|soulStar|ascSign|mcSign|planetHouses,12.7333,10
제주-1980-05-09-14:38,제주,1980-05-09,14:38,120,1,hourPillar|minggongBranch|bodyPalaceBranch|soulStar|ascSign|mcSign|planetHouses,25.4500,11
제주-1980-05-09-16:52,제주,1980-05-09,16:52,-120,1,hourPillar|minggongBranch|bodyPalaceBranch|soulStar|ascSign|mcSign|planetHouses,25.4333,7
제주-1980-05-09-16:52,제주,1980-05-09,16:52,-60,1,planetHouses,12.7000,2
제주-1980-05-09-16:52,제주,1980-05-09,16:52,-30,1,planetHouses,6.3333,2
제주-1980-05-09-16:52,제주,1980-05-09,16:52,-15,1,planetHouses,3.1667,2
제주-1980-05-09-16:52,제주,1980-05-09,16:52,-5,0,,1.0500,0
제주-1980-05-09-16:52,제주,1980-05-09,16:52,5,0,,1.0500,0
제주-1980-05-09-16:52,제주,1980-05-09,16:52,15,1,planetHouses,3.1500,4
제주-1980-05-09-16:52,제주,1980-05-09,16:52,30,1,planetHouses,6.3000,5
제주-1980-05-09-16:52,제주,1980-05-09,16:52,60,1,hourPillar|minggongBranch|bodyPalaceBranch|soulStar|ascSign|mcSign|planetHouses,12.5833,9
제주-1980-05-09-16:52,제주,1980-05-09,16:52,120,1,hourPillar|minggongBranch|bodyPalaceBranch|soulStar|ascSign|mcSign|planetHouses,25.0500,11
제주-1980-05-09-18:06,제주,1980-05-09,18:06,-120,1,hourPillar|minggongBranch|bodyPalaceBranch|soulStar|ascSign|mcSign|planetHouses,25.2333,12
제주-1980-05-09-18:06,제주,1980-05-09,18:06,-60,1,hourPillar|minggongBranch|bodyPalaceBranch|soulStar|ascSign|mcSign|planetHouses,12.5500,6
제주-1980-05-09-18:06,제주,1980-05-09,18:06,-30,1,ascSign|planetHouses,6.2500,2
제주-1980-05-09-18:06,제주,1980-05-09,18:06,-15,1,planetHouses,3.1167,1
제주-1980-05-09-18:06,제주,1980-05-09,18:06,-5,0,,1.0333,0
제주-1980-05-09-18:06,제주,1980-05-09,18:06,5,0,,1.0500,0
제주-1980-05-09-18:06,제주,1980-05-09,18:06,15,0,,3.1333,0
제주-1980-05-09-18:06,제주,1980-05-09,18:06,30,0,,6.2500,0
제주-1980-05-09-18:06,제주,1980-05-09,18:06,60,1,planetHouses,12.4500,3
제주-1980-05-09-18:06,제주,1980-05-09,18:06,120,1,hourPillar|minggongBranch|bodyPalaceBranch|soulStar|mcSign|planetHouses,24.8833,11
제주-1980-05-09-20:20,제주,1980-05-09,20:20,-120,1,hourPillar|minggongBranch|bodyPalaceBranch|soulStar|ascSign|mcSign|planetHouses,24.8833,12
제주-1980-05-09-20:20,제주,1980-05-09,20:20,-60,1,hourPillar|minggongBranch|bodyPalaceBranch|soulStar|ascSign|mcSign|planetHouses,12.4500,6
제주-1980-05-09-20:20,제주,1980-05-09,20:20,-30,1,ascSign|planetHouses,6.2333,2
제주-1980-05-09-20:20,제주,1980-05-09,20:20,-15,1,ascSign|planetHouses,3.1333,1
제주-1980-05-09-20:20,제주,1980-05-09,20:20,-5,0,,1.0500,0
제주-1980-05-09-20:20,제주,1980-05-09,20:20,5,0,,1.0333,0
제주-1980-05-09-20:20,제주,1980-05-09,20:20,15,0,,3.1333,0
제주-1980-05-09-20:20,제주,1980-05-09,20:20,30,1,planetHouses,6.2833,3
제주-1980-05-09-20:20,제주,1980-05-09,20:20,60,1,planetHouses,12.6500,4
제주-1980-05-09-20:20,제주,1980-05-09,20:20,120,1,hourPillar|minggongBranch|bodyPalaceBranch|soulStar|mcSign|planetHouses,25.8667,10
제주-1980-05-09-22:34,제주,1980-05-09,22:34,-120,1,hourPillar|minggongBranch|bodyPalaceBranch|soulStar|ascSign|mcSign|planetHouses,26.1500,12
제주-1980-05-09-22:34,제주,1980-05-09,22:34,-60,1,ascSign|planetHouses,13.4000,6
제주-1980-05-09-22:34,제주,1980-05-09,22:34,-30,1,ascSign|planetHouses,6.8000,3
제주-1980-05-09-22:34,제주,1980-05-09,22:34,-15,1,ascSign|planetHouses,3.4333,3
제주-1980-05-09-22:34,제주,1980-05-09,22:34,-5,1,ascSign,1.1500,0
제주-1980-05-09-22:34,제주,1980-05-09,22:34,5,1,planetHouses,1.1667,1
제주-1980-05-09-22:34,제주,1980-05-09,22:34,15,1,planetHouses,3.5000,2
제주-1980-05-09-22:34,제주,1980-05-09,22:34,30,1,planetHouses,7.0833,3
제주-1980-05-09-22:34,제주,1980-05-09,22:34,60,1,hourPillar|minggongBranch|bodyPalaceBranch|soulStar|mcSign|planetHouses,14.5167,5
제주-1980-05-09-22:34,제주,1980-05-09,22:34,120,1,dayPillar|hourPillar|minggongBranch|bodyPalaceBranch|soulStar|ascSign|mcSign|planetHouses,30.8000,12
제주-1980-06-16-00:00,제주,1980-06-16,00:00,-120,1,hourPillar|minggongBranch|bodyPalaceBranch|soulStar|ascSign|mcSign|planetHouses,39.1333,12
제주-1980-06-16-00:00,제주,1980-06-16,00:00,-60,1,hourPillar|minggongBranch|bodyPalaceBranch|soulStar|ascSign|planetHouses,20.8500,6
제주-1980-06-16-00:00,제주,1980-06-16,00:00,-30,1,hourPillar|minggongBranch|bodyPalaceBranch|soulStar|ascSign|planetHouses,10.7333,3
제주-1980-06-16-00:00,제주,1980-06-16,00:00,-15,1,planetHouses,5.4333,2
제주-1980-06-16-00:00,제주,1980-06-16,00:00,-5,0,,1.8333,0
제주-1980-06-16-00:00,제주,1980-06-16,00:00,5,1,planetHouses,1.8333,1
제주-1980-06-16-00:00,제주,1980-06-16,00:00,15,1,planetHouses,5.5500,1
제주-1980-06-16-00:00,제주,1980-06-16,00:00,30,1,planetHouses,11.2000,3
제주-1980-06-16-00:00,제주,1980-06-16,00:00,60,1,dayPillar|ascSign|mcSign|planetHouses,22.6667,7
제주-1980-06-16-00:00,제주,1980-06-16,00:00,120,1,dayPillar|hourPillar|minggongBranch|bodyPalaceBranch|soulStar|ascSign|mcSign|planetHouses,45.2333,12
제주-1980-06-16-02:14,제주,1980-06-16,02:14,-120,1,dayPillar|hourPillar|minggongBranch|bodyPalaceBranch|soulStar|ascSign|mcSign|planetHouses,45.0833,12
제주-1980-06-16-02:14,제주,1980-06-16,02:14,-60,1,hourPillar|minggongBranch|bodyPalaceBranch|soulStar|planetHouses,22.2500,7
제주-1980-06-16-02:14,제주,1980-06-16,02:14,-30,1,planetHouses,10.9167,4
제주-1980-06-16-02:14,제주,1980-06-16,02:14,-15,1,planetHouses,5.4000,2
제주-1980-06-16-02:14,제주,1980-06-16,02:14,-5,1,planetHouses,1.7833,2
제주-1980-06-16-02:14,제주,1980-06-16,02:14,5,1,ascSign|planetHouses,1.7667,1
제주-1980-06-16-02:14,제주,1980-06-16,02:14,15,1,ascSign|planetHouses,5.2667,2
제주-1980-06-16-02:14,제주,1980-06-16,02:14,30,1,ascSign|planetHouses,10.3667,3
제주-1980-06-16-02:14,제주,1980-06-16,02:14,60,1,ascSign|mcSign|planetHouses,20.0667,6
제주-1980-06-16-02:14,제주,1980-06-16,02:14,120,1,hourPillar|minggongBranch|bodyPalaceBranch|soulStar|ascSign|mcSign|planetHouses,37.5500,12
제주-1980-06-16-04:28,제주,1980-06-16,04:28,-120,1,hourPillar|minggongBranch|bodyPalaceBranch|soulStar|ascSign|mcSign|planetHouses,36.4000,12
제주-1980-06-16-04:28,제주,1980-06-16,04:28,-60,1,hourPillar|minggongBranch|bodyPalaceBranch|soulStar|ascSign|planetHouses,16.9500,8
제주-1980-06-16-04:28,제주,1980-06-16,04:28,-30,1,planetHouses,8.2000,3
제주-1980-06-16-04:28,제주,1980-06-16,04:28,-15,1,planetHouses,4.0333,2
제주-1980-06-16-04:28,제주,1980-06-16,04:28,-5,1,planetHouses,1.3333,1
제주-1980-06-16-04:28,제주,1980-06-16,04:28,5,0,,1.3167,0
제주-1980-06-16-04:28,제주,1980-06-16,04:28,15,1,planetHouses,3.9000,2
제주-1980-06-16-04:28,제주,1980-06-16,04:28,30,1,planetHouses,7.7000,3
제주-1980-06-16-04:28,제주,1980-06-16,04:28,60,1,mcSign|planetHouses,14.9833,6
제주-1980-06-16-04:28,제주,1980-06-16,04:28,120,1,hourPillar|minggongBranch|bodyPalaceBranch|soulStar|ascSign|mcSign|planetHouses,28.6667,12
제주-1980-06-16-06:42,제주,1980-06-16,06:42,-120,1,hourPillar|minggongBranch|bodyPalaceBranch|soulStar|ascSign|mcSign|planetHouses,28.0833,12
제주-1980-06-16-06:42,제주,1980-06-16,06:42,-60,1,ascSign|planetHouses,13.4500,7
제주-1980-06-16-06:42,제주,1980-06-16,06:42,-30,1,planetHouses,6.6167,4
제주-1980-06-16-06:42,제주,1980-06-16,06:42,-15,1,planetHouses,3.2833,1
제주-1980-06-16-06:42,제주,1980-06-16,06:42,-5,1,planetHouses,1.0833,1
제주-1980-06-16-06:42,제주,1980-06-16,06:42,5,0,,1.0833,0
제주-1980-06-16-06:42,제주,1980-06-16,06:42,15,1,mcSign,3.2500,0
제주-1980-06-16-06:42,제주,1980-06-16,06:42,30,1,mcSign|planetHouses,6.4500,1
제주-1980-06-16-06:42,제주,1980-06-16,06:42,60,1,hourPillar|minggongBranch|bodyPalaceBranch|soulStar|mcSign|planetHouses,12.8000,3
제주-1980-06-16-06:42,제주,1980-06-16,06:42,120,1,hourPillar|minggongBranch|bodyPalaceBranch|soulStar|ascSign|mcSign|planetHouses,25.2833,12
제주-1980-06-16-08:56,제주,1980-06-16,08:56,-120,1,hourPillar|minggongBranch|bodyPalaceBranch|soulStar|ascSign|mcSign|planetHouses,25.1333,12
제주-1980-06-16-08:56,제주,1980-06-16,08:56,-60,1,ascSign|mcSign|planetHouses,12.4500,7
제주-1980-06-16-08:56,제주,1980-06-16,08:56,-30,1,mcSign|planetHouses,6.2000,1
제주-1980-06-16-08:56,제주,1980-06-16,08:56,-15,1,mcSign,3.1000,0
제주-1980-06-16-08:56,제주,1980-06-16,08:56,-5,0,,1.0333,0
제주-1980-06-16-08:56,제주,1980-06-16,08:56,5,0,,1.0333,0
제주-1980-06-16-08:56,제주,1980-06-16,08:56,15,1,planetHouses,3.1000,1
제주-1980-06-16-08:56,제주,1980-06-16,08:56,30,1,planetHouses,6.2167,1
제주-1980-06-16-08:56,제주,1980-06-16,08:56,60,1,hourPillar|minggongBranch|bodyPalaceBranch|soulStar|planetHouses,12.4333,3
제주-1980-06-16-08:56,제주,1980-06-16,08:56,120,1,hourPillar|minggongBranch|bodyPalaceBranch|soulStar|ascSign|mcSign|planetHouses,24.9500,12
제주-1980-06-16-10:10,제주,1980-06-16,10:10,-120,1,hourPillar|minggongBranch|bodyPalaceBranch|soulStar|mcSign|planetHouses,24.8833,9
제주-1980-06-16-10:10,제주,1980-06-16,10:10,-60,1,hourPillar|minggongBranch|bodyPalaceBranch|soulStar|planetHouses,12.4500,6
제주-1980-06-16-10:10,제주,1980-06-16,10:10,-30,1,planetHouses,6.2333,5
제주-1980-06-16-10:10,제주,1980-06-16,10:10,-15,1,planetHouses,3.1167,5
제주-1980-06-16-10:10,제주,1980-06-16,10:10,-5,1,planetHouses,1.0500,1
제주-1980-06-16-10:10,제주,1980-06-16,10:10,5,1,planetHouses,1.0333,2
제주-1980-06-16-10:10,제주,1980-06-16,10:10,15,1,planetHouses,3.1167,4
제주-1980-06-16-10:10,제주,1980-06-16,10:10,30,1,ascSign|planetHouses,6.2500,4
제주-1980-06-16-10:10,제주,1980-06-16,10:10,60,1,ascSign|mcSign|planetHouses,12.5500,6
제주-1980-06-16-10:10,제주,1980-06-16,10:10,120,1,hourPillar|minggongBranch|bodyPalaceBranch|soulStar|ascSign|mcSign|planetHouses,25.2167,8
제주-1980-06-16-12:24,제주,1980-06-16,12:24,-120,1,hourPillar|minggongBranch|bodyPalaceBranch|soulStar|ascSign|mcSign|planetHouses,25.2667,9
제주-1980-06-16-12:24,제주,1980-06-16,12:24,-60,1,hourPillar|minggongBranch|bodyPalaceBranch|soulStar|planetHouses,12.6833,7
제주-1980-06-16-12:24,제주,1980-06-16,12:24,-30,1,planetHouses,6.3500,7
제주-1980-06-16-12:24,제주,1980-06-16,12:24,-15,1,planetHouses,3.1833,5
제주-1980-06-16-12:24,제주,1980-06-16,12:24,-5,1,planetHouses,1.0667,1
제주-1980-06-16-12:24,제주,1980-06-16,12:24,5,1,planetHouses,1.0667,1
제주-1980-06-16-12:24,제주,1980-06-16,12:24,15,1,planetHouses,3.1833,3
제주-1980-06-16-12:24,제주,1980-06-16,12:24,30,1,planetHouses,6.3667,3
제주-1980-06-16-12:24,제주,1980-06-16,12:24,60,1,ascSign|mcSign|planetHouses,12.7333,5
제주-1980-06-16-12:24,제주,1980-06-16,12:24,120,1,hourPillar|minggongBranch|bodyPalaceBranch|soulStar|ascSign|mcSign|planetHouses,25.4333,8
제주-1980-06-16-14:38,제주,1980-06-16,14:38,-120,1,hourPillar|minggongBranch|bodyPalaceBranch|soulStar|ascSign|mcSign|planetHouses,25.4167,8
제주-1980-06-16-14:38,제주,1980-06-16,14:38,-60,1,planetHouses,12.6833,6
제주-1980-06-16-14:38,제주,1980-06-16,14:38,-30,1,planetHouses,6.3333,5
제주-1980-06-16-14:38,제주,1980-06-16,14:38,-15,1,planetHouses,3.1667,3
제주-1980-06-16-14:38,제주,1980-06-16,14:38,-5,0,,1.0667,0
제주-1980-06-16-14:38,제주,1980-06-16,14:38,5,1,planetHouses,1.0500,1
제주-1980-06-16-14:38,제주,1980-06-16,14:38,15,1,planetHouses,3.1500,3
제주-1980-06-16-14:38,제주,1980-06-16,14:38,30,1,mcSign|planetHouses,6.2833,4
제주-1980-06-16-14:38,제주,1980-06-16,14:38,60,1,hourPillar|minggongBranch|bodyPalaceBranch|soulStar|ascSign|mcSign|planetHouses,12.5500,6
제주-1980-06-16-14:38,제주,1980-06-16,14:38,120,1,hourPillar|minggongBranch|bodyPalaceBranch|soulStar|ascSign|mcSign|planetHouses,25.0000,11
제주-1980-06-16-16:52,제주,1980-06-16,16:52,-120,1,hourPillar|minggongBranch|bodyPalaceBranch|soulStar|ascSign|mcSign|planetHouses,24.9667,9
제주-1980-06-16-16:52,제주,1980-06-16,16:52,-60,1,planetHouses,12.4333,6
제주-1980-06-16-16:52,제주,1980-06-16,16:52,-30,1,planetHouses,6.2167,3
제주-1980-06-16-16:52,제주,1980-06-16,16:52,-15,1,planetHouses,3.1167,1
제주-1980-06-16-16:52,제주,1980-06-16,16:52,-5,0,,1.0333,0
제주-1980-06-16-16:52,제주,1980-06-16,16:52,5,0,,1.0333,0
제주-1980-06-16-16:52,제주,1980-06-16,16:52,15,1,mcSign|planetHouses,3.1000,2
제주-1980-06-16-16:52,제주,1980-06-16,16:52,30,1,mcSign|planetHouses,6.2000,5
제주-1980-06-16-16:52,제주,1980-06-16,16:52,60,1,hourPillar|minggongBranch|bodyPalaceBranch|soulStar|ascSign|mcSign|planetHouses,12.4333,5
제주-1980-06-16-16:52,제주,1980-06-16,16:52,120,1,hourPillar|minggongBranch|bodyPalaceBranch|soulStar|ascSign|mcSign|planetHouses,25.1167,11
제주-1980-06-16-18:06,제주,1980-06-16,18:06,-120,1,hourPillar|minggongBranch|bodyPalaceBranch|soulStar|ascSign|mcSign|planetHouses,24.9000,11
제주-1980-06-16-18:06,제주,1980-06-16,18:06,-60,1,hourPillar|minggongBranch|bodyPalaceBranch|soulStar|ascSign|planetHouses,12.4833,4
제주-1980-06-16-18:06,제주,1980-06-16,18:06,-30,1,ascSign|planetHouses,6.2500,1
제주-1980-06-16-18:06,제주,1980-06-16,18:06,-15,1,planetHouses,3.1333,1
제주-1980-06-16-18:06,제주,1980-06-16,18:06,-5,0,,1.0500,0
제주-1980-06-16-18:06,제주,1980-06-16,18:06,5,1,planetHouses,1.0500,1
제주-1980-06-16-18:06,제주,1980-06-16,18:06,15,1,planetHouses,3.1500,3
제주-1980-06-16-18:06,제주,1980-06-16,18:06,30,1,planetHouses,6.3167,3
제주-1980-06-16-18:06,제주,1980-06-16,18:06,60,1,mcSign|planetHouses,12.7667,7
제주-1980-06-16-18:06,제주,1980-06-16,18:06,120,1,hourPillar|minggongBranch|bodyPalaceBranch|soulStar|ascSign|mcSign|planetHouses,26.1833,11
제주-1980-06-16-20:20,제주,1980-06-16,20:20,-120,1,hourPillar|minggongBranch|bodyPalaceBranch|soulStar|ascSign|mcSign|planetHouses,26.5167,12
제주-1980-06-16-20:20,제주,1980-06-16,20:20,-60,1,hourPillar|minggongBranch|bodyPalaceBranch|soulStar|ascSign|planetHouses,13.6333,7
제주-1980-06-16-20:20,제주,1980-06-16,20:20,-30,1,ascSign|planetHouses,6.9333,3
제주-1980-06-16-20:20,제주,1980-06-16,20:20,-15,1,planetHouses,3.5000,2
제주-1980-06-16-20:20,제주,1980-06-16,20:20,-5,1,planetHouses,1.1833,1
제주-1980-06-16-20:20,제주,1980-06-16,20:20,5,1,planetHouses,1.1833,1
제주-1980-06-16-20:20,제주,1980-06-16,20:20,15,1,planetHouses,3.5833,2
제주-1980-06-16-20:20,제주,1980-06-16,20:20,30,1,mcSign|planetHouses,7.2500,2
제주-1980-06-16-20:20,제주,1980-06-16,20:20,60,1,mcSign|planetHouses,14.9000,7
제주-1980-06-16-20:20,제주,1980-06-16,20:20,120,1,hourPillar|minggongBranch|bodyPalaceBranch|soulStar|ascSign|mcSign|planetHouses,31.7333,11
제주-1980-06-16-22:34,제주,1980-06-16,22:34,-120,1,hourPillar|minggongBranch|bodyPalaceBranch|soulStar|ascSign|mcSign|planetHouses,32.6667,11
제주-1980-06-16-22:34,제주,1980-06-16,22:34,-60,1,ascSign|planetHouses,17.3667,5
제주-1980-06-16-22:34,제주,1980-06-16,22:34,-30,1,planetHouses,8.9833,3
제주-1980-06-16-22:34,제주,1980-06-16,22:34,-15,1,planetHouses,4.5667,1
제주-1980-06-16-22:34,제주,1980-06-16,22:34,-5,0,,1.5333,0
제주-1980-06-16-22:34,제주,1980-06-16,22:34,5,1,planetHouses,1.5667,2
제주-1980-06-16-22:34,제주,1980-06-16,22:34,15,1,mcSign|planetHouses,4.7500,3
제주-1980-06-16-22:34,제주,1980-06-16,22:34,30,1,mcSign|planetHouses,9.6333,5
제주-1980-06-16-22:34,제주,1980-06-16,22:34,60,1,hourPillar|minggongBranch|bodyPalaceBranch|soulStar|ascSign|mcSign|planetHouses,19.9333,7
제주-1980-06-16-22:34,제주,1980-06-16,22:34,120,1,dayPillar|hourPillar|minggongBranch|bodyPalaceBranch|soulStar|ascSign|mcSign|planetHouses,42.1000,12
제주-1980-07-23-00:00,제주,1980-07-23,00:00,-120,1,hourPillar|minggongBranch|bodyPalaceBranch|soulStar|ascSign|mcSign|planetHouses,44.8167,12
제주-1980-07-23-00:00,제주,1980-07-23,00:00,-60,1,hourPillar|minggongBranch|bodyPalaceBranch|soulStar|ascSign|planetHouses,21.9167,7
제주-1980-07-23-00:00,제주,1980-07-23,00:00,-30,1,hourPillar|minggongBranch|bodyPalaceBranch|soulStar|ascSign|planetHouses,10.7167,3
제주-1980-07-23-00:00,제주,1980-07-23,00:00,-15,1,ascSign,5.2833,0
제주-1980-07-23-00:00,제주,1980-07-23,00:00,-5,0,,1.7333,0
제주-1980-07-23-00:00,제주,1980-07-23,00:00,5,0,,1.7333,0
제주-1980-07-23-00:00,제주,1980-07-23,00:00,15,1,planetHouses,5.1500,1
제주-1980-07-23-00:00,제주,1980-07-23,00:00,30,1,planetHouses,10.1167,3
제주-1980-07-23-00:00,제주,1980-07-23,00:00,60,1,dayPillar|mcSign|planetHouses,19.5667,6
제주-1980-07-23-00:00,제주,1980-07-23,00:00,120,1,dayPillar|hourPillar|minggongBranch|bodyPalaceBranch|soulStar|ascSign|mcSign|planetHouses,36.6167,12
제주-1980-07-23-02:14,제주,1980-07-23,02:14,-120,1,dayPillar|hourPillar|minggongBranch|bodyPalaceBranch|soulStar|ascSign|mcSign|planetHouses,35.4833,12
제주-1980-07-23-02:14,제주,1980-07-23,02:14,-60,1,hourPillar|minggongBranch|bodyPalaceBranch|soulStar|ascSign|planetHouses,16.5333,7
제주-1980-07-23-02:14,제주,1980-07-23,02:14,-30,1,planetHouses,8.0000,3
제주-1980-07-23-02:14,제주,1980-07-23,02:14,-15,1,planetHouses,3.9333,3
제주-1980-07-23-02:14,제주,1980-07-23,02:14,-5,0,,1.3000,0
제주-1980-07-23-02:14,제주,1980-07-23,02:14,5,0,,1.2833,0
제주-1980-07-23-02:14,제주,1980-07-23,02:14,15,1,planetHouses,3.8167,1
제주-1980-07-23-02:14,제주,1980-07-23,02:14,30,1,mcSign|planetHouses,7.5333,3
제주-1980-07-23-02:14,제주,1980-07-23,02:14,60,1,mcSign|planetHouses,14.6833,5
제주-1980-07-23-02:14,제주,1980-07-23,02:14,120,1,hourPillar|minggongBranch|bodyPalaceBranch|soulStar|ascSign|mcSign|planetHouses,28.1833,12
제주-1980-07-23-04:28,제주,1980-07-23,04:28,-120,1,hourPillar|minggongBranch|bodyPalaceBranch|soulStar|ascSign|mcSign|planetHouses,27.6500,12
제주-1980-07-23-04:28,제주,1980-07-23,04:28,-60,1,hourPillar|minggongBranch|bodyPalaceBranch|soulStar|planetHouses,13.2833,6
제주-1980-07-23-04:28,제주,1980-07-23,04:28,-30,1,planetHouses,6.5500,2
제주-1980-07-23-04:28,제주,1980-07-23,04:28,-15,0,,3.2500,0
제주-1980-07-23-04:28,제주,1980-07-23,04:28,-5,0,,1.0667,0
제주-1980-07-23-04:28,제주,1980-07-23,04:28,5,1,mcSign,1.0833,0
제주-1980-07-23-04:28,제주,1980-07-23,04:28,15,1,mcSign|planetHouses,3.2167,1
제주-1980-07-23-04:28,제주,1980-07-23,04:28,30,1,mcSign|planetHouses,6.4000,2
제주-1980-07-23-04:28,제주,1980-07-23,04:28,60,1,mcSign|planetHouses,12.7167,5
제주-1980-07-23-04:28,제주,1980-07-23,04:28,120,1,hourPillar|minggongBranch|bodyPalaceBranch|soulStar|ascSign|mcSign|planetHouses,25.1667,12
제주-1980-07-23-06:42,제주,1980-07-23,06:42,-120,1,hourPillar|minggongBranch|bodyPalaceBranch|soulStar|ascSign|mcSign|planetHouses,25.0500,11
제주-1980-07-23-06:42,제주,1980-07-23,06:42,-60,1,ascSign|mcSign|planetHouses,12.4333,3
제주-1980-07-23-06:42,제주,1980-07-23,06:42,-30,1,mcSign,6.2167,0
제주-1980-07-23-06:42,제주,1980-07-23,06:42,-15,0,,3.1000,0
제주-1980-07-23-06:42,제주,1980-07-23,06:42,-5,0,,1.0333,0
제주-1980-07-23-06:42,제주,1980-07-23,06:42,5,0,,1.0333,0
제주-1980-07-23-06:42,제주,1980-07-23,06:42,15,1,planetHouses,3.1000,1
제주-1980-07-23-06:42,제주,1980-07-23,06:42,30,1,planetHouses,6.2000,3
제주-1980-07-23-06:42,제주,1980-07-23,06:42,60,1,hourPillar|minggongBranch|bodyPalaceBranch|soulStar|planetHouses,12.4333,7
제주-1980-07-23-06:42,제주,1980-07-23,06:42,120,1,hourPillar|minggongBranch|bodyPalaceBranch|soulStar|ascSign|mcSign|planetHouses,24.9833,12
제주-1980-07-23-08:56,제주,1980-07-23,08:56,-120,1,hourPillar|minggongBranch|bodyPalaceBranch|soulStar|ascSign|mcSign|planetHouses,25.0333,11
제주-1980-07-23-08:56,제주,1980-07-23,08:56,-60,1,ascSign|mcSign|planetHouses,12.5833,4
제주-1980-07-23-08:56,제주,1980-07-23,08:56,-30,1,planetHouses,6.3167,1
제주-1980-07-23-08:56,제주,1980-07-23,08:56,-15,1,planetHouses,3.1667,1
제주-1980-07-23-08:56,제주,1980-07-23,08:56,-5,1,planetHouses,1.0500,1
제주-1980-07-23-08:56,제주,1980-07-23,08:56,5,1,planetHouses,1.0500,1
제주-1980-07-23-08:56,제주,1980-07-23,08:56,15,1,planetHouses,3.1500,1
제주-1980-07-23-08:56,제주,1980-07-23,08:56,30,1,planetHouses,6.3333,2
제주-1980-07-23-08:56,제주,1980-07-23,08:56,60,1,hourPillar|minggongBranch|bodyPalaceBranch|soulStar|planetHouses,12.6833,7
제주-1980-07-23-08:56,제주,1980-07-23,08:56,120,1,hourPillar|minggongBranch|bodyPalaceBranch|soulStar|ascSign|mcSign|planetHouses,25.4167,11
제주-1980-07-23-10:10,제주,1980-07-23,10:10,-120,1,hourPillar|minggongBranch|bodyPalaceBranch|soulStar|mcSign|planetHouses,25.3000,11
제주-1980-07-23-10:10,제주,1980-07-23,10:10,-60,1,hourPillar|minggongBranch|bodyPalaceBranch|soulStar|planetHouses,12.7000,8
제주-1980-07-23-10:10,제주,1980-07-23,10:10,-30,1,planetHouses,6.3667,5
제주-1980-07-23-10:10,제주,1980-07-23,10:10,-15,1,planetHouses,3.1833,2
제주-1980-07-23-10:10,제주,1980-07-23,10:10,-5,0,,1.0667,0
제주-1980-07-23-10:10,제주,1980-07-23,10:10,5,0,,1.0667,0
제주-1980-07-23-10:10,제주,1980-07-23,10:10,15,1,planetHouses,3.1833,1
제주-1980-07-23-10:10,제주,1980-07-23,10:10,30,1,ascSign|mcSign|planetHouses,6.3667,1
제주-1980-07-23-10:10,제주,1980-07-23,10:10,60,1,ascSign|mcSign|planetHouses,12.7333,4
제주-1980-07-23-10:10,제주,1980-07-23,10:10,120,1,hourPillar|minggongBranch|bodyPalaceBranch|soulStar|ascSign|mcSign|planetHouses,25.4167,10
제주-1980-07-23-12:24,제주,1980-07-23,12:24,-120,1,hourPillar|minggongBranch|bodyPalaceBranch|soulStar|ascSign|mcSign|planetHouses,25.3833,11
제주-1980-07-23-12:24,제주,1980-07-23,12:24,-60,1,hourPillar|minggongBranch|bodyPalaceBranch|soulStar|planetHouses,12.6500,8
제주-1980-07-23-12:24,제주,1980-07-23,12:24,-30,1,planetHouses,6.3167,5
제주-1980-07-23-12:24,제주,1980-07-23,12:24,-15,1,planetHouses,3.1500,3
제주-1980-07-23-12:24,제주,1980-07-23,12:24,-5,1,planetHouses,1.0500,1
제주-1980-07-23-12:24,제주,1980-07-23,12:24,5,0,,1.0500,0
제주-1980-07-23-12:24,제주,1980-07-23,12:24,15,1,mcSign,3.1500,0
제주-1980-07-23-12:24,제주,1980-07-23,12:24,30,1,ascSign|mcSign|planetHouses,6.2833,1
제주-1980-07-23-12:24,제주,1980-07-23,12:24,60,1,ascSign|mcSign|planetHouses,12.5333,4
제주-1980-07-23-12:24,제주,1980-07-23,12:24,120,1,hourPillar|minggongBranch|bodyPalaceBranch|soulStar|ascSign|mcSign|planetHouses,24.9667,9
제주-1980-07-23-14:38,제주,1980-07-23,14:38,-120,1,hourPillar|minggongBranch|bodyPalaceBranch|soulStar|ascSign|mcSign|planetHouses,24.9333,12
제주-1980-07-23-14:38,제주,1980-07-23,14:38,-60,1,mcSign|planetHouses,12.4167,8
제주-1980-07-23-14:38,제주,1980-07-23,14:38,-30,1,mcSign|planetHouses,6.2000,3
제주-1980-07-23-14:38,제주,1980-07-23,14:38,-15,1,mcSign|planetHouses,3.1000,3
제주-1980-07-23-14:38,제주,1980-07-23,14:38,-5,1,mcSign|planetHouses,1.0333,1
제주-1980-07-23-14:38,제주,1980-07-23,14:38,5,0,,1.0333,0
제주-1980-07-23-14:38,제주,1980-07-23,14:38,15,0,,3.1000,0
제주-1980-07-23-14:38,제주,1980-07-23,14:38,30,1,planetHouses,6.2167,2
제주-1980-07-23-14:38,제주,1980-07-23,14:38,60,1,hourPillar|minggongBranch|bodyPalaceBranch|soulStar|ascSign|planetHouses,12.4667,3
제주-1980-07-23-14:38,제주,1980-07-23,14:38,120,1,hourPillar|minggongBranch|bodyPalaceBranch|soulStar|ascSign|mcSign|planetHouses,25.2167,10
제주-1980-07-23-16:52,제주,1980-07-23,16:52,-120,1,hourPillar|minggongBranch|bodyPalaceBranch|soulStar|ascSign|mcSign|planetHouses,25.3667,10
제주-1980-07-23-16:52,제주,1980-07-23,16:52,-60,1,mcSign|planetHouses,12.8500,5
제주-1980-07-23-16:52,제주,1980-07-23,16:52,-30,1,mcSign,6.5000,0
제주-1980-07-23-16:52,제주,1980-07-23,16:52,-15,0,,3.2667,0
제주-1980-07-23-16:52,제주,1980-07-23,16:52,-5,0,,1.1000,0
제주-1980-07-23-16:52,제주,1980-07-23,16:52,5,1,planetHouses,1.1000,3
제주-1980-07-23-16:52,제주,1980-07-23,16:52,15,1,planetHouses,3.3167,3
제주-1980-07-23-16:52,제주,1980-07-23,16:52,30,1,planetHouses,6.6667,5
제주-1980-07-23-16:52,제주,1980-07-23,16:52,60,1,hourPillar|minggongBranch|bodyPalaceBranch|soulStar|ascSign|planetHouses,13.5833,7
제주-1980-07-23-16:52,제주,1980-07-23,16:52,120,1,hourPillar|minggongBranch|bodyPalaceBranch|soulStar|ascSign|mcSign|planetHouses,28.4333,12
제주-1980-07-23-18:06,제주,1980-07-23,18:06,-120,1,hourPillar|minggongBranch|bodyPalaceBranch|soulStar|ascSign|mcSign|planetHouses,26.8167,11
제주-1980-07-23-18:06,제주,1980-07-23,18:06,-60,1,hourPillar|minggongBranch|bodyPalaceBranch|soulStar|ascSign|planetHouses,13.8333,5
제주-1980-07-23-18:06,제주,1980-07-23,18:06,-30,1,planetHouses,7.0500,2
제주-1980-07-23-18:06,제주,1980-07-23,18:06,-15,1,planetHouses,3.5667,1
제주-1980-07-23-18:06,제주,1980-07-23,18:06,-5,1,planetHouses,1.2000,1
제주-1980-07-23-18:06,제주,1980-07-23,18:06,5,1,planetHouses,1.2000,1
제주-1980-07-23-18:06,제주,1980-07-23,18:06,15,1,mcSign|planetHouses,3.6500,1
제주-1980-07-23-18:06,제주,1980-07-23,18:06,30,1,mcSign|planetHouses,7.4000,5
제주-1980-07-23-18:06,제주,1980-07-23,18:06,60,1,mcSign|planetHouses,15.2167,7
제주-1980-07-23-18:06,제주,1980-07-23,18:06,120,1,hourPillar|minggongBranch|bodyPalaceBranch|soulStar|ascSign|mcSign|planetHouses,32.5000,12
제주-1980-07-23-20:20,제주,1980-07-23,20:20,-120,1,hourPillar|minggongBranch|bodyPalaceBranch|soulStar|ascSign|mcSign|planetHouses,33.4833,12
제주-1980-07-23-20:20,제주,1980-07-23,20:20,-60,1,hourPillar|minggongBranch|bodyPalaceBranch|soulStar|ascSign|mcSign|planetHouses,17.8333,8
제주-1980-07-23-20:20,제주,1980-07-23,20:20,-30,1,mcSign|planetHouses,9.2333,4
제주-1980-07-23-20:20,제주,1980-07-23,20:20,-15,1,mcSign|planetHouses,4.7000,4
제주-1980-07-23-20:20,제주,1980-07-23,20:20,-5,1,mcSign|planetHouses,1.5833,1
제주-1980-07-23-20:20,제주,1980-07-23,20:20,5,0,,1.6000,0
제주-1980-07-23-20:20,제주,1980-07-23,20:20,15,0,,4.8667,0
제주-1980-07-23-20:20,제주,1980-07-23,20:20,30,1,planetHouses,9.8833,2
제주-1980-07-23-20:20,제주,1980-07-23,20:20,60,1,ascSign|planetHouses,20.4167,5
제주-1980-07-23-20:20,제주,1980-07-23,20:20,120,1,hourPillar|minggongBranch|bodyPalaceBranch|soulStar|ascSign|planetHouses,42.8667,12
제주-1980-07-23-22:34,제주,1980-07-23,22:34,-120,1,hourPillar|minggongBranch|bodyPalaceBranch|soulStar|ascSign|mcSign|planetHouses,43.7000,12
제주-1980-07-23-22:34,제주,1980-07-23,22:34,-60,1,ascSign|mcSign|planetHouses,22.7167,7
제주-1980-07-23-22:34,제주,1980-07-23,22:34,-30,1,ascSign|mcSign|planetHouses,11.4667,3
제주-1980-07-23-22:34,제주,1980-07-23,22:34,-15,1,ascSign|mcSign|planetHouses,5.7500,2
제주-1980-07-23-22:34,제주,1980-07-23,22:34,-5,0,,1.9167,0
제주-1980-07-23-22:34,제주,1980-07-23,22:34,5,1,planetHouses,1.9167,1
제주-1980-07-23-22:34,제주,1980-07-23,22:34,15,1,planetHouses,5.7333,2
제주-1980-07-23-22:34,제주,1980-07-23,22:34,30,1,planetHouses,11.4167,3
제주-1980-07-23-22:34,제주,1980-07-23,22:34,60,1,hourPillar|minggongBranch|bodyPalaceBranch|soulStar|planetHouses,22.5000,8
제주-1980-07-23-22:34,제주,1980-07-23,22:34,120,1,dayPillar|hourPillar|minggongBranch|bodyPalaceBranch|soulStar|ascSign|planetHouses,43.0167,12
제주-1980-08-03-00:00,제주,1980-08-03,00:00,-120,1,hourPillar|minggongBranch|bodyPalaceBranch|soulStar|ascSign|mcSign|planetHouses,42.6667,12
제주-1980-08-03-00:00,제주,1980-08-03,00:00,-60,1,hourPillar|minggongBranch|bodyPalaceBranch|soulStar|ascSign|mcSign|planetHouses,20.2833,6
제주-1980-08-03-00:00,제주,1980-08-03,00:00,-30,1,hourPillar|minggongBranch|bodyPalaceBranch|soulStar|mcSign|planetHouses,9.8167,3
제주-1980-08-03-00:00,제주,1980-08-03,00:00,-15,1,mcSign,4.8167,0
제주-1980-08-03-00:00,제주,1980-08-03,00:00,-5,1,mcSign,1.5833,0
제주-1980-08-03-00:00,제주,1980-08-03,00:00,5,0,,1.5833,0
제주-1980-08-03-00:00,제주,1980-08-03,00:00,15,1,planetHouses,4.6667,1
제주-1980-08-03-00:00,제주,1980-08-03,00:00,30,1,planetHouses,9.1667,3
제주-1980-08-03-00:00,제주,1980-08-03,00:00,60,1,dayPillar|ascSign|planetHouses,17.7167,8
제주-1980-08-03-00:00,제주,1980-08-03,00:00,120,1,dayPillar|hourPillar|minggongBranch|bodyPalaceBranch|soulStar|ascSign|mcSign|planetHouses,33.2667,12
제주-1980-08-03-02:14,제주,1980-08-03,02:14,-120,1,dayPillar|hourPillar|minggongBranch|bodyPalaceBranch|soulStar|ascSign|mcSign|planetHouses,32.2833,12
제주-1980-08-03-02:14,제주,1980-08-03,02:14,-60,1,hourPillar|minggongBranch|bodyPalaceBranch|soulStar|mcSign|planetHouses,15.1333,5
제주-1980-08-03-02:14,제주,1980-08-03,02:14,-30,1,mcSign|planetHouses,7.3667,1
제주-1980-08-03-02:14,제주,1980-08-03,02:14,-15,1,planetHouses,3.6333,1
제주-1980-08-03-02:14,제주,1980-08-03,02:14,-5,0,,1.2000,0
제주-1980-08-03-02:14,제주,1980-08-03,02:14,5,0,,1.2000,0
제주-1980-08-03-02:14,제주,1980-08-03,02:14,15,1,planetHouses,3.5500,2
제주-1980-08-03-02:14,제주,1980-08-03,02:14,30,1,ascSign|planetHouses,7.0167,6
제주-1980-08-03-02:14,제주,1980-08-03,02:14,60,1,ascSign|planetHouses,13.7667,9
제주-1980-08-03-02:14,제주,1980-08-03,02:14,120,1,hourPillar|minggongBranch|bodyPalaceBranch|soulStar|ascSign|mcSign|planetHouses,26.7333,11
제주-1980-08-03-04:28,제주,1980-08-03,04:28,-120,1,hourPillar|minggongBranch|bodyPalaceBranch|soulStar|ascSign|mcSign|planetHouses,26.3667,12
제주-1980-08-03-04:28,제주,1980-08-03,04:28,-60,1,hourPillar|minggongBranch|bodyPalaceBranch|soulStar|mcSign|planetHouses,12.8333,4
제주-1980-08-03-04:28,제주,1980-08-03,04:28,-30,1,planetHouses,6.3500,3
제주-1980-08-03-04:28,제주,1980-08-03,04:28,-15,1,planetHouses,3.1667,2
제주-1980-08-03-04:28,제주,1980-08-03,04:28,-5,0,,1.0500,0
제주-1980-08-03-04:28,제주,1980-08-03,04:28,5,0,,1.0500,0
제주-1980-08-03-04:28,제주,1980-08-03,04:28,15,1,planetHouses,3.1500,2
제주-1980-08-03-04:28,제주,1980-08-03,04:28,30,1,planetHouses,6.2667,6
제주-1980-08-03-04:28,제주,1980-08-03,04:28,60,1,ascSign|planetHouses,12.5000,8
제주-1980-08-03-04:28,제주,1980-08-03,04:28,120,1,hourPillar|minggongBranch|bodyPalaceBranch|soulStar|ascSign|mcSign|planetHouses,24.9167,10
제주-1980-08-03-06:42,제주,1980-08-03,06:42,-120,1,hourPillar|minggongBranch|bodyPalaceBranch|soulStar|ascSign|mcSign|planetHouses,24.8833,11
제주-1980-08-03-06:42,제주,1980-08-03,06:42,-60,1,planetHouses,12.4167,7
제주-1980-08-03-06:42,제주,1980-08-03,06:42,-30,1,planetHouses,6.2167,5
제주-1980-08-03-06:42,제주,1980-08-03,06:42,-15,1,planetHouses,3.1000,5
제주-1980-08-03-06:42,제주,1980-08-03,06:42,-5,1,planetHouses,1.0333,4
제주-1980-08-03-06:42,제주,1980-08-03,06:42,5,1,planetHouses,1.0500,1
제주-1980-08-03-06:42,제주,1980-08-03,06:42,15,1,planetHouses,3.1167,1
제주-1980-08-03-06:42,제주,1980-08-03,06:42,30,1,planetHouses,6.2500,3
제주-1980-08-03-06:42,제주,1980-08-03,06:42,60,1,hourPillar|minggongBranch|bodyPalaceBranch|soulStar|ascSign|mcSign|planetHouses,12.5167,5
제주-1980-08-03-06:42,제주,1980-08-03,06:42,120,1,hourPillar|minggongBranch|bodyPalaceBranch|soulStar|ascSign|mcSign|planetHouses,25.1500,8
제주-1980-08-03-08:56,제주,1980-08-03,08:56,-120,1,hourPillar|minggongBranch|bodyPalaceBranch|soulStar|ascSign|mcSign|planetHouses,25.2000,10
제주-1980-08-03-08:56,제주,1980-08-03,08:56,-60,1,planetHouses,12.6667,6
제주-1980-08-03-08:56,제주,1980-08-03,08:56,-30,1,planetHouses,6.3500,3
제주-1980-08-03-08:56,제주,1980-08-03,08:56,-15,1,planetHouses,3.1833,3
제주-1980-08-03-08:56,제주,1980-08-03,08:56,-5,1,planetHouses,1.0667,2
제주-1980-08-03-08:56,제주,1980-08-03,08:56,5,1,planetHouses,1.0500,1
제주-1980-08-03-08:56,제주,1980-08-03,08:56,15,1,planetHouses,3.1833,2
제주-1980-08-03-08:56,제주,1980-08-03,08:56,30,1,planetHouses,6.3667,5
제주-1980-08-03-08:56,제주,1980-08-03,08:56,60,1,hourPillar|minggongBranch|bodyPalaceBranch|soulStar|ascSign|mcSign|planetHouses,12.7333,6
제주-1980-08-03-08:56,제주,1980-08-03,08:56,120,1,hourPillar|minggongBranch|bodyPalaceBranch|soulStar|ascSign|mcSign|planetHouses,25.4500,10
제주-1980-08-03-10:10,제주,1980-08-03,10:10,-120,1,hourPillar|minggongBranch|bodyPalaceBranch|soulStar|ascSign|mcSign|planetHouses,25.4167,10
제주-1980-08-03-10:10,제주,1980-08-03,10:10,-60,1,hourPillar|minggongBranch|bodyPalaceBranch|soulStar|ascSign|mcSign|planetHouses,12.7333,4
제주-1980-08-03-10:10,제주,1980-08-03,10:10,-30,1,ascSign|mcSign,6.3667,0
제주-1980-08-03-10:10,제주,1980-08-03,10:10,-15,0,,3.1833,0
제주-1980-08-03-10:10,제주,1980-08-03,10:10,-5,0,,1.0667,0
제주-1980-08-03-10:10,제주,1980-08-03,10:10,5,0,,1.0667,0
제주-1980-08-03-10:10,제주,1980-08-03,10:10,15,1,planetHouses,3.1833,2
제주-1980-08-03-10:10,제주,1980-08-03,10:10,30,1,planetHouses,6.3500,3
제주-1980-08-03-10:10,제주,1980-08-03,10:10,60,1,planetHouses,12.7000,6
제주-1980-08-03-10:10,제주,1980-08-03,10:10,120,1,hourPillar|minggongBranch|bodyPalaceBranch|soulStar|ascSign|mcSign|planetHouses,25.3000,12
제주-1980-08-03-12:24,제주,1980-08-03,12:24,-120,1,hourPillar|minggongBranch|bodyPalaceBranch|soulStar|ascSign|mcSign|planetHouses,25.2500,10
제주-1980-08-03-12:24,제주,1980-08-03,12:24,-60,1,hourPillar|minggongBranch|bodyPalaceBranch|soulStar|ascSign|mcSign|planetHouses,12.5667,3
제주-1980-08-03-12:24,제주,1980-08-03,12:24,-30,1,ascSign|mcSign|planetHouses,6.2667,1
제주-1980-08-03-12:24,제주,1980-08-03,12:24,-15,0,,3.1333,0
제주-1980-08-03-12:24,제주,1980-08-03,12:24,-5,0,,1.0333,0
제주-1980-08-03-12:24,제주,1980-08-03,12:24,5,0,,1.0500,0
제주-1980-08-03-12:24,제주,1980-08-03,12:24,15,1,planetHouses,3.1167,1
제주-1980-08-03-12:24,제주,1980-08-03,12:24,30,1,planetHouses,6.2333,4
제주-1980-08-03-12:24,제주,1980-08-03,12:24,60,1,planetHouses,12.4500,8
제주-1980-08-03-12:24,제주,1980-08-03,12:24,120,1,hourPillar|minggongBranch|bodyPalaceBranch|soulStar|mcSign|planetHouses,24.8833,12
제주-1980-08-03-14:38,제주,1980-08-03,14:38,-120,1,hourPillar|minggongBranch|bodyPalaceBranch|soulStar|ascSign|mcSign|planetHouses,24.8667,11
제주-1980-08-03-14:38,제주,1980-08-03,14:38,-60,1,ascSign|mcSign|planetHouses,12.4333,5
제주-1980-08-03-14:38,제주,1980-08-03,14:38,-30,1,ascSign|planetHouses,6.2167,2
제주-1980-08-03-14:38,제주,1980-08-03,14:38,-15,1,ascSign|planetHouses,3.1167,1
제주-1980-08-03-14:38,제주,1980-08-03,14:38,-5,1,ascSign,1.0333,0
제주-1980-08-03-14:38,제주,1980-08-03,14:38,5,1,planetHouses,1.0500,2
제주-1980-08-03-14:38,제주,1980-08-03,14:38,15,1,planetHouses,3.1333,2
제주-1980-08-03-14:38,제주,1980-08-03,14:38,30,1,planetHouses,6.2833,4
제주-1980-08-03-14:38,제주,1980-08-03,14:38,60,1,hourPillar|minggongBranch|bodyPalaceBranch|soulStar|planetHouses,12.6500,8
제주-1980-08-03-14:38,제주,1980-08-03,14:38,120,1,hourPillar|minggongBranch|bodyPalaceBranch|soulStar|mcSign|planetHouses,25.8000,11
제주-1980-08-03-16:52,제주,1980-08-03,16:52,-120,1,hourPillar|minggongBranch|bodyPalaceBranch|soulStar|mcSign|planetHouses,26.0667,12
제주-1980-08-03-16:52,제주,1980-08-03,16:52,-60,1,planetHouses,13.3500,6
제주-1980-08-03-16:52,제주,1980-08-03,16:52,-30,1,planetHouses,6.7833,4
제주-1980-08-03-16:52,제주,1980-08-03,16:52,-15,1,planetHouses,3.4167,2
제주-1980-08-03-16:52,제주,1980-08-03,16:52,-5,0,,1.1500,0
제주-1980-08-03-16:52,제주,1980-08-03,16:52,5,1,ascSign|planetHouses,1.1500,1
제주-1980-08-03-16:52,제주,1980-08-03,16:52,15,1,ascSign|planetHouses,3.4833,1
제주-1980-08-03-16:52,제주,1980-08-03,16:52,30,1,ascSign|planetHouses,7.0333,3
제주-1980-08-03-16:52,제주,1980-08-03,16:52,60,1,hourPillar|minggongBranch|bodyPalaceBranch|soulStar|ascSign|mcSign|planetHouses,14.4333,7
제주-1980-08-03-16:52,제주,1980-08-03,16:52,120,1,hourPillar|minggongBranch|bodyPalaceBranch|soulStar|ascSign|mcSign|planetHouses,30.5667,12
제주-1980-08-03-18:06,제주,1980-08-03,18:06,-120,1,hourPillar|minggongBranch|bodyPalaceBranch|soulStar|ascSign|mcSign|planetHouses,28.3167,11
제주-1980-08-03-18:06,제주,1980-08-03,18:06,-60,1,hourPillar|minggongBranch|bodyPalaceBranch|soulStar|mcSign|planetHouses,14.7667,6
제주-1980-08-03-18:06,제주,1980-08-03,18:06,-30,1,mcSign|planetHouses,7.5833,3
제주-1980-08-03-18:06,제주,1980-08-03,18:06,-15,0,,3.8500,0
제주-1980-08-03-18:06,제주,1980-08-03,18:06,-5,0,,1.3000,0
제주-1980-08-03-18:06,제주,1980-08-03,18:06,5,0,,1.3000,0
제주-1980-08-03-18:06,제주,1980-08-03,18:06,15,1,planetHouses,3.9500,2
제주-1980-08-03-18:06,제주,1980-08-03,18:06,30,1,planetHouses,8.0333,4
제주-1980-08-03-18:06,제주,1980-08-03,18:06,60,1,ascSign|planetHouses,16.6333,7
제주-1980-08-03-18:06,제주,1980-08-03,18:06,120,1,hourPillar|minggongBranch|bodyPalaceBranch|soulStar|ascSign|mcSign|planetHouses,35.7167,12
제주-1980-08-03-20:20,제주,1980-08-03,20:20,-120,1,hourPillar|minggongBranch|bodyPalaceBranch|soulStar|ascSign|mcSign|planetHouses,36.8667,12
제주-1980-08-03-20:20,제주,1980-08-03,20:20,-60,1,hourPillar|minggongBranch|bodyPalaceBranch|soulStar|mcSign|planetHouses,19.7000,8
제주-1980-08-03-20:20,제주,1980-08-03,20:20,-30,1,planetHouses,10.1833,5
제주-1980-08-03-20:20,제주,1980-08-03,20:20,-15,0,,5.1833,0
제주-1980-08-03-20:20,제주,1980-08-03,20:20,-5,0,,1.7500,0
제주-1980-08-03-20:20,제주,1980-08-03,20:20,5,1,ascSign,1.7500,0
제주-1980-08-03-20:20,제주,1980-08-03,20:20,15,1,ascSign|planetHouses,5.3167,1
제주-1980-08-03-20:20,제주,1980-08-03,20:20,30,1,ascSign|planetHouses,10.7667,3
제주-1980-08-03-20:20,제주,1980-08-03,20:20,60,1,ascSign|planetHouses,22.0167,6
제주-1980-08-03-20:20,제주,1980-08-03,20:20,120,1,hourPillar|minggongBranch|bodyPalaceBranch|soulStar|ascSign|mcSign|planetHouses,44.9000,12
제주-1980-08-03-22:34,제주,1980-08-03,22:34,-120,1,hourPillar|minggongBranch|bodyPalaceBranch|soulStar|ascSign|mcSign|planetHouses,45.1833,12
제주-1980-08-03-22:34,제주,1980-08-03,22:34,-60,1,ascSign|mcSign|planetHouses,22.7833,7
제주-1980-08-03-22:34,제주,1980-08-03,22:34,-30,1,planetHouses,11.3000,2
제주-1980-08-03-22:34,제주,1980-08-03,22:34,-15,1,planetHouses,5.6167,2
제주-1980-08-03-22:34,제주,1980-08-03,22:34,-5,0,,1.8667,0
제주-1980-08-03-22:34,제주,1980-08-03,22:34,5,1,planetHouses,1.8500,1
제주-1980-08-03-22:34,제주,1980-08-03,22:34,15,1,planetHouses,5.5000,2
제주-1980-08-03-22:34,제주,1980-08-03,22:34,30,1,planetHouses,10.8833,4
제주-1980-08-03-22:34,제주,1980-08-03,22:34,60,1,hourPillar|minggongBranch|bodyPalaceBranch|soulStar|ascSign|planetHouses,21.1833,9
제주-1980-08-03-22:34,제주,1980-08-03,22:34,120,1,dayPillar|hourPillar|minggongBranch|bodyPalaceBranch|soulStar|ascSign|mcSign|planetHouses,39.8167,12
제주-1980-09-10-00:00,제주,1980-09-10,00:00,-120,1,hourPillar|minggongBranch|bodyPalaceBranch|soulStar|ascSign|mcSign|planetHouses,31.3000,11
제주-1980-09-10-00:00,제주,1980-09-10,00:00,-60,1,hourPillar|minggongBranch|bodyPalaceBranch|soulStar|mcSign|planetHouses,14.7333,5
제주-1980-09-10-00:00,제주,1980-09-10,00:00,-30,1,hourPillar|minggongBranch|bodyPalaceBranch|soulStar,7.1833,0
제주-1980-09-10-00:00,제주,1980-09-10,00:00,-15,0,,3.5500,0
제주-1980-09-10-00:00,제주,1980-09-10,00:00,-5,0,,1.1833,0
제주-1980-09-10-00:00,제주,1980-09-10,00:00,5,1,planetHouses,1.1500,1
제주-1980-09-10-00:00,제주,1980-09-10,00:00,15,1,ascSign|planetHouses,3.4667,1
제주-1980-09-10-00:00,제주,1980-09-10,00:00,30,1,ascSign|planetHouses,6.8667,4
제주-1980-09-10-00:00,제주,1980-09-10,00:00,60,1,dayPillar|ascSign|planetHouses,13.5167,8
제주-1980-09-10-00:00,제주,1980-09-10,00:00,120,1,dayPillar|hourPillar|minggongBranch|bodyPalaceBranch|soulStar|ascSign|mcSign|planetHouses,26.3333,12
제주-1980-09-10-02:14,제주,1980-09-10,02:14,-120,1,dayPillar|hourPillar|minggongBranch|bodyPalaceBranch|soulStar|mcSign|planetHouses,26.0333,11
제주-1980-09-10-02:14,제주,1980-09-10,02:14,-60,1,hourPillar|minggongBranch|bodyPalaceBranch|soulStar|mcSign|planetHouses,12.7167,3
제주-1980-09-10-02:14,제주,1980-09-10,02:14,-30,1,planetHouses,6.3167,1
제주-1980-09-10-02:14,제주,1980-09-10,02:14,-15,0,,3.1500,0
제주-1980-09-10-02:14,제주,1980-09-10,02:14,-5,0,,1.0500,0
제주-1980-09-10-02:14,제주,1980-09-10,02:14,5,1,planetHouses,1.0500,2
제주-1980-09-10-02:14,제주,1980-09-10,02:14,15,1,planetHouses,3.1333,4
제주-1980-09-10-02:14,제주,1980-09-10,02:14,30,1,ascSign|planetHouses,6.2500,8
제주-1980-09-10-02:14,제주,1980-09-10,02:14,60,1,ascSign|mcSign|planetHouses,12.4500,9
제주-1980-09-10-02:14,제주,1980-09-10,02:14,120,1,hourPillar|minggongBranch|bodyPalaceBranch|soulStar|ascSign|mcSign|planetHouses,24.8833,12
제주-1980-09-10-04:28,제주,1980-09-10,04:28,-120,1,hourPillar|minggongBranch|bodyPalaceBranch|soulStar|ascSign|mcSign|planetHouses,24.8667,11
제주-1980-09-10-04:28,제주,1980-09-10,04:28,-60,1,hourPillar|minggongBranch|bodyPalaceBranch|soulStar|planetHouses,12.4333,5
제주-1980-09-10-04:28,제주,1980-09-10,04:28,-30,1,planetHouses,6.2167,4
제주-1980-09-10-04:28,제주,1980-09-10,04:28,-15,1,planetHouses,3.1167,1
제주-1980-09-10-04:28,제주,1980-09-10,04:28,-5,0,,1.0333,0
제주-1980-09-10-04:28,제주,1980-09-10,04:28,5,0,,1.0500,0
제주-1980-09-10-04:28,제주,1980-09-10,04:28,15,1,planetHouses,3.1333,4
제주-1980-09-10-04:28,제주,1980-09-10,04:28,30,1,ascSign|planetHouses,6.2667,4
제주-1980-09-10-04:28,제주,1980-09-10,04:28,60,1,ascSign|mcSign|planetHouses,12.5500,7
제주-1980-09-10-04:28,제주,1980-09-10,04:28,120,1,hourPillar|minggongBranch|bodyPalaceBranch|soulStar|ascSign|mcSign|planetHouses,25.2167,11
제주-1980-09-10-06:42,제주,1980-09-10,06:42,-120,1,hourPillar|minggongBranch|bodyPalaceBranch|soulStar|ascSign|mcSign|planetHouses,25.2667,9
제주-1980-09-10-06:42,제주,1980-09-10,06:42,-60,1,planetHouses,12.6833,6
제주-1980-09-10-06:42,제주,1980-09-10,06:42,-30,1,planetHouses,6.3500,5
제주-1980-09-10-06:42,제주,1980-09-10,06:42,-15,1,planetHouses,3.1833,2
제주-1980-09-10-06:42,제주,1980-09-10,06:42,-5,0,,1.0667,0
제주-1980-09-10-06:42,제주,1980-09-10,06:42,5,1,planetHouses,1.0500,2
제주-1980-09-10-06:42,제주,1980-09-10,06:42,15,1,planetHouses,3.1833,3
제주-1980-09-10-06:42,제주,1980-09-10,06:42,30,1,planetHouses,6.3667,4
제주-1980-09-10-06:42,제주,1980-09-10,06:42,60,1,hourPillar|minggongBranch|bodyPalaceBranch|soulStar|ascSign|mcSign|planetHouses,12.7333,6
제주-1980-09-10-06:42,제주,1980-09-10,06:42,120,1,hourPillar|minggongBranch|bodyPalaceBranch|soulStar|ascSign|mcSign|planetHouses,25.4333,11
제주-1980-09-10-08:56,제주,1980-09-10,08:56,-120,1,hourPillar|minggongBranch|bodyPalaceBranch|soulStar|ascSign|mcSign|planetHouses,25.4167,11
제주-1980-09-10-08:56,제주,1980-09-10,08:56,-60,1,planetHouses,12.6833,8
제주-1980-09-10-08:56,제주,1980-09-10,08:56,-30,1,planetHouses,6.3333,6
제주-1980-09-10-08:56,제주,1980-09-10,08:56,-15,1,planetHouses,3.1667,3
제주-1980-09-10-08:56,제주,1980-09-10,08:56,-5,1,planetHouses,1.0500,2
제주-1980-09-10-08:56,제주,1980-09-10,08:56,5,0,,1.0500,0
제주-1980-09-10-08:56,제주,1980-09-10,08:56,15,1,planetHouses,3.1500,2
제주-1980-09-10-08:56,제주,1980-09-10,08:56,30,1,mcSign|planetHouses,6.3000,3
제주-1980-09-10-08:56,제주,1980-09-10,08:56,60,1,hourPillar|minggongBranch|bodyPalaceBranch|soulStar|ascSign|mcSign|planetHouses,12.5667,4
제주-1980-09-10-08:56,제주,1980-09-10,08:56,120,1,hourPillar|minggongBranch|bodyPalaceBranch|soulStar|ascSign|mcSign|planetHouses,25.0167,11
제주-1980-09-10-10:10,제주,1980-09-10,10:10,-120,1,hourPillar|minggongBranch|bodyPalaceBranch|soulStar|ascSign|mcSign|planetHouses,25.2000,11
제주-1980-09-10-10:10,제주,1980-09-10,10:10,-60,1,hourPillar|minggongBranch|bodyPalaceBranch|soulStar|ascSign|mcSign|planetHouses,12.5500,4
제주-1980-09-10-10:10,제주,1980-09-10,10:10,-30,0,,6.2667,0
제주-1980-09-10-10:10,제주,1980-09-10,10:10,-15,0,,3.1333,0
제주-1980-09-10-10:10,제주,1980-09-10,10:10,-5,0,,1.0500,0
제주-1980-09-10-10:10,제주,1980-09-10,10:10,5,0,,1.0333,0
제주-1980-09-10-10:10,제주,1980-09-10,10:10,15,1,planetHouses,3.1167,1
제주-1980-09-10-10:10,제주,1980-09-10,10:10,30,1,planetHouses,6.2167,3
제주-1980-09-10-10:10,제주,1980-09-10,10:10,60,1,planetHouses,12.4333,7
제주-1980-09-10-10:10,제주,1980-09-10,10:10,120,1,hourPillar|minggongBranch|bodyPalaceBranch|soulStar|ascSign|mcSign|planetHouses,24.8667,12
제주-1980-09-10-12:24,제주,1980-09-10,12:24,-120,1,hourPillar|minggongBranch|bodyPalaceBranch|soulStar|ascSign|mcSign|planetHouses,24.8833,12
제주-1980-09-10-12:24,제주,1980-09-10,12:24,-60,1,hourPillar|minggongBranch|bodyPalaceBranch|soulStar|ascSign|mcSign|planetHouses,12.4667,3
제주-1980-09-10-12:24,제주,1980-09-10,12:24,-30,1,ascSign|planetHouses,6.2500,1
제주-1980-09-10-12:24,제주,1980-09-10,12:24,-15,0,,3.1333,0
제주-1980-09-10-12:24,제주,1980-09-10,12:24,-5,0,,1.0333,0
제주-1980-09-10-12:24,제주,1980-09-10,12:24,5,0,,1.0500,0
제주-1980-09-10-12:24,제주,1980-09-10,12:24,15,1,planetHouses,3.1500,2
제주-1980-09-10-12:24,제주,1980-09-10,12:24,30,1,planetHouses,6.3167,3
제주-1980-09-10-12:24,제주,1980-09-10,12:24,60,1,mcSign|planetHouses,12.7500,9
제주-1980-09-10-12:24,제주,1980-09-10,12:24,120,1,hourPillar|minggongBranch|bodyPalaceBranch|soulStar|ascSign|mcSign|planetHouses,26.1000,12
제주-1980-09-10-14:38,제주,1980-09-10,14:38,-120,1,hourPillar|minggongBranch|bodyPalaceBranch|soulStar|ascSign|mcSign|planetHouses,26.4000,12
제주-1980-09-10-14:38,제주,1980-09-10,14:38,-60,1,ascSign|planetHouses,13.5667,5
제주-1980-09-10-14:38,제주,1980-09-10,14:38,-30,1,ascSign|planetHouses,6.9000,3
제주-1980-09-10-14:38,제주,1980-09-10,14:38,-15,1,planetHouses,3.4833,2
제주-1980-09-10-14:38,제주,1980-09-10,14:38,-5,1,planetHouses,1.1667,1
제주-1980-09-10-14:38,제주,1980-09-10,14:38,5,0,,1.1833,0
제주-1980-09-10-14:38,제주,1980-09-10,14:38,15,1,planetHouses,3.5667,2
제주-1980-09-10-14:38,제주,1980-09-10,14:38,30,1,mcSign|planetHouses,7.2167,5
제주-1980-09-10-14:38,제주,1980-09-10,14:38,60,1,hourPillar|minggongBranch|bodyPalaceBranch|soulStar|mcSign|planetHouses,14.8167,8
제주-1980-09-10-14:38,제주,1980-09-10,14:38,120,1,hourPillar|minggongBranch|bodyPalaceBranch|soulStar|ascSign|mcSign|planetHouses,31.5000,11
제주-1980-09-10-16:52,제주,1980-09-10,16:52,-120,1,hourPillar|minggongBranch|bodyPalaceBranch|soulStar|ascSign|mcSign|planetHouses,32.4000,12
제주-1980-09-10-16:52,제주,1980-09-10,16:52,-60,1,ascSign|planetHouses,17.2167,5
제주-1980-09-10-16:52,제주,1980-09-10,16:52,-30,1,planetHouses,8.9000,5
제주-1980-09-10-16:52,제주,1980-09-10,16:52,-15,1,planetHouses,4.5333,2
제주-1980-09-10-16:52,제주,1980-09-10,16:52,-5,0,,1.5333,0
제주-1980-09-10-16:52,제주,1980-09-10,16:52,5,1,planetHouses,1.5500,1
제주-1980-09-10-16:52,제주,1980-09-10,16:52,15,1,planetHouses,4.6833,1
제주-1980-09-10-16:52,제주,1980-09-10,16:52,30,1,mcSign|planetHouses,9.5500,6
제주-1980-09-10-16:52,제주,1980-09-10,16:52,60,1,hourPillar|minggongBranch|bodyPalaceBranch|soulStar|mcSign|planetHouses,19.7500,7
제주-1980-09-10-16:52,제주,1980-09-10,16:52,120,1,hourPillar|minggongBranch|bodyPalaceBranch|soulStar|ascSign|mcSign|planetHouses,41.8167,12
제주-1980-09-10-18:06,제주,1980-09-10,18:06,-120,1,hourPillar|minggongBranch|bodyPalaceBranch|soulStar|ascSign|mcSign|planetHouses,38.1333,12
제주-1980-09-10-18:06,제주,1980-09-10,18:06,-60,1,hourPillar|minggongBranch|bodyPalaceBranch|soulStar|ascSign|mcSign|planetHouses,20.3667,6
제주-1980-09-10-18:06,제주,1980-09-10,18:06,-30,1,ascSign,10.5000,0
제주-1980-09-10-18:06,제주,1980-09-10,18:06,-15,1,ascSign,5.3333,0
제주-1980-09-10-18:06,제주,1980-09-10,18:06,-5,0,,1.8000,0
제주-1980-09-10-18:06,제주,1980-09-10,18:06,5,0,,1.8000,0
제주-1980-09-10-18:06,제주,1980-09-10,18:06,15,1,planetHouses,5.4500,3
제주-1980-09-10-18:06,제주,1980-09-10,18:06,30,1,planetHouses,11.0333,4
제주-1980-09-10-18:06,제주,1980-09-10,18:06,60,1,planetHouses,22.4167,6
제주-1980-09-10-18:06,제주,1980-09-10,18:06,120,1,hourPillar|minggongBranch|bodyPalaceBranch|soulStar|ascSign|mcSign|planetHouses,45.1833,12
제주-1980-09-10-20:20,제주,1980-09-10,20:20,-120,1,hourPillar|minggongBranch|bodyPalaceBranch|soulStar|ascSign|mcSign|planetHouses,45.2333,12
제주-1980-09-10-20:20,제주,1980-09-10,20:20,-60,1,hourPillar|minggongBranch|bodyPalaceBranch|soulStar|planetHouses,22.5333,4
제주-1980-09-10-20:20,제주,1980-09-10,20:20,-30,1,planetHouses,11.1000,4
제주-1980-09-10-20:20,제주,1980-09-10,20:20,-15,1,planetHouses,5.5000,2
제주-1980-09-10-20:20,제주,1980-09-10,20:20,-5,0,,1.8167,0
제주-1980-09-10-20:20,제주,1980-09-10,20:20,5,0,,1.8167,0
제주-1980-09-10-20:20,제주,1980-09-10,20:20,15,0,,5.3833,0
제주-1980-09-10-20:20,제주,1980-09-10,20:20,30,1,ascSign|planetHouses,10.6000,2
제주-1980-09-10-20:20,제주,1980-09-10,20:20,60,1,ascSign|planetHouses,20.5667,8
제주-1980-09-10-20:20,제주,1980-09-10,20:20,120,1,hourPillar|minggongBranch|bodyPalaceBranch|soulStar|ascSign|mcSign|planetHouses,38.5500,12
제주-1980-09-10-22:34,제주,1980-09-10,22:34,-120,1,hourPillar|minggongBranch|bodyPalaceBranch|soulStar|ascSign|mcSign|planetHouses,37.3833,12
제주-1980-09-10-22:34,제주,1980-09-10,22:34,-60,1,ascSign|planetHouses,17.4167,4
제주-1980-09-10-22:34,제주,1980-09-10,22:34,-30,1,ascSign|planetHouses,8.4000,1
제주-1980-09-10-22:34,제주,1980-09-10,22:34,-15,0,,4.1333,0
제주-1980-09-10-22:34,제주,1980-09-10,22:34,-5,0,,1.3667,0
제주-1980-09-10-22:34,제주,1980-09-10,22:34,5,1,planetHouses,1.3500,3
제주-1980-09-10-22:34,제주,1980-09-10,22:34,15,1,planetHouses,4.0000,4
제주-1980-09-10-22:34,제주,1980-09-10,22:34,30,1,planetHouses,7.8833,4
제주-1980-09-10-22:34,제주,1980-09-10,22:34,60,1,hourPillar|minggongBranch|bodyPalaceBranch|soulStar|mcSign|planetHouses,15.3333,10
제주-1980-09-10-22:34,제주,1980-09-10,22:34,120,1,dayPillar|hourPillar|minggongBranch|bodyPalaceBranch|soulStar|ascSign|mcSign|planetHouses,29.2333,12
제주-1980-10-17-00:00,제주,1980-10-17,00:00,-120,1,hourPillar|minggongBranch|bodyPalaceBranch|soulStar|mcSign|planetHouses,25.8167,11
제주-1980-10-17-00:00,제주,1980-10-17,00:00,-60,1,hourPillar|minggongBranch|bodyPalaceBranch|soulStar|planetHouses,12.6500,7
제주-1980-10-17-00:00,제주,1980-10-17,00:00,-30,1,hourPillar|minggongBranch|bodyPalaceBranch|soulStar|planetHouses,6.2833,4
제주-1980-10-17-00:00,제주,1980-10-17,00:00,-15,1,planetHouses,3.1333,1
제주-1980-10-17-00:00,제주,1980-10-17,00:00,-5,0,,1.0500,0
제주-1980-10-17-00:00,제주,1980-10-17,00:00,5,1,planetHouses,1.0333,1
제주-1980-10-17-00:00,제주,1980-10-17,00:00,15,1,ascSign|planetHouses,3.1167,2
제주-1980-10-17-00:00,제주,1980-10-17,00:00,30,1,ascSign|planetHouses,6.2167,3
제주-1980-10-17-00:00,제주,1980-10-17,00:00,60,1,dayPillar|ascSign|mcSign|planetHouses,12.4333,5
제주-1980-10-17-00:00,제주,1980-10-17,00:00,120,1,dayPillar|hourPillar|minggongBranch|bodyPalaceBranch|soulStar|ascSign|mcSign|planetHouses,24.8667,12
제주-1980-10-17-02:14,제주,1980-10-17,02:14,-120,1,dayPillar|hourPillar|minggongBranch|bodyPalaceBranch|soulStar|mcSign|planetHouses,24.8833,10
제주-1980-10-17-02:14,제주,1980-10-17,02:14,-60,1,hourPillar|minggongBranch|bodyPalaceBranch|soulStar|planetHouses,12.4500,6
제주-1980-10-17-02:14,제주,1980-10-17,02:14,-30,1,planetHouses,6.2333,2
제주-1980-10-17-02:14,제주,1980-10-17,02:14,-15,0,,3.1333,0
제주-1980-10-17-02:14,제주,1980-10-17,02:14,-5,0,,1.0500,0
제주-1980-10-17-02:14,제주,1980-10-17,02:14,5,1,planetHouses,1.0333,1
제주-1980-10-17-02:14,제주,1980-10-17,02:14,15,1,planetHouses,3.1333,3
제주-1980-10-17-02:14,제주,1980-10-17,02:14,30,1,ascSign|mcSign|planetHouses,6.2667,4
제주-1980-10-17-02:14,제주,1980-10-17,02:14,60,1,ascSign|mcSign|planetHouses,12.5667,6
제주-1980-10-17-02:14,제주,1980-10-17,02:14,120,1,hourPillar|minggongBranch|bodyPalaceBranch|soulStar|ascSign|mcSign|planetHouses,25.2500,12
제주-1980-10-17-04:28,제주,1980-10-17,04:28,-120,1,hourPillar|minggongBranch|bodyPalaceBranch|soulStar|ascSign|mcSign|planetHouses,25.3000,10
제주-1980-10-17-04:28,제주,1980-10-17,04:28,-60,1,hourPillar|minggongBranch|bodyPalaceBranch|soulStar|planetHouses,12.7000,7
제주-1980-10-17-04:28,제주,1980-10-17,04:28,-30,1,planetHouses,6.3667,3
제주-1980-10-17-04:28,제주,1980-10-17,04:28,-15,1,planetHouses,3.1833,1
제주-1980-10-17-04:28,제주,1980-10-17,04:28,-5,1,planetHouses,1.0667,1
제주-1980-10-17-04:28,제주,1980-10-17,04:28,5,0,,1.0500,0
제주-1980-10-17-04:28,제주,1980-10-17,04:28,15,1,planetHouses,3.1833,3
제주-1980-10-17-04:28,제주,1980-10-17,04:28,30,1,ascSign|mcSign|planetHouses,6.3667,3
제주-1980-10-17-04:28,제주,1980-10-17,04:28,60,1,ascSign|mcSign|planetHouses,12.7333,5
제주-1980-10-17-04:28,제주,1980-10-17,04:28,120,1,hourPillar|minggongBranch|bodyPalaceBranch|soulStar|ascSign|mcSign|planetHouses,25.4167,10
제주-1980-10-17-06:42,제주,1980-10-17,06:42,-120,1,hourPillar|minggongBranch|bodyPalaceBranch|soulStar|ascSign|mcSign|planetHouses,25.4000,9
제주-1980-10-17-06:42,제주,1980-10-17,06:42,-60,1,planetHouses,12.6667,6
제주-1980-10-17-06:42,제주,1980-10-17,06:42,-30,1,planetHouses,6.3333,4
제주-1980-10-17-06:42,제주,1980-10-17,06:42,-15,1,planetHouses,3.1667,2
제주-1980-10-17-06:42,제주,1980-10-17,06:42,-5,0,,1.0667,0
제주-1980-10-17-06:42,제주,1980-10-17,06:42,5,1,planetHouses,1.0500,2
제주-1980-10-17-06:42,제주,1980-10-17,06:42,15,1,planetHouses,3.1333,3
제주-1980-10-17-06:42,제주,1980-10-17,06:42,30,1,mcSign|planetHouses,6.2833,4
제주-1980-10-17-06:42,제주,1980-10-17,06:42,60,1,hourPillar|minggongBranch|bodyPalaceBranch|soulStar|ascSign|mcSign|planetHouses,12.5333,5
제주-1980-10-17-06:42,제주,1980-10-17,06:42,120,1,hourPillar|minggongBranch|bodyPalaceBranch|soulStar|ascSign|mcSign|planetHouses,24.9667,10
제주-1980-10-17-08:56,제주,1980-10-17,08:56,-120,1,hourPillar|minggongBranch|bodyPalaceBranch|soulStar|ascSign|mcSign|planetHouses,24.9333,11
제주-1980-10-17-08:56,제주,1980-10-17,08:56,-60,1,planetHouses,12.4167,8
제주-1980-10-17-08:56,제주,1980-10-17,08:56,-30,1,planetHouses,6.2000,6
제주-1980-10-17-08:56,제주,1980-10-17,08:56,-15,1,planetHouses,3.1000,3
제주-1980-10-17-08:56,제주,1980-10-17,08:56,-5,1,planetHouses,1.0333,1
제주-1980-10-17-08:56,제주,1980-10-17,08:56,5,1,mcSign,1.0333,0
제주-1980-10-17-08:56,제주,1980-10-17,08:56,15,1,mcSign|planetHouses,3.1000,2
제주-1980-10-17-08:56,제주,1980-10-17,08:56,30,1,mcSign|planetHouses,6.2167,2
제주-1980-10-17-08:56,제주,1980-10-17,08:56,60,1,hourPillar|minggongBranch|bodyPalaceBranch|soulStar|ascSign|mcSign|planetHouses,12.4667,4
제주-1980-10-17-08:56,제주,1980-10-17,08:56,120,1,hourPillar|minggongBranch|bodyPalaceBranch|soulStar|ascSign|mcSign|planetHouses,25.1833,10
제주-1980-10-17-10:10,제주,1980-10-17,10:10,-120,1,hourPillar|minggongBranch|bodyPalaceBranch|soulStar|ascSign|mcSign|planetHouses,24.9167,10
제주-1980-10-17-10:10,제주,1980-10-17,10:10,-60,1,hourPillar|minggongBranch|bodyPalaceBranch|soulStar|ascSign|planetHouses,12.5000,2
제주-1980-10-17-10:10,제주,1980-10-17,10:10,-30,1,planetHouses,6.2833,2
제주-1980-10-17-10:10,제주,1980-10-17,10:10,-15,1,planetHouses,3.1500,1
제주-1980-10-17-10:10,제주,1980-10-17,10:10,-5,0,,1.0500,0
제주-1980-10-17-10:10,제주,1980-10-17,10:10,5,0,,1.0500,0
제주-1980-10-17-10:10,제주,1980-10-17,10:10,15,1,planetHouses,3.1500,4
제주-1980-10-17-10:10,제주,1980-10-17,10:10,30,1,planetHouses,6.3500,5
제주-1980-10-17-10:10,제주,1980-10-17,10:10,60,1,mcSign|planetHouses,12.8167,8
제주-1980-10-17-10:10,제주,1980-10-17,10:10,120,1,hourPillar|minggongBranch|bodyPalaceBranch|soulStar|ascSign|mcSign|planetHouses,26.3500,12
제주-1980-10-17-12:24,제주,1980-10-17,12:24,-120,1,hourPillar|minggongBranch|bodyPalaceBranch|soulStar|ascSign|mcSign|planetHouses,26.7000,10
제주-1980-10-17-12:24,제주,1980-10-17,12:24,-60,1,hourPillar|minggongBranch|bodyPalaceBranch|soulStar|ascSign|planetHouses,13.7500,5
제주-1980-10-17-12:24,제주,1980-10-17,12:24,-30,1,ascSign|planetHouses,7.0000,4
제주-1980-10-17-12:24,제주,1980-10-17,12:24,-15,1,planetHouses,3.5333,2
제주-1980-10-17-12:24,제주,1980-10-17,12:24,-5,1,planetHouses,1.1833,1
제주-1980-10-17-12:24,제주,1980-10-17,12:24,5,0,,1.2000,0
제주-1980-10-17-12:24,제주,1980-10-17,12:24,15,1,planetHouses,3.6333,3
제주-1980-10-17-12:24,제주,1980-10-17,12:24,30,1,mcSign|planetHouses,7.3500,5
제주-1980-10-17-12:24,제주,1980-10-17,12:24,60,1,mcSign|planetHouses,15.1167,7
제주-1980-10-17-12:24,제주,1980-10-17,12:24,120,1,hourPillar|minggongBranch|bodyPalaceBranch|soulStar|ascSign|mcSign|planetHouses,32.2500,12
제주-1980-10-17-14:38,제주,1980-10-17,14:38,-120,1,hourPillar|minggongBranch|bodyPalaceBranch|soulStar|ascSign|mcSign|planetHouses,33.2000,10
제주-1980-10-17-14:38,제주,1980-10-17,14:38,-60,1,ascSign|planetHouses,17.6667,6
제주-1980-10-17-14:38,제주,1980-10-17,14:38,-30,1,planetHouses,9.1333,3
제주-1980-10-17-14:38,제주,1980-10-17,14:38,-15,1,planetHouses,4.6500,1
제주-1980-10-17-14:38,제주,1980-10-17,14:38,-5,0,,1.5667,0
제주-1980-10-17-14:38,제주,1980-10-17,14:38,5,1,mcSign,1.6000,0
제주-1980-10-17-14:38,제주,1980-10-17,14:38,15,1,mcSign|planetHouses,4.8167,3
제주-1980-10-17-14:38,제주,1980-10-17,14:38,30,1,mcSign|planetHouses,9.8000,5
제주-1980-10-17-14:38,제주,1980-10-17,14:38,60,1,hourPillar|minggongBranch|bodyPalaceBranch|soulStar|ascSign|mcSign|planetHouses,20.2500,7
제주-1980-10-17-14:38,제주,1980-10-17,14:38,120,1,hourPillar|minggongBranch|bodyPalaceBranch|soulStar|ascSign|mcSign|planetHouses,42.6167,12
제주-1980-10-17-16:52,제주,1980-10-17,16:52,-120,1,hourPillar|minggongBranch|bodyPalaceBranch|soulStar|ascSign|mcSign|planetHouses,43.4833,12
제주-1980-10-17-16:52,제주,1980-10-17,16:52,-60,1,ascSign|mcSign|planetHouses,22.6500,9
제주-1980-10-17-16:52,제주,1980-10-17,16:52,-30,1,ascSign|mcSign|planetHouses,11.4500,4
제주-1980-10-17-16:52,제주,1980-10-17,16:52,-15,1,ascSign|mcSign|planetHouses,5.7500,1
제주-1980-10-17-16:52,제주,1980-10-17,16:52,-5,1,ascSign|mcSign,1.9167,0
제주-1980-10-17-16:52,제주,1980-10-17,16:52,5,0,,1.9167,0
제주-1980-10-17-16:52,제주,1980-10-17,16:52,15,1,planetHouses,5.7333,2
제주-1980-10-17-16:52,제주,1980-10-17,16:52,30,1,planetHouses,11.4333,3
제주-1980-10-17-16:52,제주,1980-10-17,16:52,60,1,hourPillar|minggongBranch|bodyPalaceBranch|soulStar|planetHouses,22.5833,6
제주-1980-10-17-16:52,제주,1980-10-17,16:52,120,1,hourPillar|minggongBranch|bodyPalaceBranch|soulStar|ascSign|planetHouses,43.2500,12
제주-1980-10-17-18:06,제주,1980-10-17,18:06,-120,1,hourPillar|minggongBranch|bodyPalaceBranch|soulStar|ascSign|mcSign|planetHouses,45.1167,12
제주-1980-10-17-18:06,제주,1980-10-17,18:06,-60,1,hourPillar|minggongBranch|bodyPalaceBranch|soulStar|planetHouses,22.2667,6
제주-1980-10-17-18:06,제주,1980-10-17,18:06,-30,1,planetHouses,10.9333,5
제주-1980-10-17-18:06,제주,1980-10-17,18:06,-15,1,planetHouses,5.4167,2
제주-1980-10-17-18:06,제주,1980-10-17,18:06,-5,1,planetHouses,1.8000,1
제주-1980-10-17-18:06,제주,1980-10-17,18:06,5,1,ascSign,1.7667,0
제주-1980-10-17-18:06,제주,1980-10-17,18:06,15,1,ascSign|planetHouses,5.2500,3
제주-1980-10-17-18:06,제주,1980-10-17,18:06,30,1,ascSign|planetHouses,10.3500,3
제주-1980-10-17-18:06,제주,1980-10-17,18:06,60,1,ascSign|mcSign|planetHouses,20.0667,7
제주-1980-10-17-18:06,제주,1980-10-17,18:06,120,1,hourPillar|minggongBranch|bodyPalaceBranch|soulStar|ascSign|mcSign|planetHouses,37.5833,12
제주-1980-10-17-20:20,제주,1980-10-17,20:20,-120,1,hourPillar|minggongBranch|bodyPalaceBranch|soulStar|ascSign|mcSign|planetHouses,36.4500,12
제주-1980-10-17-20:20,제주,1980-10-17,20:20,-60,1,hourPillar|minggongBranch|bodyPalaceBranch|soulStar|ascSign|planetHouses,16.9667,8
제주-1980-10-17-20:20,제주,1980-10-17,20:20,-30,1,planetHouses,8.2000,6
제주-1980-10-17-20:20,제주,1980-10-17,20:20,-15,1,planetHouses,4.0333,2
제주-1980-10-17-20:20,제주,1980-10-17,20:20,-5,0,,1.3333,0
제주-1980-10-17-20:20,제주,1980-10-17,20:20,5,0,,1.3167,0
제주-1980-10-17-20:20,제주,1980-10-17,20:20,15,1,planetHouses,3.9000,1
제주-1980-10-17-20:20,제주,1980-10-17,20:20,30,1,planetHouses,7.7000,2
제주-1980-10-17-20:20,제주,1980-10-17,20:20,60,1,mcSign|planetHouses,15.0000,4
제주-1980-10-17-20:20,제주,1980-10-17,20:20,120,1,hourPillar|minggongBranch|bodyPalaceBranch|soulStar|ascSign|mcSign|planetHouses,28.6833,12
제주-1980-10-17-22:34,제주,1980-10-17,22:34,-120,1,hourPillar|minggongBranch|bodyPalaceBranch|soulStar|ascSign|mcSign|planetHouses,28.1000,12
제주-1980-10-17-22:34,제주,1980-10-17,22:34,-60,1,ascSign|planetHouses,13.4667,8
제주-1980-10-17-22:34,제주,1980-10-17,22:34,-30,1,planetHouses,6.6167,3
제주-1980-10-17-22:34,제주,1980-10-17,22:34,-15,0,,3.2833,0
제주-1980-10-17-22:34,제주,1980-10-17,22:34,-5,0,,1.0833,0
제주-1980-10-17-22:34,제주,1980-10-17,22:34,5,0,,1.0833,0
제주-1980-10-17-22:34,제주,1980-10-17,22:34,15,1,mcSign|planetHouses,3.2500,1
제주-1980-10-17-22:34,제주,1980-10-17,22:34,30,1,mcSign|planetHouses,6.4667,2
제주-1980-10-17-22:34,제주,1980-10-17,22:34,60,1,hourPillar|minggongBranch|bodyPalaceBranch|soulStar|mcSign|planetHouses,12.8000,3
제주-1980-10-17-22:34,제주,1980-10-17,22:34,120,1,dayPillar|hourPillar|minggongBranch|bodyPalaceBranch|soulStar|ascSign|mcSign|planetHouses,25.2833,11
제주-1980-11-24-00:00,제주,1980-11-24,00:00,-120,1,hourPillar|minggongBranch|bodyPalaceBranch|soulStar|mcSign|planetHouses,24.9000,11
제주-1980-11-24-00:00,제주,1980-11-24,00:00,-60,1,hourPillar|minggongBranch|bodyPalaceBranch|soulStar|planetHouses,12.4833,5
제주-1980-11-24-00:00,제주,1980-11-24,00:00,-30,1,hourPillar|minggongBranch|bodyPalaceBranch|soulStar|planetHouses,6.2500,2
제주-1980-11-24-00:00,제주,1980-11-24,00:00,-15,1,planetHouses,3.1333,2
제주-1980-11-24-00:00,제주,1980-11-24,00:00,-5,1,planetHouses,1.0500,2
제주-1980-11-24-00:00,제주,1980-11-24,00:00,5,1,ascSign,1.0333,0
제주-1980-11-24-00:00,제주,1980-11-24,00:00,15,1,ascSign|mcSign|planetHouses,3.1333,1
제주-1980-11-24-00:00,제주,1980-11-24,00:00,30,1,ascSign|mcSign|planetHouses,6.2833,3
제주-1980-11-24-00:00,제주,1980-11-24,00:00,60,1,dayPillar|ascSign|mcSign|planetHouses,12.6000,5
제주-1980-11-24-00:00,제주,1980-11-24,00:00,120,1,dayPillar|hourPillar|minggongBranch|bodyPalaceBranch|soulStar|ascSign|mcSign|planetHouses,25.3000,10
제주-1980-11-24-02:14,제주,1980-11-24,02:14,-120,1,dayPillar|hourPillar|minggongBranch|bodyPalaceBranch|soulStar|mcSign|planetHouses,25.3500,10
제주-1980-11-24-02:14,제주,1980-11-24,02:14,-60,1,hourPillar|minggongBranch|bodyPalaceBranch|soulStar|planetHouses,12.7167,4
제주-1980-11-24-02:14,제주,1980-11-24,02:14,-30,1,planetHouses,6.3667,3
제주-1980-11-24-02:14,제주,1980-11-24,02:14,-15,1,planetHouses,3.1833,1
제주-1980-11-24-02:14,제주,1980-11-24,02:14,-5,0,,1.0667,0
제주-1980-11-24-02:14,제주,1980-11-24,02:14,5,1,planetHouses,1.0667,1
제주-1980-11-24-02:14,제주,1980-11-24,02:14,15,1,ascSign|mcSign|planetHouses,3.1833,2
제주-1980-11-24-02:14,제주,1980-11-24,02:14,30,1,ascSign|mcSign|planetHouses,6.3667,4
제주-1980-11-24-02:14,제주,1980-11-24,02:14,60,1,ascSign|mcSign|planetHouses,12.7333,6
제주-1980-11-24-02:14,제주,1980-11-24,02:14,120,1,hourPillar|minggongBranch|bodyPalaceBranch|soulStar|ascSign|mcSign|planetHouses,25.3833,12
제주-1980-11-24-04:28,제주,1980-11-24,04:28,-120,1,hourPillar|minggongBranch|bodyPalaceBranch|soulStar|planetHouses,25.3667,11
제주-1980-11-24-04:28,제주,1980-11-24,04:28,-60,1,hourPillar|minggongBranch|bodyPalaceBranch|soulStar|planetHouses,12.6333,4
제주-1980-11-24-04:28,제주,1980-11-24,04:28,-30,1,planetHouses,6.3167,3
제주-1980-11-24-04:28,제주,1980-11-24,04:28,-15,0,,3.1500,0
제주-1980-11-24-04:28,제주,1980-11-24,04:28,-5,0,,1.0500,0
제주-1980-11-24-04:28,제주,1980-11-24,04:28,5,1,mcSign,1.0333,0
제주-1980-11-24-04:28,제주,1980-11-24,04:28,15,1,mcSign|planetHouses,3.1333,1
제주-1980-11-24-04:28,제주,1980-11-24,04:28,30,1,ascSign|mcSign|planetHouses,6.2667,5
제주-1980-11-24-04:28,제주,1980-11-24,04:28,60,1,ascSign|mcSign|planetHouses,12.5000,6
제주-1980-11-24-04:28,제주,1980-11-24,04:28,120,1,hourPillar|minggongBranch|bodyPalaceBranch|soulStar|ascSign|mcSign|planetHouses,24.9333,10
제주-1980-11-24-06:42,제주,1980-11-24,06:42,-120,1,hourPillar|minggongBranch|bodyPalaceBranch|soulStar|ascSign|mcSign|planetHouses,24.9000,11
제주-1980-11-24-06:42,제주,1980-11-24,06:42,-60,1,mcSign|planetHouses,12.4167,6
제주-1980-11-24-06:42,제주,1980-11-24,06:42,-30,1,mcSign|planetHouses,6.2000,4
제주-1980-11-24-06:42,제주,1980-11-24,06:42,-15,1,mcSign|planetHouses,3.1000,4
제주-1980-11-24-06:42,제주,1980-11-24,06:42,-5,1,planetHouses,1.0333,2
제주-1980-11-24-06:42,제주,1980-11-24,06:42,5,0,,1.0500,0
제주-1980-11-24-06:42,제주,1980-11-24,06:42,15,1,planetHouses,3.1167,2
제주-1980-11-24-06:42,제주,1980-11-24,06:42,30,1,ascSign|planetHouses,6.2333,2
제주-1980-11-24-06:42,제주,1980-11-24,06:42,60,1,hourPillar|minggongBranch|bodyPalaceBranch|soulStar|ascSign|planetHouses,12.5000,5
제주-1980-11-24-06:42,제주,1980-11-24,06:42,120,1,hourPillar|minggongBranch|bodyPalaceBranch|soulStar|ascSign|mcSign|planetHouses,25.3500,10
제주-1980-11-24-08:56,제주,1980-11-24,08:56,-120,1,hourPillar|minggongBranch|bodyPalaceBranch|soulStar|ascSign|mcSign|planetHouses,25.5167,11
제주-1980-11-24-08:56,제주,1980-11-24,08:56,-60,1,mcSign|planetHouses,12.9667,5
제주-1980-11-24-08:56,제주,1980-11-24,08:56,-30,1,planetHouses,6.5667,4
제주-1980-11-24-08:56,제주,1980-11-24,08:56,-15,1,planetHouses,3.3000,2
제주-1980-11-24-08:56,제주,1980-11-24,08:56,-5,0,,1.1167,0
제주-1980-11-24-08:56,제주,1980-11-24,08:56,5,1,planetHouses,1.1000,1
제주-1980-11-24-08:56,제주,1980-11-24,08:56,15,1,planetHouses,3.3500,2
제주-1980-11-24-08:56,제주,1980-11-24,08:56,30,1,planetHouses,6.7500,3
제주-1980-11-24-08:56,제주,1980-11-24,08:56,60,1,hourPillar|minggongBranch|bodyPalaceBranch|soulStar|ascSign|planetHouses,13.7833,5
제주-1980-11-24-08:56,제주,1980-11-24,08:56,120,1,hourPillar|minggongBranch|bodyPalaceBranch|soulStar|ascSign|mcSign|planetHouses,28.9333,12
제주-1980-11-24-10:10,제주,1980-11-24,10:10,-120,1,hourPillar|minggongBranch|bodyPalaceBranch|soulStar|ascSign|mcSign|planetHouses,27.1667,12
제주-1980-11-24-10:10,제주,1980-11-24,10:10,-60,1,hourPillar|minggongBranch|bodyPalaceBranch|soulStar|ascSign|planetHouses,14.0500,5
제주-1980-11-24-10:10,제주,1980-11-24,10:10,-30,1,planetHouses,7.1667,3
제주-1980-11-24-10:10,제주,1980-11-24,10:10,-15,1,planetHouses,3.6333,2
제주-1980-11-24-10:10,제주,1980-11-24,10:10,-5,0,,1.2167,0
제주-1980-11-24-10:10,제주,1980-11-24,10:10,5,1,mcSign|planetHouses,1.2333,2
제주-1980-11-24-10:10,제주,1980-11-24,10:10,15,1,mcSign|planetHouses,3.7333,2
제주-1980-11-24-10:10,제주,1980-11-24,10:10,30,1,mcSign|planetHouses,7.5500,5
제주-1980-11-24-10:10,제주,1980-11-24,10:10,60,1,mcSign|planetHouses,15.5667,8
제주-1980-11-24-10:10,제주,1980-11-24,10:10,120,1,hourPillar|minggongBranch|bodyPalaceBranch|soulStar|ascSign|mcSign|planetHouses,33.3000,10
제주-1980-11-24-12:24,제주,1980-11-24,12:24,-120,1,hourPillar|minggongBranch|bodyPalaceBranch|soulStar|ascSign|mcSign|planetHouses,34.3333,12
제주-1980-11-24-12:24,제주,1980-11-24,12:24,-60,1,hourPillar|minggongBranch|bodyPalaceBranch|soulStar|ascSign|mcSign|planetHouses,18.3167,7
제주-1980-11-24-12:24,제주,1980-11-24,12:24,-30,1,mcSign|planetHouses,9.4667,6
제주-1980-11-24-12:24,제주,1980-11-24,12:24,-15,1,mcSign|planetHouses,4.8167,3
제주-1980-11-24-12:24,제주,1980-11-24,12:24,-5,1,planetHouses,1.6167,1
제주-1980-11-24-12:24,제주,1980-11-24,12:24,5,0,,1.6500,0
제주-1980-11-24-12:24,제주,1980-11-24,12:24,15,1,planetHouses,5.0000,2
제주-1980-11-24-12:24,제주,1980-11-24,12:24,30,1,planetHouses,10.1500,5
제주-1980-11-24-12:24,제주,1980-11-24,12:24,60,1,ascSign|planetHouses,20.9000,5
제주-1980-11-24-12:24,제주,1980-11-24,12:24,120,1,hourPillar|minggongBranch|bodyPalaceBranch|soulStar|ascSign|mcSign|planetHouses,43.5667,12
제주-1980-11-24-14:38,제주,1980-11-24,14:38,-120,1,hourPillar|minggongBranch|bodyPalaceBranch|soulStar|ascSign|mcSign|planetHouses,44.2833,12
제주-1980-11-24-14:38,제주,1980-11-24,14:38,-60,1,ascSign|mcSign|planetHouses,22.8500,10
제주-1980-11-24-14:38,제주,1980-11-24,14:38,-30,1,ascSign|mcSign|planetHouses,11.4833,4
제주-1980-11-24-14:38,제주,1980-11-24,14:38,-15,1,planetHouses,5.7500,3
제주-1980-11-24-14:38,제주,1980-11-24,14:38,-5,1,planetHouses,1.9167,2
제주-1980-11-24-14:38,제주,1980-11-24,14:38,5,1,planetHouses,1.9000,1
제주-1980-11-24-14:38,제주,1980-11-24,14:38,15,1,planetHouses,5.7000,1
제주-1980-11-24-14:38,제주,1980-11-24,14:38,30,1,planetHouses,11.3167,1
제주-1980-11-24-14:38,제주,1980-11-24,14:38,60,1,hourPillar|minggongBranch|bodyPalaceBranch|soulStar|planetHouses,22.2333,4
제주-1980-11-24-14:38,제주,1980-11-24,14:38,120,1,hourPillar|minggongBranch|bodyPalaceBranch|soulStar|ascSign|mcSign|planetHouses,42.2500,12
제주-1980-11-24-16:52,제주,1980-11-24,16:52,-120,1,hourPillar|minggongBranch|bodyPalaceBranch|soulStar|ascSign|mcSign|planetHouses,41.2167,12
제주-1980-11-24-16:52,제주,1980-11-24,16:52,-60,1,mcSign|planetHouses,19.4000,5
제주-1980-11-24-16:52,제주,1980-11-24,16:52,-30,1,mcSign|planetHouses,9.3667,2
제주-1980-11-24-16:52,제주,1980-11-24,16:52,-15,1,planetHouses,4.6000,1
제주-1980-11-24-16:52,제주,1980-11-24,16:52,-5,0,,1.5167,0
제주-1980-11-24-16:52,제주,1980-11-24,16:52,5,0,,1.5000,0
제주-1980-11-24-16:52,제주,1980-11-24,16:52,15,1,planetHouses,4.4500,2
제주-1980-11-24-16:52,제주,1980-11-24,16:52,30,1,ascSign|planetHouses,8.7500,2
제주-1980-11-24-16:52,제주,1980-11-24,16:52,60,1,hourPillar|minggongBranch|bodyPalaceBranch|soulStar|ascSign|planetHouses,16.9167,8
제주-1980-11-24-16:52,제주,1980-11-24,16:52,120,1,hourPillar|minggongBranch|bodyPalaceBranch|soulStar|ascSign|mcSign|planetHouses,31.8833,12
제주-1980-11-24-18:06,제주,1980-11-24,18:06,-120,1,hourPillar|minggongBranch|bodyPalaceBranch|soulStar|ascSign|mcSign|planetHouses,35.1833,12
제주-1980-11-24-18:06,제주,1980-11-24,18:06,-60,1,hourPillar|minggongBranch|bodyPalaceBranch|soulStar|ascSign|planetHouses,16.4000,7
제주-1980-11-24-18:06,제주,1980-11-24,18:06,-30,1,planetHouses,7.9333,3
제주-1980-11-24-18:06,제주,1980-11-24,18:06,-15,1,planetHouses,3.9000,1
제주-1980-11-24-18:06,제주,1980-11-24,18:06,-5,0,,1.2833,0
제주-1980-11-24-18:06,제주,1980-11-24,18:06,5,0,,1.2833,0
제주-1980-11-24-18:06,제주,1980-11-24,18:06,15,0,,3.8000,0
제주-1980-11-24-18:06,제주,1980-11-24,18:06,30,1,mcSign|planetHouses,7.5000,1
제주-1980-11-24-18:06,제주,1980-11-24,18:06,60,1,mcSign|planetHouses,14.6167,4
제주-1980-11-24-18:06,제주,1980-11-24,18:06,120,1,hourPillar|minggongBranch|bodyPalaceBranch|soulStar|ascSign|mcSign|planetHouses,28.0667,12
제주-1980-11-24-20:20,제주,1980-11-24,20:20,-120,1,hourPillar|minggongBranch|bodyPalaceBranch|soulStar|ascSign|mcSign|planetHouses,27.5333,12
제주-1980-11-24-20:20,제주,1980-11-24,20:20,-60,1,hourPillar|minggongBranch|bodyPalaceBranch|soulStar|mcSign|planetHouses,13.2500,5
제주-1980-11-24-20:20,제주,1980-11-24,20:20,-30,1,mcSign|planetHouses,6.5333,1
제주-1980-11-24-20:20,제주,1980-11-24,20:20,-15,1,mcSign,3.2333,0
제주-1980-11-24-20:20,제주,1980-11-24,20:20,-5,1,mcSign,1.0667,0
제주-1980-11-24-20:20,제주,1980-11-24,20:20,5,0,,1.0833,0
제주-1980-11-24-20:20,제주,1980-11-24,20:20,15,0,,3.2167,0
제주-1980-11-24-20:20,제주,1980-11-24,20:20,30,1,planetHouses,6.4000,3
제주-1980-11-24-20:20,제주,1980-11-24,20:20,60,1,planetHouses,12.6833,6
제주-1980-11-24-20:20,제주,1980-11-24,20:20,120,1,hourPillar|minggongBranch|bodyPalaceBranch|soulStar|ascSign|mcSign|planetHouses,25.1333,12
제주-1980-11-24-22:34,제주,1980-11-24,22:34,-120,1,hourPillar|minggongBranch|bodyPalaceBranch|soulStar|ascSign|mcSign|planetHouses,25.0333,12
제주-1980-11-24-22:34,제주,1980-11-24,22:34,-60,1,mcSign|planetHouses,12.4333,6
제주-1980-11-24-22:34,제주,1980-11-24,22:34,-30,1,mcSign|planetHouses,6.2167,1
제주-1980-11-24-22:34,제주,1980-11-24,22:34,-15,0,,3.1000,0
제주-1980-11-24-22:34,제주,1980-11-24,22:34,-5,0,,1.0333,0
제주-1980-11-24-22:34,제주,1980-11-24,22:34,5,0,,1.0333,0
제주-1980-11-24-22:34,제주,1980-11-24,22:34,15,1,planetHouses,3.1000,4
제주-1980-11-24-22:34,제주,1980-11-24,22:34,30,1,planetHouses,6.2167,4
제주-1980-11-24-22:34,제주,1980-11-24,22:34,60,1,hourPillar|minggongBranch|bodyPalaceBranch|soulStar|planetHouses,12.4500,6
제주-1980-11-24-22:34,제주,1980-11-24,22:34,120,1,dayPillar|hourPillar|minggongBranch|bodyPalaceBranch|soulStar|ascSign|mcSign|planetHouses,25.0000,12
제주-1980-12-04-00:00,제주,1980-12-04,00:00,-120,1,hourPillar|minggongBranch|bodyPalaceBranch|soulStar|ascSign|mcSign|planetHouses,25.0000,12
제주-1980-12-04-00:00,제주,1980-12-04,00:00,-60,1,hourPillar|minggongBranch|bodyPalaceBranch|soulStar|ascSign|mcSign|planetHouses,12.5500,5
제주-1980-12-04-00:00,제주,1980-12-04,00:00,-30,1,hourPillar|minggongBranch|bodyPalaceBranch|soulStar|mcSign|planetHouses,6.2833,2
제주-1980-12-04-00:00,제주,1980-12-04,00:00,-15,1,planetHouses,3.1500,1
제주-1980-12-04-00:00,제주,1980-12-04,00:00,-5,1,planetHouses,1.0500,1
제주-1980-12-04-00:00,제주,1980-12-04,00:00,5,0,,1.0500,0
제주-1980-12-04-00:00,제주,1980-12-04,00:00,15,1,planetHouses,3.1667,1
제주-1980-12-04-00:00,제주,1980-12-04,00:00,30,1,planetHouses,6.3333,5
제주-1980-12-04-00:00,제주,1980-12-04,00:00,60,1,dayPillar|planetHouses,12.6833,6
제주-1980-12-04-00:00,제주,1980-12-04,00:00,120,1,dayPillar|hourPillar|minggongBranch|bodyPalaceBranch|soulStar|ascSign|mcSign|planetHouses,25.4167,11
제주-1980-12-04-02:14,제주,1980-12-04,02:14,-120,1,dayPillar|hourPillar|minggongBranch|bodyPalaceBranch|soulStar|ascSign|mcSign|planetHouses,25.4333,11
제주-1980-12-04-02:14,제주,1980-12-04,02:14,-60,1,hourPillar|minggongBranch|bodyPalaceBranch|soulStar|ascSign|mcSign|planetHouses,12.7333,5
제주-1980-12-04-02:14,제주,1980-12-04,02:14,-30,1,planetHouses,6.3667,2
제주-1980-12-04-02:14,제주,1980-12-04,02:14,-15,1,planetHouses,3.1833,1
제주-1980-12-04-02:14,제주,1980-12-04,02:14,-5,1,planetHouses,1.0667,1
제주-1980-12-04-02:14,제주,1980-12-04,02:14,5,0,,1.0500,0
제주-1980-12-04-02:14,제주,1980-12-04,02:14,15,1,planetHouses,3.1833,2
제주-1980-12-04-02:14,제주,1980-12-04,02:14,30,1,planetHouses,6.3500,4
제주-1980-12-04-02:14,제주,1980-12-04,02:14,60,1,planetHouses,12.6833,6
제주-1980-12-04-02:14,제주,1980-12-04,02:14,120,1,hourPillar|minggongBranch|bodyPalaceBranch|soulStar|ascSign|mcSign|planetHouses,25.2667,12
제주-1980-12-04-04:28,제주,1980-12-04,04:28,-120,1,hourPillar|minggongBranch|bodyPalaceBranch|soulStar|ascSign|mcSign|planetHouses,25.2167,11
제주-1980-12-04-04:28,제주,1980-12-04,04:28,-60,1,hourPillar|minggongBranch|bodyPalaceBranch|soulStar|ascSign|mcSign|planetHouses,12.5500,7
제주-1980-12-04-04:28,제주,1980-12-04,04:28,-30,1,ascSign|planetHouses,6.2500,3
제주-1980-12-04-04:28,제주,1980-12-04,04:28,-15,1,planetHouses,3.1167,1
제주-1980-12-04-04:28,제주,1980-12-04,04:28,-5,0,,1.0333,0
제주-1980-12-04-04:28,제주,1980-12-04,04:28,5,0,,1.0500,0
제주-1980-12-04-04:28,제주,1980-12-04,04:28,15,0,,3.1167,0
제주-1980-12-04-04:28,제주,1980-12-04,04:28,30,1,planetHouses,6.2333,3
제주-1980-12-04-04:28,제주,1980-12-04,04:28,60,1,planetHouses,12.4500,6
제주-1980-12-04-04:28,제주,1980-12-04,04:28,120,1,hourPillar|minggongBranch|bodyPalaceBranch|soulStar|mcSign|planetHouses,24.8833,12
제주-1980-12-04-06:42,제주,1980-12-04,06:42,-120,1,hourPillar|minggongBranch|bodyPalaceBranch|soulStar|ascSign|mcSign|planetHouses,24.8833,12
제주-1980-12-04-06:42,제주,1980-12-04,06:42,-60,1,ascSign|mcSign|planetHouses,12.4500,6
제주-1980-12-04-06:42,제주,1980-12-04,06:42,-30,1,ascSign|planetHouses,6.2500,3
제주-1980-12-04-06:42,제주,1980-12-04,06:42,-15,1,ascSign,3.1333,0
제주-1980-12-04-06:42,제주,1980-12-04,06:42,-5,0,,1.0500,0
제주-1980-12-04-06:42,제주,1980-12-04,06:42,5,0,,1.0333,0
제주-1980-12-04-06:42,제주,1980-12-04,06:42,15,1,planetHouses,3.1333,1
제주-1980-12-04-06:42,제주,1980-12-04,06:42,30,1,planetHouses,6.2833,4
제주-1980-12-04-06:42,제주,1980-12-04,06:42,60,1,hourPillar|minggongBranch|bodyPalaceBranch|soulStar|planetHouses,12.6833,6
제주-1980-12-04-06:42,제주,1980-12-04,06:42,120,1,hourPillar|minggongBranch|bodyPalaceBranch|soulStar|mcSign|planetHouses,25.9333,12
제주-1980-12-04-08:56,제주,1980-12-04,08:56,-120,1,hourPillar|minggongBranch|bodyPalaceBranch|soulStar|ascSign|mcSign|planetHouses,26.2333,12
제주-1980-12-04-08:56,제주,1980-12-04,08:56,-60,1,ascSign|planetHouses,13.4500,6
제주-1980-12-04-08:56,제주,1980-12-04,08:56,-30,1,ascSign|planetHouses,6.8333,1
제주-1980-12-04-08:56,제주,1980-12-04,08:56,-15,1,ascSign,3.4500,0
제주-1980-12-04-08:56,제주,1980-12-04,08:56,-5,0,,1.1500,0
제주-1980-12-04-08:56,제주,1980-12-04,08:56,5,0,,1.1667,0
제주-1980-12-04-08:56,제주,1980-12-04,08:56,15,1,planetHouses,3.5167,2
제주-1980-12-04-08:56,제주,1980-12-04,08:56,30,1,planetHouses,7.1333,4
제주-1980-12-04-08:56,제주,1980-12-04,08:56,60,1,hourPillar|minggongBranch|bodyPalaceBranch|soulStar|mcSign|planetHouses,14.6167,9
제주-1980-12-04-08:56,제주,1980-12-04,08:56,120,1,hourPillar|minggongBranch|bodyPalaceBranch|soulStar|ascSign|mcSign|planetHouses,31.0167,12
제주-1980-12-04-10:10,제주,1980-12-04,10:10,-120,1,hourPillar|minggongBranch|bodyPalaceBranch|soulStar|ascSign|mcSign|planetHouses,28.6333,12
제주-1980-12-04-10:10,제주,1980-12-04,10:10,-60,1,hourPillar|minggongBranch|bodyPalaceBranch|soulStar|mcSign|planetHouses,14.9667,9
제주-1980-12-04-10:10,제주,1980-12-04,10:10,-30,1,planetHouses,7.6833,5
제주-1980-12-04-10:10,제주,1980-12-04,10:10,-15,1,planetHouses,3.9000,2
제주-1980-12-04-10:10,제주,1980-12-04,10:10,-5,1,planetHouses,1.3000,1
제주-1980-12-04-10:10,제주,1980-12-04,10:10,5,0,,1.3333,0
제주-1980-12-04-10:10,제주,1980-12-04,10:10,15,1,planetHouses,4.0333,1
제주-1980-12-04-10:10,제주,1980-12-04,10:10,30,1,planetHouses,8.1833,1
제주-1980-12-04-10:10,제주,1980-12-04,10:10,60,1,ascSign|planetHouses,16.9167,4
제주-1980-12-04-10:10,제주,1980-12-04,10:10,120,1,hourPillar|minggongBranch|bodyPalaceBranch|soulStar|ascSign|mcSign|planetHouses,36.3333,12
제주-1980-12-04-12:24,제주,1980-12-04,12:24,-120,1,hourPillar|minggongBranch|bodyPalaceBranch|soulStar|ascSign|mcSign|planetHouses,37.4833,12
제주-1980-12-04-12:24,제주,1980-12-04,12:24,-60,1,hourPillar|minggongBranch|bodyPalaceBranch|soulStar|ascSign|mcSign|planetHouses,20.0167,7
제주-1980-12-04-12:24,제주,1980-12-04,12:24,-30,1,ascSign|planetHouses,10.3333,3
제주-1980-12-04-12:24,제주,1980-12-04,12:24,-15,1,ascSign,5.2333,0
제주-1980-12-04-12:24,제주,1980-12-04,12:24,-5,1,ascSign,1.7667,0
제주-1980-12-04-12:24,제주,1980-12-04,12:24,5,1,planetHouses,1.7833,1
제주-1980-12-04-12:24,제주,1980-12-04,12:24,15,1,planetHouses,5.4000,1
제주-1980-12-04-12:24,제주,1980-12-04,12:24,30,1,planetHouses,10.9167,3
제주-1980-12-04-12:24,제주,1980-12-04,12:24,60,1,planetHouses,22.2333,8
제주-1980-12-04-12:24,제주,1980-12-04,12:24,120,1,hourPillar|minggongBranch|bodyPalaceBranch|soulStar|ascSign|mcSign|planetHouses,45.0833,12
제주-1980-12-04-14:38,제주,1980-12-04,14:38,-120,1,hourPillar|minggongBranch|bodyPalaceBranch|soulStar|ascSign|mcSign|planetHouses,45.2500,12
제주-1980-12-04-14:38,제주,1980-12-04,14:38,-60,1,ascSign|mcSign|planetHouses,22.6833,5
제주-1980-12-04-14:38,제주,1980-12-04,14:38,-30,1,planetHouses,11.2167,1
제주-1980-12-04-14:38,제주,1980-12-04,14:38,-15,0,,5.5667,0
제주-1980-12-04-14:38,제주,1980-12-04,14:38,-5,0,,1.8500,0
제주-1980-12-04-14:38,제주,1980-12-04,14:38,5,0,,1.8167,0
제주-1980-12-04-14:38,제주,1980-12-04,14:38,15,1,planetHouses,5.4333,4
제주-1980-12-04-14:38,제주,1980-12-04,14:38,30,1,ascSign|planetHouses,10.7333,6
제주-1980-12-04-14:38,제주,1980-12-04,14:38,60,1,hourPillar|minggongBranch|bodyPalaceBranch|soulStar|ascSign|planetHouses,20.8667,7
제주-1980-12-04-14:38,제주,1980-12-04,14:38,120,1,hourPillar|minggongBranch|bodyPalaceBranch|soulStar|ascSign|mcSign|planetHouses,39.1833,12
제주-1980-12-04-16:52,제주,1980-12-04,16:52,-120,1,hourPillar|minggongBranch|bodyPalaceBranch|soulStar|ascSign|mcSign|planetHouses,38.0167,12
제주-1980-12-04-16:52,제주,1980-12-04,16:52,-60,1,ascSign|planetHouses,17.7167,9
제주-1980-12-04-16:52,제주,1980-12-04,16:52,-30,1,ascSign|planetHouses,8.5500,6
제주-1980-12-04-16:52,제주,1980-12-04,16:52,-15,1,planetHouses,4.2000,3
제주-1980-12-04-16:52,제주,1980-12-04,16:52,-5,1,planetHouses,1.3833,1
제주-1980-12-04-16:52,제주,1980-12-04,16:52,5,0,,1.3833,0
제주-1980-12-04-16:52,제주,1980-12-04,16:52,15,0,,4.0667,0
제주-1980-12-04-16:52,제주,1980-12-04,16:52,30,1,planetHouses,8.0167,1
제주-1980-12-04-16:52,제주,1980-12-04,16:52,60,1,hourPillar|minggongBranch|bodyPalaceBranch|soulStar|mcSign|planetHouses,15.5667,3
제주-1980-12-04-16:52,제주,1980-12-04,16:52,120,1,hourPillar|minggongBranch|bodyPalaceBranch|soulStar|ascSign|mcSign|planetHouses,29.6167,11
제주-1980-12-04-18:06,제주,1980-12-04,18:06,-120,1,hourPillar|minggongBranch|bodyPalaceBranch|soulStar|ascSign|mcSign|planetHouses,32.3167,11
제주-1980-12-04-18:06,제주,1980-12-04,18:06,-60,1,hourPillar|minggongBranch|bodyPalaceBranch|soulStar|mcSign|planetHouses,15.1500,6
제주-1980-12-04-18:06,제주,1980-12-04,18:06,-30,1,mcSign|planetHouses,7.3500,4
제주-1980-12-04-18:06,제주,1980-12-04,18:06,-15,1,planetHouses,3.6333,3
제주-1980-12-04-18:06,제주,1980-12-04,18:06,-5,1,planetHouses,1.2000,1
제주-1980-12-04-18:06,제주,1980-12-04,18:06,5,1,planetHouses,1.2000,1
제주-1980-12-04-18:06,제주,1980-12-04,18:06,15,1,planetHouses,3.5500,1
제주-1980-12-04-18:06,제주,1980-12-04,18:06,30,1,ascSign|planetHouses,7.0333,3
제주-1980-12-04-18:06,제주,1980-12-04,18:06,60,1,ascSign|planetHouses,13.7833,6
제주-1980-12-04-18:06,제주,1980-12-04,18:06,120,1,hourPillar|minggongBranch|bodyPalaceBranch|soulStar|ascSign|mcSign|planetHouses,26.7500,10
제주-1980-12-04-20:20,제주,1980-12-04,20:20,-120,1,hourPillar|minggongBranch|bodyPalaceBranch|soulStar|ascSign|mcSign|planetHouses,26.3833,11
제주-1980-12-04-20:20,제주,1980-12-04,20:20,-60,1,hourPillar|minggongBranch|bodyPalaceBranch|soulStar|mcSign|planetHouses,12.8333,7
제주-1980-12-04-20:20,제주,1980-12-04,20:20,-30,1,planetHouses,6.3500,5
제주-1980-12-04-20:20,제주,1980-12-04,20:20,-15,1,planetHouses,3.1667,4
제주-1980-12-04-20:20,제주,1980-12-04,20:20,-5,1,planetHouses,1.0500,2
제주-1980-12-04-20:20,제주,1980-12-04,20:20,5,1,planetHouses,1.0500,1
제주-1980-12-04-20:20,제주,1980-12-04,20:20,15,1,planetHouses,3.1500,1
제주-1980-12-04-20:20,제주,1980-12-04,20:20,30,1,planetHouses,6.2833,1
제주-1980-12-04-20:20,제주,1980-12-04,20:20,60,1,ascSign|planetHouses,12.5000,4
제주-1980-12-04-20:20,제주,1980-12-04,20:20,120,1,hourPillar|minggongBranch|bodyPalaceBranch|soulStar|ascSign|mcSign|planetHouses,24.9167,11
제주-1980-12-04-22:34,제주,1980-12-04,22:34,-120,1,hourPillar|minggongBranch|bodyPalaceBranch|soulStar|ascSign|mcSign|planetHouses,24.9000,11
제주-1980-12-04-22:34,제주,1980-12-04,22:34,-60,1,planetHouses,12.4333,8
제주-1980-12-04-22:34,제주,1980-12-04,22:34,-30,1,planetHouses,6.2167,4
제주-1980-12-04-22:34,제주,1980-12-04,22:34,-15,1,planetHouses,3.1167,1
제주-1980-12-04-22:34,제주,1980-12-04,22:34,-5,0,,1.0500,0
제주-1980-12-04-22:34,제주,1980-12-04,22:34,5,0,,1.0333,0
제주-1980-12-04-22:34,제주,1980-12-04,22:34,15,1,planetHouses,3.1167,1
제주-1980-12-04-22:34,제주,1980-12-04,22:34,30,1,planetHouses,6.2333,1
제주-1980-12-04-22:34,제주,1980-12-04,22:34,60,1,hourPillar|minggongBranch|bodyPalaceBranch|soulStar|ascSign|mcSign|planetHouses,12.5000,4
제주-1980-12-04-22:34,제주,1980-12-04,22:34,120,1,dayPillar|hourPillar|minggongBranch|bodyPalaceBranch|soulStar|ascSign|mcSign|planetHouses,25.1333,11
제주-2000-01-08-00:00,제주,2000-01-08,00:00,-120,1,hourPillar|minggongBranch|bodyPalaceBranch|soulStar|ascSign|mcSign|planetHouses,25.4333,10
제주-2000-01-08-00:00,제주,2000-01-08,00:00,-60,1,hourPillar|minggongBranch|bodyPalaceBranch|soulStar|ascSign|mcSign|planetHouses,12.7333,5
제주-2000-01-08-00:00,제주,2000-01-08,00:00,-30,1,hourPillar|minggongBranch|bodyPalaceBranch|soulStar|planetHouses,6.3667,3
제주-2000-01-08-00:00,제주,2000-01-08,00:00,-15,0,,3.1833,0
제주-2000-01-08-00:00,제주,2000-01-08,00:00,-5,0,,1.0667,0
제주-2000-01-08-00:00,제주,2000-01-08,00:00,5,0,,1.0500,0
제주-2000-01-08-00:00,제주,2000-01-08,00:00,15,0,,3.1667,0
제주-2000-01-08-00:00,제주,2000-01-08,00:00,30,1,planetHouses,6.3500,5
제주-2000-01-08-00:00,제주,2000-01-08,00:00,60,1,dayPillar|planetHouses,12.6833,6
제주-2000-01-08-00:00,제주,2000-01-08,00:00,120,1,dayPillar|hourPillar|minggongBranch|bodyPalaceBranch|soulStar|ascSign|mcSign|planetHouses,25.2667,12
제주-2000-01-08-02:14,제주,2000-01-08,02:14,-120,1,dayPillar|hourPillar|minggongBranch|bodyPalaceBranch|soulStar|ascSign|mcSign|planetHouses,25.2167,12
제주-2000-01-08-02:14,제주,2000-01-08,02:14,-60,1,hourPillar|minggongBranch|bodyPalaceBranch|soulStar|ascSign|mcSign|planetHouses,12.5500,6
제주-2000-01-08-02:14,제주,2000-01-08,02:14,-30,1,ascSign|planetHouses,6.2667,3
제주-2000-01-08-02:14,제주,2000-01-08,02:14,-15,0,,3.1333,0
제주-2000-01-08-02:14,제주,2000-01-08,02:14,-5,0,,1.0500,0
제주-2000-01-08-02:14,제주,2000-01-08,02:14,5,0,,1.0333,0
제주-2000-01-08-02:14,제주,2000-01-08,02:14,15,0,,3.1167,0
제주-2000-01-08-02:14,제주,2000-01-08,02:14,30,1,planetHouses,6.2333,4
제주-2000-01-08-02:14,제주,2000-01-08,02:14,60,1,planetHouses,12.4333,6
제주-2000-01-08-02:14,제주,2000-01-08,02:14,120,1,hourPillar|minggongBranch|bodyPalaceBranch|soulStar|mcSign|planetHouses,24.8667,12
제주-2000-01-08-04:28,제주,2000-01-08,04:28,-120,1,hourPillar|minggongBranch|bodyPalaceBranch|soulStar|ascSign|mcSign|planetHouses,24.8667,12
제주-2000-01-08-04:28,제주,2000-01-08,04:28,-60,1,hourPillar|minggongBranch|bodyPalaceBranch|soulStar|ascSign|mcSign|planetHouses,12.4500,6
제주-2000-01-08-04:28,제주,2000-01-08,04:28,-30,1,ascSign|planetHouses,6.2333,4
제주-2000-01-08-04:28,제주,2000-01-08,04:28,-15,1,ascSign|planetHouses,3.1167,3
제주-2000-01-08-04:28,제주,2000-01-08,04:28,-5,1,planetHouses,1.0333,1
제주-2000-01-08-04:28,제주,2000-01-08,04:28,5,0,,1.0500,0
제주-2000-01-08-04:28,제주,2000-01-08,04:28,15,0,,3.1500,0
제주-2000-01-08-04:28,제주,2000-01-08,04:28,30,1,planetHouses,6.3000,1
제주-2000-01-08-04:28,제주,2000-01-08,04:28,60,1,mcSign|planetHouses,12.7000,6
제주-2000-01-08-04:28,제주,2000-01-08,04:28,120,1,hourPillar|minggongBranch|bodyPalaceBranch|soulStar|mcSign|planetHouses,25.9667,10
제주-2000-01-08-06:42,제주,2000-01-08,06:42,-120,1,hourPillar|minggongBranch|bodyPalaceBranch|soulStar|ascSign|mcSign|planetHouses,26.2667,12
제주-2000-01-08-06:42,제주,2000-01-08,06:42,-60,1,ascSign|planetHouses,13.4667,7
제주-2000-01-08-06:42,제주,2000-01-08,06:42,-30,1,ascSign|planetHouses,6.8500,4
제주-2000-01-08-06:42,제주,2000-01-08,06:42,-15,1,ascSign|planetHouses,3.4667,3
제주-2000-01-08-06:42,제주,2000-01-08,06:42,-5,1,planetHouses,1.1667,1
제주-2000-01-08-06:42,제주,2000-01-08,06:42,5,0,,1.1667,0
제주-2000-01-08-06:42,제주,2000-01-08,06:42,15,1,planetHouses,3.5167,1
제주-2000-01-08-06:42,제주,2000-01-08,06:42,30,1,planetHouses,7.1333,3
제주-2000-01-08-06:42,제주,2000-01-08,06:42,60,1,hourPillar|minggongBranch|bodyPalaceBranch|soulStar|mcSign|planetHouses,14.6333,4
제주-2000-01-08-06:42,제주,2000-01-08,06:42,120,1,hourPillar|minggongBranch|bodyPalaceBranch|soulStar|ascSign|mcSign|planetHouses,31.0833,9
제주-2000-01-08-08:56,제주,2000-01-08,08:56,-120,1,hourPillar|minggongBranch|bodyPalaceBranch|soulStar|ascSign|mcSign|planetHouses,31.9667,12
제주-2000-01-08-08:56,제주,2000-01-08,08:56,-60,1,ascSign|planetHouses,16.9667,9
제주-2000-01-08-08:56,제주,2000-01-08,08:56,-30,1,ascSign|planetHouses,8.7667,6
제주-2000-01-08-08:56,제주,2000-01-08,08:56,-15,1,planetHouses,4.4500,4
제주-2000-01-08-08:56,제주,2000-01-08,08:56,-5,1,planetHouses,1.5000,1
제주-2000-01-08-08:56,제주,2000-01-08,08:56,5,0,,1.5333,0
제주-2000-01-08-08:56,제주,2000-01-08,08:56,15,1,planetHouses,4.6167,1
제주-2000-01-08-08:56,제주,2000-01-08,08:56,30,1,mcSign|planetHouses,9.4000,3
제주-2000-01-08-08:56,제주,2000-01-08,08:56,60,1,hourPillar|minggongBranch|bodyPalaceBranch|soulStar|mcSign|planetHouses,19.4667,4
제주-2000-01-08-08:56,제주,2000-01-08,08:56,120,1,hourPillar|minggongBranch|bodyPalaceBranch|soulStar|ascSign|mcSign|planetHouses,41.3333,12
제주-2000-01-08-10:10,제주,2000-01-08,10:10,-120,1,hourPillar|minggongBranch|bodyPalaceBranch|soulStar|ascSign|mcSign|planetHouses,37.5833,11
제주-2000-01-08-10:10,제주,2000-01-08,10:10,-60,1,hourPillar|minggongBranch|bodyPalaceBranch|soulStar|ascSign|mcSign|planetHouses,20.0667,5
제주-2000-01-08-10:10,제주,2000-01-08,10:10,-30,1,ascSign|planetHouses,10.3667,3
제주-2000-01-08-10:10,제주,2000-01-08,10:10,-15,1,ascSign|planetHouses,5.2500,2
제주-2000-01-08-10:10,제주,2000-01-08,10:10,-5,1,ascSign|planetHouses,1.7667,1
제주-2000-01-08-10:10,제주,2000-01-08,10:10,5,1,planetHouses,1.7833,1
제주-2000-01-08-10:10,제주,2000-01-08,10:10,15,1,planetHouses,5.4000,2
제주-2000-01-08-10:10,제주,2000-01-08,10:10,30,1,planetHouses,10.9333,5
제주-2000-01-08-10:10,제주,2000-01-08,10:10,60,1,planetHouses,22.2667,9
제주-2000-01-08-10:10,제주,2000-01-08,10:10,120,1,hourPillar|minggongBranch|bodyPalaceBranch|soulStar|ascSign|mcSign|planetHouses,45.1000,12
제주-2000-01-08-12:24,제주,2000-01-08,12:24,-120,1,hourPillar|minggongBranch|bodyPalaceBranch|soulStar|ascSign|mcSign|planetHouses,45.2333,12
제주-2000-01-08-12:24,제주,2000-01-08,12:24,-60,1,hourPillar|minggongBranch|bodyPalaceBranch|soulStar|ascSign|mcSign|planetHouses,22.6500,9
제주-2000-01-08-12:24,제주,2000-01-08,12:24,-30,1,planetHouses,11.2000,6
제주-2000-01-08-12:24,제주,2000-01-08,12:24,-15,1,planetHouses,5.5500,3
제주-2000-01-08-12:24,제주,2000-01-08,12:24,-5,1,planetHouses,1.8333,1
제주-2000-01-08-12:24,제주,2000-01-08,12:24,5,0,,1.8167,0
제주-2000-01-08-12:24,제주,2000-01-08,12:24,15,1,planetHouses,5.4333,1
제주-2000-01-08-12:24,제주,2000-01-08,12:24,30,1,ascSign|planetHouses,10.7167,3
제주-2000-01-08-12:24,제주,2000-01-08,12:24,60,1,ascSign|planetHouses,20.8333,5
제주-2000-01-08-12:24,제주,2000-01-08,12:24,120,1,hourPillar|minggongBranch|bodyPalaceBranch|soulStar|ascSign|mcSign|planetHouses,39.0833,12
제주-2000-01-08-14:38,제주,2000-01-08,14:38,-120,1,hourPillar|minggongBranch|bodyPalaceBranch|soulStar|ascSign|mcSign|planetHouses,37.9333,11
제주-2000-01-08-14:38,제주,2000-01-08,14:38,-60,1,ascSign|planetHouses,17.6833,8
제주-2000-01-08-14:38,제주,2000-01-08,14:38,-30,1,ascSign|planetHouses,8.5333,2
제주-2000-01-08-14:38,제주,2000-01-08,14:38,-15,1,planetHouses,4.2000,1
제주-2000-01-08-14:38,제주,2000-01-08,14:38,-5,1,planetHouses,1.3833,1
제주-2000-01-08-14:38,제주,2000-01-08,14:38,5,1,planetHouses,1.3667,1
제주-2000-01-08-14:38,제주,2000-01-08,14:38,15,1,planetHouses,4.0500,1
제주-2000-01-08-14:38,제주,2000-01-08,14:38,30,1,planetHouses,7.9833,3
제주-2000-01-08-14:38,제주,2000-01-08,14:38,60,1,hourPillar|minggongBranch|bodyPalaceBranch|soulStar|mcSign|planetHouses,15.5167,9
제주-2000-01-08-14:38,제주,2000-01-08,14:38,120,1,hourPillar|minggongBranch|bodyPalaceBranch|soulStar|ascSign|mcSign|planetHouses,29.5500,12
제주-2000-01-08-16:52,제주,2000-01-08,16:52,-120,1,hourPillar|minggongBranch|bodyPalaceBranch|soulStar|ascSign|mcSign|planetHouses,28.8833,12
제주-2000-01-08-16:52,제주,2000-01-08,16:52,-60,1,ascSign|planetHouses,13.7667,3
제주-2000-01-08-16:52,제주,2000-01-08,16:52,-30,1,planetHouses,6.7500,1
제주-2000-01-08-16:52,제주,2000-01-08,16:52,-15,1,planetHouses,3.3500,1
제주-2000-01-08-16:52,제주,2000-01-08,16:52,-5,1,planetHouses,1.1167,1
제주-2000-01-08-16:52,제주,2000-01-08,16:52,5,0,,1.1000,0
제주-2000-01-08-16:52,제주,2000-01-08,16:52,15,0,,3.3000,0
제주-2000-01-08-16:52,제주,2000-01-08,16:52,30,1,planetHouses,6.5500,6
제주-2000-01-08-16:52,제주,2000-01-08,16:52,60,1,hourPillar|minggongBranch|bodyPalaceBranch|soulStar|mcSign|planetHouses,12.9500,10
제주-2000-01-08-16:52,제주,2000-01-08,16:52,120,1,hourPillar|minggongBranch|bodyPalaceBranch|soulStar|ascSign|mcSign|planetHouses,25.5000,11
제주-2000-01-08-18:06,제주,2000-01-08,18:06,-120,1,hourPillar|minggongBranch|bodyPalaceBranch|soulStar|ascSign|mcSign|planetHouses,26.3500,12
제주-2000-01-08-18:06,제주,2000-01-08,18:06,-60,1,hourPillar|minggongBranch|bodyPalaceBranch|soulStar|mcSign|planetHouses,12.8167,11
제주-2000-01-08-18:06,제주,2000-01-08,18:06,-30,1,planetHouses,6.3500,4
제주-2000-01-08-18:06,제주,2000-01-08,18:06,-15,1,planetHouses,3.1667,1
제주-2000-01-08-18:06,제주,2000-01-08,18:06,-5,1,planetHouses,1.0500,1
제주-2000-01-08-18:06,제주,2000-01-08,18:06,5,0,,1.0500,0
제주-2000-01-08-18:06,제주,2000-01-08,18:06,15,0,,3.1500,0
제주-2000-01-08-18:06,제주,2000-01-08,18:06,30,0,,6.2667,0
제주-2000-01-08-18:06,제주,2000-01-08,18:06,60,1,ascSign|planetHouses,12.5000,5
제주-2000-01-08-18:06,제주,2000-01-08,18:06,120,1,hourPillar|minggongBranch|bodyPalaceBranch|soulStar|ascSign|mcSign|planetHouses,24.9167,12
제주-2000-01-08-20:20,제주,2000-01-08,20:20,-120,1,hourPillar|minggongBranch|bodyPalaceBranch|soulStar|ascSign|mcSign|planetHouses,24.8833,12
제주-2000-01-08-20:20,제주,2000-01-08,20:20,-60,1,hourPillar|minggongBranch|bodyPalaceBranch|soulStar|planetHouses,12.4167,7
제주-2000-01-08-20:20,제주,2000-01-08,20:20,-30,1,planetHouses,6.2167,3
제주-2000-01-08-20:20,제주,2000-01-08,20:20,-15,0,,3.1167,0
제주-2000-01-08-20:20,제주,2000-01-08,20:20,-5,0,,1.0333,0
제주-2000-01-08-20:20,제주,2000-01-08,20:20,5,0,,1.0333,0
제주-2000-01-08-20:20,제주,2000-01-08,20:20,15,0,,3.1167,0
제주-2000-01-08-20:20,제주,2000-01-08,20:20,30,0,,6.2500,0
제주-2000-01-08-20:20,제주,2000-01-08,20:20,60,1,ascSign|mcSign|planetHouses,12.5167,5
제주-2000-01-08-20:20,제주,2000-01-08,20:20,120,1,hourPillar|minggongBranch|bodyPalaceBranch|soulStar|ascSign|mcSign|planetHouses,25.1500,12
제주-2000-01-08-22:34,제주,2000-01-08,22:34,-120,1,hourPillar|minggongBranch|bodyPalaceBranch|soulStar|ascSign|mcSign|planetHouses,25.2000,12
제주-2000-01-08-22:34,제주,2000-01-08,22:34,-60,1,planetHouses,12.6667,6
제주-2000-01-08-22:34,제주,2000-01-08,22:34,-30,1,planetHouses,6.3500,4
제주-2000-01-08-22:34,제주,2000-01-08,22:34,-15,1,planetHouses,3.1833,1
제주-2000-01-08-22:34,제주,2000-01-08,22:34,-5,0,,1.0667,0
제주-2000-01-08-22:34,제주,2000-01-08,22:34,5,0,,1.0500,0
제주-2000-01-08-22:34,제주,2000-01-08,22:34,15,0,,3.1833,0
제주-2000-01-08-22:34,제주,2000-01-08,22:34,30,0,,6.3667,0
제주-2000-01-08-22:34,제주,2000-01-08,22:34,60,1,hourPillar|minggongBranch|bodyPalaceBranch|soulStar|ascSign|mcSign|planetHouses,12.7333,3
제주-2000-01-08-22:34,제주,2000-01-08,22:34,120,1,dayPillar|hourPillar|minggongBranch|bodyPalaceBranch|soulStar|ascSign|mcSign|planetHouses,25.4500,11
제주-2000-02-15-00:00,제주,2000-02-15,00:00,-120,1,hourPillar|minggongBranch|bodyPalaceBranch|soulStar|ascSign|mcSign|planetHouses,25.1667,12
제주-2000-02-15-00:00,제주,2000-02-15,00:00,-60,1,hourPillar|minggongBranch|bodyPalaceBranch|soulStar|ascSign|mcSign|planetHouses,12.5167,6
제주-2000-02-15-00:00,제주,2000-02-15,00:00,-30,1,hourPillar|minggongBranch|bodyPalaceBranch|soulStar|planetHouses,6.2500,1
제주-2000-02-15-00:00,제주,2000-02-15,00:00,-15,1,planetHouses,3.1167,1
제주-2000-02-15-00:00,제주,2000-02-15,00:00,-5,0,,1.0333,0
제주-2000-02-15-00:00,제주,2000-02-15,00:00,5,0,,1.0333,0
제주-2000-02-15-00:00,제주,2000-02-15,00:00,15,0,,3.1167,0
제주-2000-02-15-00:00,제주,2000-02-15,00:00,30,1,planetHouses,6.2167,3
제주-2000-02-15-00:00,제주,2000-02-15,00:00,60,1,dayPillar|planetHouses,12.4333,5
제주-2000-02-15-00:00,제주,2000-02-15,00:00,120,1,dayPillar|hourPillar|minggongBranch|bodyPalaceBranch|soulStar|ascSign|mcSign|planetHouses,24.8833,12
제주-2000-02-15-02:14,제주,2000-02-15,02:14,-120,1,dayPillar|hourPillar|minggongBranch|bodyPalaceBranch|soulStar|ascSign|mcSign|planetHouses,24.9167,12
제주-2000-02-15-02:14,제주,2000-02-15,02:14,-60,1,hourPillar|minggongBranch|bodyPalaceBranch|soulStar|ascSign|planetHouses,12.4833,5
제주-2000-02-15-02:14,제주,2000-02-15,02:14,-30,1,ascSign|planetHouses,6.2667,3
제주-2000-02-15-02:14,제주,2000-02-15,02:14,-15,1,planetHouses,3.1500,1
제주-2000-02-15-02:14,제주,2000-02-15,02:14,-5,0,,1.0500,0
제주-2000-02-15-02:14,제주,2000-02-15,02:14,5,0,,1.0500,0
제주-2000-02-15-02:14,제주,2000-02-15,02:14,15,0,,3.1500,0
제주-2000-02-15-02:14,제주,2000-02-15,02:14,30,1,planetHouses,6.3333,1
제주-2000-02-15-02:14,제주,2000-02-15,02:14,60,1,mcSign|planetHouses,12.8000,5
제주-2000-02-15-02:14,제주,2000-02-15,02:14,120,1,hourPillar|minggongBranch|bodyPalaceBranch|soulStar|ascSign|mcSign|planetHouses,26.2833,12
제주-2000-02-15-04:28,제주,2000-02-15,04:28,-120,1,hourPillar|minggongBranch|bodyPalaceBranch|soulStar|ascSign|mcSign|planetHouses,26.6333,12
제주-2000-02-15-04:28,제주,2000-02-15,04:28,-60,1,hourPillar|minggongBranch|bodyPalaceBranch|soulStar|ascSign|planetHouses,13.7167,6
제주-2000-02-15-04:28,제주,2000-02-15,04:28,-30,1,ascSign|planetHouses,6.9833,3
제주-2000-02-15-04:28,제주,2000-02-15,04:28,-15,1,planetHouses,3.5333,1
제주-2000-02-15-04:28,제주,2000-02-15,04:28,-5,1,planetHouses,1.1833,1
제주-2000-02-15-04:28,제주,2000-02-15,04:28,5,0,,1.2000,0
제주-2000-02-15-04:28,제주,2000-02-15,04:28,15,0,,3.6167,0
제주-2000-02-15-04:28,제주,2000-02-15,04:28,30,1,mcSign|planetHouses,7.3167,3
제주-2000-02-15-04:28,제주,2000-02-15,04:28,60,1,mcSign|planetHouses,15.0500,5
제주-2000-02-15-04:28,제주,2000-02-15,04:28,120,1,hourPillar|minggongBranch|bodyPalaceBranch|soulStar|ascSign|mcSign|planetHouses,32.0667,12
제주-2000-02-15-06:42,제주,2000-02-15,06:42,-120,1,hourPillar|minggongBranch|bodyPalaceBranch|soulStar|ascSign|mcSign|planetHouses,33.0167,12
제주-2000-02-15-06:42,제주,2000-02-15,06:42,-60,1,ascSign|planetHouses,17.5667,8
제주-2000-02-15-06:42,제주,2000-02-15,06:42,-30,1,planetHouses,9.0833,3
제주-2000-02-15-06:42,제주,2000-02-15,06:42,-15,1,planetHouses,4.6167,2
제주-2000-02-15-06:42,제주,2000-02-15,06:42,-5,1,planetHouses,1.5500,2
제주-2000-02-15-06:42,제주,2000-02-15,06:42,5,0,,1.5833,0
제주-2000-02-15-06:42,제주,2000-02-15,06:42,15,1,mcSign,4.7833,0
제주-2000-02-15-06:42,제주,2000-02-15,06:42,30,1,mcSign|planetHouses,9.7500,2
제주-2000-02-15-06:42,제주,2000-02-15,06:42,60,1,hourPillar|minggongBranch|bodyPalaceBranch|soulStar|ascSign|mcSign|planetHouses,20.1333,6
제주-2000-02-15-06:42,제주,2000-02-15,06:42,120,1,hourPillar|minggongBranch|bodyPalaceBranch|soulStar|ascSign|mcSign|planetHouses,42.4333,12
제주-2000-02-15-08:56,제주,2000-02-15,08:56,-120,1,hourPillar|minggongBranch|bodyPalaceBranch|soulStar|ascSign|planetHouses,43.3333,12
제주-2000-02-15-08:56,제주,2000-02-15,08:56,-60,1,planetHouses,22.6167,5
제주-2000-02-15-08:56,제주,2000-02-15,08:56,-30,1,planetHouses,11.4500,2
제주-2000-02-15-08:56,제주,2000-02-15,08:56,-15,1,planetHouses,5.7333,1
제주-2000-02-15-08:56,제주,2000-02-15,08:56,-5,0,,1.9167,0
제주-2000-02-15-08:56,제주,2000-02-15,08:56,5,1,ascSign|mcSign,1.9167,0
제주-2000-02-15-08:56,제주,2000-02-15,08:56,15,1,ascSign|mcSign|planetHouses,5.7500,3
제주-2000-02-15-08:56,제주,2000-02-15,08:56,30,1,ascSign|mcSign|planetHouses,11.4500,5
제주-2000-02-15-08:56,제주,2000-02-15,08:56,60,1,hourPillar|minggongBranch|bodyPalaceBranch|soulStar|ascSign|mcSign|planetHouses,22.6333,8
제주-2000-02-15-08:56,제주,2000-02-15,08:56,120,1,hourPillar|minggongBranch|bodyPalaceBranch|soulStar|ascSign|mcSign|planetHouses,43.4000,12
제주-2000-02-15-10:10,제주,2000-02-15,10:10,-120,1,hourPillar|minggongBranch|bodyPalaceBranch|soulStar|ascSign|mcSign|planetHouses,45.1500,12
제주-2000-02-15-10:10,제주,2000-02-15,10:10,-60,1,hourPillar|minggongBranch|bodyPalaceBranch|soulStar|planetHouses,22.3333,7
제주-2000-02-15-10:10,제주,2000-02-15,10:10,-30,1,planetHouses,10.9833,3
제주-2000-02-15-10:10,제주,2000-02-15,10:10,-15,1,planetHouses,5.4333,2
제주-2000-02-15-10:10,제주,2000-02-15,10:10,-5,1,planetHouses,1.8000,1
제주-2000-02-15-10:10,제주,2000-02-15,10:10,5,0,,1.7667,0
제주-2000-02-15-10:10,제주,2000-02-15,10:10,15,1,ascSign|planetHouses,5.2833,1
제주-2000-02-15-10:10,제주,2000-02-15,10:10,30,1,ascSign|planetHouses,10.4167,2
제주-2000-02-15-10:10,제주,2000-02-15,10:10,60,1,ascSign|mcSign|planetHouses,20.1833,7
제주-2000-02-15-10:10,제주,2000-02-15,10:10,120,1,hourPillar|minggongBranch|bodyPalaceBranch|soulStar|ascSign|mcSign|planetHouses,37.8000,12
제주-2000-02-15-12:24,제주,2000-02-15,12:24,-120,1,hourPillar|minggongBranch|bodyPalaceBranch|soulStar|ascSign|mcSign|planetHouses,36.6500,11
제주-2000-02-15-12:24,제주,2000-02-15,12:24,-60,1,hourPillar|minggongBranch|bodyPalaceBranch|soulStar|ascSign|planetHouses,17.0667,4
제주-2000-02-15-12:24,제주,2000-02-15,12:24,-30,1,planetHouses,8.2500,2
제주-2000-02-15-12:24,제주,2000-02-15,12:24,-15,1,planetHouses,4.0500,1
제주-2000-02-15-12:24,제주,2000-02-15,12:24,-5,0,,1.3333,0
제주-2000-02-15-12:24,제주,2000-02-15,12:24,5,1,planetHouses,1.3167,1
제주-2000-02-15-12:24,제주,2000-02-15,12:24,15,1,planetHouses,3.9333,3
제주-2000-02-15-12:24,제주,2000-02-15,12:24,30,1,planetHouses,7.7500,4
제주-2000-02-15-12:24,제주,2000-02-15,12:24,60,1,mcSign|planetHouses,15.0667,9
제주-2000-02-15-12:24,제주,2000-02-15,12:24,120,1,hourPillar|minggongBranch|bodyPalaceBranch|soulStar|ascSign|mcSign|planetHouses,28.8167,12
제주-2000-02-15-14:38,제주,2000-02-15,14:38,-120,1,hourPillar|minggongBranch|bodyPalaceBranch|soulStar|ascSign|mcSign|planetHouses,28.2167,11
제주-2000-02-15-14:38,제주,2000-02-15,14:38,-60,1,ascSign|planetHouses,13.5000,5
제주-2000-02-15-14:38,제주,2000-02-15,14:38,-30,1,planetHouses,6.6333,3
제주-2000-02-15-14:38,제주,2000-02-15,14:38,-15,1,planetHouses,3.3000,2
제주-2000-02-15-14:38,제주,2000-02-15,14:38,-5,1,planetHouses,1.1000,2
제주-2000-02-15-14:38,제주,2000-02-15,14:38,5,1,planetHouses,1.0833,2
제주-2000-02-15-14:38,제주,2000-02-15,14:38,15,1,planetHouses,3.2500,3
제주-2000-02-15-14:38,제주,2000-02-15,14:38,30,1,mcSign|planetHouses,6.4667,5
제주-2000-02-15-14:38,제주,2000-02-15,14:38,60,1,hourPillar|minggongBranch|bodyPalaceBranch|soulStar|mcSign|planetHouses,12.8167,6
제주-2000-02-15-14:38,제주,2000-02-15,14:38,120,1,hourPillar|minggongBranch|bodyPalaceBranch|soulStar|ascSign|mcSign|planetHouses,25.3000,11
제주-2000-02-15-16:52,제주,2000-02-15,16:52,-120,1,hourPillar|minggongBranch|bodyPalaceBranch|soulStar|ascSign|mcSign|planetHouses,25.1667,12
제주-2000-02-15-16:52,제주,2000-02-15,16:52,-60,1,ascSign|mcSign|planetHouses,12.4500,6
제주-2000-02-15-16:52,제주,2000-02-15,16:52,-30,1,mcSign|planetHouses,6.2167,3
제주-2000-02-15-16:52,제주,2000-02-15,16:52,-15,1,mcSign|planetHouses,3.1000,1
제주-2000-02-15-16:52,제주,2000-02-15,16:52,-5,1,planetHouses,1.0333,1
제주-2000-02-15-16:52,제주,2000-02-15,16:52,5,0,,1.0333,0
제주-2000-02-15-16:52,제주,2000-02-15,16:52,15,1,planetHouses,3.1000,1
제주-2000-02-15-16:52,제주,2000-02-15,16:52,30,1,planetHouses,6.2167,2
제주-2000-02-15-16:52,제주,2000-02-15,16:52,60,1,hourPillar|minggongBranch|bodyPalaceBranch|soulStar|planetHouses,12.4333,5
제주-2000-02-15-16:52,제주,2000-02-15,16:52,120,1,hourPillar|minggongBranch|bodyPalaceBranch|soulStar|ascSign|mcSign|planetHouses,24.9500,11
제주-2000-02-15-18:06,제주,2000-02-15,18:06,-120,1,hourPillar|minggongBranch|bodyPalaceBranch|soulStar|ascSign|mcSign|planetHouses,24.8667,10
제주-2000-02-15-18:06,제주,2000-02-15,18:06,-60,1,hourPillar|minggongBranch|bodyPalaceBranch|soulStar|planetHouses,12.4333,4
제주-2000-02-15-18:06,제주,2000-02-15,18:06,-30,1,planetHouses,6.2167,1
제주-2000-02-15-18:06,제주,2000-02-15,18:06,-15,0,,3.1167,0
제주-2000-02-15-18:06,제주,2000-02-15,18:06,-5,0,,1.0333,0
제주-2000-02-15-18:06,제주,2000-02-15,18:06,5,1,planetHouses,1.0500,1
제주-2000-02-15-18:06,제주,2000-02-15,18:06,15,1,planetHouses,3.1333,2
제주-2000-02-15-18:06,제주,2000-02-15,18:06,30,1,ascSign|planetHouses,6.2667,3
제주-2000-02-15-18:06,제주,2000-02-15,18:06,60,1,ascSign|mcSign|planetHouses,12.5500,7
제주-2000-02-15-18:06,제주,2000-02-15,18:06,120,1,hourPillar|minggongBranch|bodyPalaceBranch|soulStar|ascSign|mcSign|planetHouses,25.2167,12
제주-2000-02-15-20:20,제주,2000-02-15,20:20,-120,1,hourPillar|minggongBranch|bodyPalaceBranch|soulStar|ascSign|mcSign|planetHouses,25.2667,10
제주-2000-02-15-20:20,제주,2000-02-15,20:20,-60,1,hourPillar|minggongBranch|bodyPalaceBranch|soulStar|planetHouses,12.6833,4
제주-2000-02-15-20:20,제주,2000-02-15,20:20,-30,0,,6.3500,0
제주-2000-02-15-20:20,제주,2000-02-15,20:20,-15,0,,3.1833,0
제주-2000-02-15-20:20,제주,2000-02-15,20:20,-5,0,,1.0667,0
제주-2000-02-15-20:20,제주,2000-02-15,20:20,5,1,planetHouses,1.0500,1
제주-2000-02-15-20:20,제주,2000-02-15,20:20,15,1,planetHouses,3.1833,2
제주-2000-02-15-20:20,제주,2000-02-15,20:20,30,1,planetHouses,6.3667,2
제주-2000-02-15-20:20,제주,2000-02-15,20:20,60,1,ascSign|mcSign|planetHouses,12.7333,8
제주-2000-02-15-20:20,제주,2000-02-15,20:20,120,1,hourPillar|minggongBranch|bodyPalaceBranch|soulStar|ascSign|mcSign|planetHouses,25.4333,12
제주-2000-02-15-22:34,제주,2000-02-15,22:34,-120,1,hourPillar|minggongBranch|bodyPalaceBranch|soulStar|ascSign|mcSign|planetHouses,25.4167,10
제주-2000-02-15-22:34,제주,2000-02-15,22:34,-60,1,planetHouses,12.6833,4
제주-2000-02-15-22:34,제주,2000-02-15,22:34,-30,0,,6.3333,0
제주-2000-02-15-22:34,제주,2000-02-15,22:34,-15,0,,3.1667,0
제주-2000-02-15-22:34,제주,2000-02-15,22:34,-5,0,,1.0500,0
제주-2000-02-15-22:34,제주,2000-02-15,22:34,5,1,planetHouses,1.0500,1
제주-2000-02-15-22:34,제주,2000-02-15,22:34,15,1,planetHouses,3.1500,1
제주-2000-02-15-22:34,제주,2000-02-15,22:34,30,1,mcSign|planetHouses,6.3000,2
제주-2000-02-15-22:34,제주,2000-02-15,22:34,60,1,hourPillar|minggongBranch|bodyPalaceBranch|soulStar|ascSign|mcSign|planetHouses,12.5667,8
제주-2000-02-15-22:34,제주,2000-02-15,22:34,120,1,dayPillar|hourPillar|minggongBranch|bodyPalaceBranch|soulStar|ascSign|mcSign|planetHouses,25.0167,12
제주-2000-03-22-00:00,제주,2000-03-22,00:00,-120,1,hourPillar|minggongBranch|bodyPalaceBranch|soulStar|ascSign|mcSign|planetHouses,24.9333,12
제주-2000-03-22-00:00,제주,2000-03-22,00:00,-60,1,hourPillar|minggongBranch|bodyPalaceBranch|soulStar|ascSign|planetHouses,12.5167,8
제주-2000-03-22-00:00,제주,2000-03-22,00:00,-30,1,hourPillar|minggongBranch|bodyPalaceBranch|soulStar|planetHouses,6.2833,2
제주-2000-03-22-00:00,제주,2000-03-22,00:00,-15,1,planetHouses,3.1500,2
제주-2000-03-22-00:00,제주,2000-03-22,00:00,-5,0,,1.0500,0
제주-2000-03-22-00:00,제주,2000-03-22,00:00,5,0,,1.0500,0
제주-2000-03-22-00:00,제주,2000-03-22,00:00,15,0,,3.1667,0
제주-2000-03-22-00:00,제주,2000-03-22,00:00,30,1,planetHouses,6.3667,2
제주-2000-03-22-00:00,제주,2000-03-22,00:00,60,1,dayPillar|mcSign|planetHouses,12.8667,4
제주-2000-03-22-00:00,제주,2000-03-22,00:00,120,1,dayPillar|hourPillar|minggongBranch|bodyPalaceBranch|soulStar|ascSign|mcSign|planetHouses,26.4667,12
제주-2000-03-22-02:14,제주,2000-03-22,02:14,-120,1,dayPillar|hourPillar|minggongBranch|bodyPalaceBranch|soulStar|ascSign|mcSign|planetHouses,26.8333,12
제주-2000-03-22-02:14,제주,2000-03-22,02:14,-60,1,hourPillar|minggongBranch|bodyPalaceBranch|soulStar|ascSign|planetHouses,13.8333,7
제주-2000-03-22-02:14,제주,2000-03-22,02:14,-30,1,planetHouses,7.0500,2
제주-2000-03-22-02:14,제주,2000-03-22,02:14,-15,1,planetHouses,3.5667,1
제주-2000-03-22-02:14,제주,2000-03-22,02:14,-5,0,,1.1833,0
제주-2000-03-22-02:14,제주,2000-03-22,02:14,5,0,,1.2167,0
제주-2000-03-22-02:14,제주,2000-03-22,02:14,15,1,mcSign|planetHouses,3.6667,1
제주-2000-03-22-02:14,제주,2000-03-22,02:14,30,1,mcSign|planetHouses,7.4167,3
제주-2000-03-22-02:14,제주,2000-03-22,02:14,60,1,mcSign|planetHouses,15.2667,4
제주-2000-03-22-02:14,제주,2000-03-22,02:14,120,1,hourPillar|minggongBranch|bodyPalaceBranch|soulStar|ascSign|mcSign|planetHouses,32.5833,12
제주-2000-03-22-04:28,제주,2000-03-22,04:28,-120,1,hourPillar|minggongBranch|bodyPalaceBranch|soulStar|ascSign|mcSign|planetHouses,33.5500,12
제주-2000-03-22-04:28,제주,2000-03-22,04:28,-60,1,hourPillar|minggongBranch|bodyPalaceBranch|soulStar|ascSign|mcSign|planetHouses,17.8667,7
제주-2000-03-22-04:28,제주,2000-03-22,04:28,-30,1,mcSign|planetHouses,9.2500,2
제주-2000-03-22-04:28,제주,2000-03-22,04:28,-15,1,mcSign|planetHouses,4.7000,1
제주-2000-03-22-04:28,제주,2000-03-22,04:28,-5,1,mcSign,1.5833,0
제주-2000-03-22-04:28,제주,2000-03-22,04:28,5,0,,1.6167,0
제주-2000-03-22-04:28,제주,2000-03-22,04:28,15,1,planetHouses,4.8833,3
제주-2000-03-22-04:28,제주,2000-03-22,04:28,30,1,planetHouses,9.9167,3
제주-2000-03-22-04:28,제주,2000-03-22,04:28,60,1,ascSign|planetHouses,20.4667,7
제주-2000-03-22-04:28,제주,2000-03-22,04:28,120,1,hourPillar|minggongBranch|bodyPalaceBranch|soulStar|ascSign|planetHouses,42.9500,12
제주-2000-03-22-06:42,제주,2000-03-22,06:42,-120,1,hourPillar|minggongBranch|bodyPalaceBranch|soulStar|ascSign|mcSign|planetHouses,43.7500,12
제주-2000-03-22-06:42,제주,2000-03-22,06:42,-60,1,ascSign|mcSign|planetHouses,22.7333,6
제주-2000-03-22-06:42,제주,2000-03-22,06:42,-30,1,ascSign|mcSign|planetHouses,11.4667,3
제주-2000-03-22-06:42,제주,2000-03-22,06:42,-15,1,ascSign|mcSign|planetHouses,5.7333,3
제주-2000-03-22-06:42,제주,2000-03-22,06:42,-5,1,planetHouses,1.9167,1
제주-2000-03-22-06:42,제주,2000-03-22,06:42,5,0,,1.9167,0
제주-2000-03-22-06:42,제주,2000-03-22,06:42,15,1,planetHouses,5.7333,1
제주-2000-03-22-06:42,제주,2000-03-22,06:42,30,1,planetHouses,11.4167,4
제주-2000-03-22-06:42,제주,2000-03-22,06:42,60,1,hourPillar|minggongBranch|bodyPalaceBranch|soulStar|planetHouses,22.4833,8
제주-2000-03-22-06:42,제주,2000-03-22,06:42,120,1,hourPillar|minggongBranch|bodyPalaceBranch|soulStar|ascSign|planetHouses,42.9500,12
제주-2000-03-22-08:56,제주,2000-03-22,08:56,-120,1,hourPillar|minggongBranch|bodyPalaceBranch|soulStar|ascSign|mcSign|planetHouses,42.0000,12
제주-2000-03-22-08:56,제주,2000-03-22,08:56,-60,1,mcSign|planetHouses,19.8667,7
제주-2000-03-22-08:56,제주,2000-03-22,08:56,-30,1,mcSign|planetHouses,9.6000,5
제주-2000-03-22-08:56,제주,2000-03-22,08:56,-15,1,mcSign|planetHouses,4.7167,2
제주-2000-03-22-08:56,제주,2000-03-22,08:56,-5,0,,1.5500,0
제주-2000-03-22-08:56,제주,2000-03-22,08:56,5,0,,1.5333,0
제주-2000-03-22-08:56,제주,2000-03-22,08:56,15,1,planetHouses,4.5500,2
제주-2000-03-22-08:56,제주,2000-03-22,08:56,30,1,planetHouses,8.9500,2
제주-2000-03-22-08:56,제주,2000-03-22,08:56,60,1,hourPillar|minggongBranch|bodyPalaceBranch|soulStar|ascSign|planetHouses,17.3167,4
제주-2000-03-22-08:56,제주,2000-03-22,08:56,120,1,hourPillar|minggongBranch|bodyPalaceBranch|soulStar|ascSign|mcSign|planetHouses,32.5833,12
제주-2000-03-22-10:10,제주,2000-03-22,10:10,-120,1,hourPillar|minggongBranch|bodyPalaceBranch|soulStar|ascSign|mcSign|planetHouses,36.0333,12
제주-2000-03-22-10:10,제주,2000-03-22,10:10,-60,1,hourPillar|minggongBranch|bodyPalaceBranch|soulStar|ascSign|planetHouses,16.7833,5
제주-2000-03-22-10:10,제주,2000-03-22,10:10,-30,1,planetHouses,8.1000,3
제주-2000-03-22-10:10,제주,2000-03-22,10:10,-15,1,planetHouses,3.9833,2
제주-2000-03-22-10:10,제주,2000-03-22,10:10,-5,0,,1.3167,0
제주-2000-03-22-10:10,제주,2000-03-22,10:10,5,0,,1.3000,0
제주-2000-03-22-10:10,제주,2000-03-22,10:10,15,1,planetHouses,3.8833,1
제주-2000-03-22-10:10,제주,2000-03-22,10:10,30,1,planetHouses,7.6333,4
제주-2000-03-22-10:10,제주,2000-03-22,10:10,60,1,mcSign|planetHouses,14.8833,8
제주-2000-03-22-10:10,제주,2000-03-22,10:10,120,1,hourPillar|minggongBranch|bodyPalaceBranch|soulStar|ascSign|mcSign|planetHouses,28.4833,11
제주-2000-03-22-12:24,제주,2000-03-22,12:24,-120,1,hourPillar|minggongBranch|bodyPalaceBranch|soulStar|ascSign|mcSign|planetHouses,27.9167,11
제주-2000-03-22-12:24,제주,2000-03-22,12:24,-60,1,hourPillar|minggongBranch|bodyPalaceBranch|soulStar|ascSign|planetHouses,13.3833,5
제주-2000-03-22-12:24,제주,2000-03-22,12:24,-30,1,planetHouses,6.5833,4
제주-2000-03-22-12:24,제주,2000-03-22,12:24,-15,1,planetHouses,3.2667,1
제주-2000-03-22-12:24,제주,2000-03-22,12:24,-5,0,,1.0833,0
제주-2000-03-22-12:24,제주,2000-03-22,12:24,5,0,,1.0833,0
제주-2000-03-22-12:24,제주,2000-03-22,12:24,15,1,mcSign|planetHouses,3.2333,2
제주-2000-03-22-12:24,제주,2000-03-22,12:24,30,1,mcSign|planetHouses,6.4333,5
제주-2000-03-22-12:24,제주,2000-03-22,12:24,60,1,mcSign|planetHouses,12.7667,7
제주-2000-03-22-12:24,제주,2000-03-22,12:24,120,1,hourPillar|minggongBranch|bodyPalaceBranch|soulStar|ascSign|mcSign|planetHouses,25.2333,12
제주-2000-03-22-14:38,제주,2000-03-22,14:38,-120,1,hourPillar|minggongBranch|bodyPalaceBranch|soulStar|ascSign|mcSign|planetHouses,25.1167,11
제주-2000-03-22-14:38,제주,2000-03-22,14:38,-60,1,ascSign|mcSign|planetHouses,12.4500,5
제주-2000-03-22-14:38,제주,2000-03-22,14:38,-30,1,mcSign|planetHouses,6.2167,3
제주-2000-03-22-14:38,제주,2000-03-22,14:38,-15,1,mcSign|planetHouses,3.1000,1
제주-2000-03-22-14:38,제주,2000-03-22,14:38,-5,0,,1.0333,0
제주-2000-03-22-14:38,제주,2000-03-22,14:38,5,1,planetHouses,1.0333,1
제주-2000-03-22-14:38,제주,2000-03-22,14:38,15,1,planetHouses,3.1000,3
제주-2000-03-22-14:38,제주,2000-03-22,14:38,30,1,planetHouses,6.2000,4
제주-2000-03-22-14:38,제주,2000-03-22,14:38,60,1,hourPillar|minggongBranch|bodyPalaceBranch|soulStar|planetHouses,12.4333,7
제주-2000-03-22-14:38,제주,2000-03-22,14:38,120,1,hourPillar|minggongBranch|bodyPalaceBranch|soulStar|ascSign|mcSign|planetHouses,24.9667,12
제주-2000-03-22-16:52,제주,2000-03-22,16:52,-120,1,hourPillar|minggongBranch|bodyPalaceBranch|soulStar|ascSign|mcSign|planetHouses,25.0000,12
제주-2000-03-22-16:52,제주,2000-03-22,16:52,-60,1,ascSign|mcSign|planetHouses,12.5500,7
제주-2000-03-22-16:52,제주,2000-03-22,16:52,-30,1,mcSign|planetHouses,6.3000,5
제주-2000-03-22-16:52,제주,2000-03-22,16:52,-15,1,planetHouses,3.1500,1
제주-2000-03-22-16:52,제주,2000-03-22,16:52,-5,0,,1.0500,0
제주-2000-03-22-16:52,제주,2000-03-22,16:52,5,0,,1.0500,0
제주-2000-03-22-16:52,제주,2000-03-22,16:52,15,1,planetHouses,3.1667,2
제주-2000-03-22-16:52,제주,2000-03-22,16:52,30,1,planetHouses,6.3333,3
제주-2000-03-22-16:52,제주,2000-03-22,16:52,60,1,hourPillar|minggongBranch|bodyPalaceBranch|soulStar|planetHouses,12.6833,5
제주-2000-03-22-16:52,제주,2000-03-22,16:52,120,1,hourPillar|minggongBranch|bodyPalaceBranch|soulStar|ascSign|mcSign|planetHouses,25.4167,12
제주-2000-03-22-18:06,제주,2000-03-22,18:06,-120,1,hourPillar|minggongBranch|bodyPalaceBranch|soulStar|ascSign|mcSign|planetHouses,25.2833,12
제주-2000-03-22-18:06,제주,2000-03-22,18:06,-60,1,hourPillar|minggongBranch|bodyPalaceBranch|soulStar|planetHouses,12.7000,3
제주-2000-03-22-18:06,제주,2000-03-22,18:06,-30,0,,6.3667,0
제주-2000-03-22-18:06,제주,2000-03-22,18:06,-15,0,,3.1833,0
제주-2000-03-22-18:06,제주,2000-03-22,18:06,-5,0,,1.0667,0
제주-2000-03-22-18:06,제주,2000-03-22,18:06,5,0,,1.0667,0
제주-2000-03-22-18:06,제주,2000-03-22,18:06,15,0,,3.1833,0
제주-2000-03-22-18:06,제주,2000-03-22,18:06,30,1,ascSign|mcSign|planetHouses,6.3667,2
제주-2000-03-22-18:06,제주,2000-03-22,18:06,60,1,ascSign|mcSign|planetHouses,12.7333,7
제주-2000-03-22-18:06,제주,2000-03-22,18:06,120,1,hourPillar|minggongBranch|bodyPalaceBranch|soulStar|ascSign|mcSign|planetHouses,25.4167,12
제주-2000-03-22-20:20,제주,2000-03-22,20:20,-120,1,hourPillar|minggongBranch|bodyPalaceBranch|soulStar|ascSign|mcSign|planetHouses,25.4000,12
제주-2000-03-22-20:20,제주,2000-03-22,20:20,-60,1,hourPillar|minggongBranch|bodyPalaceBranch|soulStar|planetHouses,12.6667,3
제주-2000-03-22-20:20,제주,2000-03-22,20:20,-30,1,planetHouses,6.3167,1
제주-2000-03-22-20:20,제주,2000-03-22,20:20,-15,0,,3.1500,0
제주-2000-03-22-20:20,제주,2000-03-22,20:20,-5,0,,1.0500,0
제주-2000-03-22-20:20,제주,2000-03-22,20:20,5,0,,1.0500,0
제주-2000-03-22-20:20,제주,2000-03-22,20:20,15,0,,3.1500,0
제주-2000-03-22-20:20,제주,2000-03-22,20:20,30,1,mcSign|planetHouses,6.2833,3
제주-2000-03-22-20:20,제주,2000-03-22,20:20,60,1,ascSign|mcSign|planetHouses,12.5500,8
제주-2000-03-22-20:20,제주,2000-03-22,20:20,120,1,hourPillar|minggongBranch|bodyPalaceBranch|soulStar|ascSign|mcSign|planetHouses,24.9833,12
제주-2000-03-22-22:34,제주,2000-03-22,22:34,-120,1,hourPillar|minggongBranch|bodyPalaceBranch|soulStar|ascSign|mcSign|planetHouses,24.9500,12
제주-2000-03-22-22:34,제주,2000-03-22,22:34,-60,1,planetHouses,12.4167,3
제주-2000-03-22-22:34,제주,2000-03-22,22:34,-30,1,planetHouses,6.2000,1
제주-2000-03-22-22:34,제주,2000-03-22,22:34,-15,0,,3.1000,0
제주-2000-03-22-22:34,제주,2000-03-22,22:34,-5,0,,1.0333,0
제주-2000-03-22-22:34,제주,2000-03-22,22:34,5,0,,1.0333,0
제주-2000-03-22-22:34,제주,2000-03-22,22:34,15,1,mcSign|planetHouses,3.1000,2
제주-2000-03-22-22:34,제주,2000-03-22,22:34,30,1,mcSign|planetHouses,6.2167,6
제주-2000-03-22-22:34,제주,2000-03-22,22:34,60,1,hourPillar|minggongBranch|bodyPalaceBranch|soulStar|ascSign|mcSign|planetHouses,12.4500,9
제주-2000-03-22-22:34,제주,2000-03-22,22:34,120,1,dayPillar|hourPillar|minggongBranch|bodyPalaceBranch|soulStar|ascSign|mcSign|planetHouses,25.1500,12
제주-2000-04-02-00:00,제주,2000-04-02,00:00,-120,1,hourPillar|minggongBranch|bodyPalaceBranch|soulStar|ascSign|mcSign|planetHouses,25.2000,12
제주-2000-04-02-00:00,제주,2000-04-02,00:00,-60,1,hourPillar|minggongBranch|bodyPalaceBranch|soulStar|mcSign|planetHouses,12.7333,4
제주-2000-04-02-00:00,제주,2000-04-02,00:00,-30,1,hourPillar|minggongBranch|bodyPalaceBranch|soulStar|mcSign|planetHouses,6.4167,2
제주-2000-04-02-00:00,제주,2000-04-02,00:00,-15,1,mcSign,3.2167,0
제주-2000-04-02-00:00,제주,2000-04-02,00:00,-5,0,,1.0833,0
제주-2000-04-02-00:00,제주,2000-04-02,00:00,5,0,,1.0833,0
제주-2000-04-02-00:00,제주,2000-04-02,00:00,15,0,,3.2667,0
제주-2000-04-02-00:00,제주,2000-04-02,00:00,30,1,planetHouses,6.5833,2
제주-2000-04-02-00:00,제주,2000-04-02,00:00,60,1,dayPillar|ascSign|planetHouses,13.3500,6
제주-2000-04-02-00:00,제주,2000-04-02,00:00,120,1,dayPillar|hourPillar|minggongBranch|bodyPalaceBranch|soulStar|ascSign|mcSign|planetHouses,27.8167,12
제주-2000-04-02-02:14,제주,2000-04-02,02:14,-120,1,dayPillar|hourPillar|minggongBranch|bodyPalaceBranch|soulStar|ascSign|mcSign|planetHouses,28.3667,12
제주-2000-04-02-02:14,제주,2000-04-02,02:14,-60,1,hourPillar|minggongBranch|bodyPalaceBranch|soulStar|mcSign|planetHouses,14.8000,4
제주-2000-04-02-02:14,제주,2000-04-02,02:14,-30,1,mcSign|planetHouses,7.6000,2
제주-2000-04-02-02:14,제주,2000-04-02,02:14,-15,1,planetHouses,3.8500,1
제주-2000-04-02-02:14,제주,2000-04-02,02:14,-5,1,planetHouses,1.3000,1
제주-2000-04-02-02:14,제주,2000-04-02,02:14,5,0,,1.3000,0
제주-2000-04-02-02:14,제주,2000-04-02,02:14,15,1,planetHouses,3.9667,1
제주-2000-04-02-02:14,제주,2000-04-02,02:14,30,1,planetHouses,8.0500,3
제주-2000-04-02-02:14,제주,2000-04-02,02:14,60,1,ascSign|planetHouses,16.6667,8
제주-2000-04-02-02:14,제주,2000-04-02,02:14,120,1,hourPillar|minggongBranch|bodyPalaceBranch|soulStar|ascSign|mcSign|planetHouses,35.8000,12
제주-2000-04-02-04:28,제주,2000-04-02,04:28,-120,1,hourPillar|minggongBranch|bodyPalaceBranch|soulStar|ascSign|mcSign|planetHouses,36.9500,12
제주-2000-04-02-04:28,제주,2000-04-02,04:28,-60,1,hourPillar|minggongBranch|bodyPalaceBranch|soulStar|mcSign|planetHouses,19.7333,4
제주-2000-04-02-04:28,제주,2000-04-02,04:28,-30,1,planetHouses,10.2000,3
제주-2000-04-02-04:28,제주,2000-04-02,04:28,-15,0,,5.1833,0
제주-2000-04-02-04:28,제주,2000-04-02,04:28,-5,0,,1.7500,0
제주-2000-04-02-04:28,제주,2000-04-02,04:28,5,1,ascSign|planetHouses,1.7667,2
제주-2000-04-02-04:28,제주,2000-04-02,04:28,15,1,ascSign|planetHouses,5.3333,5
제주-2000-04-02-04:28,제주,2000-04-02,04:28,30,1,ascSign|planetHouses,10.8000,6
제주-2000-04-02-04:28,제주,2000-04-02,04:28,60,1,ascSign|planetHouses,22.0500,8
제주-2000-04-02-04:28,제주,2000-04-02,04:28,120,1,hourPillar|minggongBranch|bodyPalaceBranch|soulStar|ascSign|mcSign|planetHouses,44.9333,12
제주-2000-04-02-06:42,제주,2000-04-02,06:42,-120,1,hourPillar|minggongBranch|bodyPalaceBranch|soulStar|ascSign|mcSign|planetHouses,45.2000,12
제주-2000-04-02-06:42,제주,2000-04-02,06:42,-60,1,ascSign|mcSign|planetHouses,22.7833,8
제주-2000-04-02-06:42,제주,2000-04-02,06:42,-30,1,planetHouses,11.3000,5
제주-2000-04-02-06:42,제주,2000-04-02,06:42,-15,0,,5.6167,0
제주-2000-04-02-06:42,제주,2000-04-02,06:42,-5,0,,1.8667,0
제주-2000-04-02-06:42,제주,2000-04-02,06:42,5,1,planetHouses,1.8333,2
제주-2000-04-02-06:42,제주,2000-04-02,06:42,15,1,planetHouses,5.4833,2
제주-2000-04-02-06:42,제주,2000-04-02,06:42,30,1,planetHouses,10.8500,3
제주-2000-04-02-06:42,제주,2000-04-02,06:42,60,1,hourPillar|minggongBranch|bodyPalaceBranch|soulStar|ascSign|planetHouses,21.1333,7
제주-2000-04-02-06:42,제주,2000-04-02,06:42,120,1,hourPillar|minggongBranch|bodyPalaceBranch|soulStar|ascSign|mcSign|planetHouses,39.7167,12
제주-2000-04-02-08:56,제주,2000-04-02,08:56,-120,1,hourPillar|minggongBranch|bodyPalaceBranch|soulStar|ascSign|mcSign|planetHouses,38.5667,12
제주-2000-04-02-08:56,제주,2000-04-02,08:56,-60,1,ascSign|mcSign|planetHouses,18.0000,6
제주-2000-04-02-08:56,제주,2000-04-02,08:56,-30,1,ascSign|planetHouses,8.6833,2
제주-2000-04-02-08:56,제주,2000-04-02,08:56,-15,1,ascSign,4.2667,0
제주-2000-04-02-08:56,제주,2000-04-02,08:56,-5,0,,1.4000,0
제주-2000-04-02-08:56,제주,2000-04-02,08:56,5,0,,1.3833,0
제주-2000-04-02-08:56,제주,2000-04-02,08:56,15,1,planetHouses,4.1333,1
제주-2000-04-02-08:56,제주,2000-04-02,08:56,30,1,planetHouses,8.1167,2
제주-2000-04-02-08:56,제주,2000-04-02,08:56,60,1,hourPillar|minggongBranch|bodyPalaceBranch|soulStar|planetHouses,15.7667,8
제주-2000-04-02-08:56,제주,2000-04-02,08:56,120,1,hourPillar|minggongBranch|bodyPalaceBranch|soulStar|ascSign|mcSign|planetHouses,29.9500,12
제주-2000-04-02-10:10,제주,2000-04-02,10:10,-120,1,hourPillar|minggongBranch|bodyPalaceBranch|soulStar|ascSign|mcSign|planetHouses,32.7667,11
제주-2000-04-02-10:10,제주,2000-04-02,10:10,-60,1,hourPillar|minggongBranch|bodyPalaceBranch|soulStar|mcSign|planetHouses,15.3500,8
제주-2000-04-02-10:10,제주,2000-04-02,10:10,-30,1,mcSign|planetHouses,7.4500,5
제주-2000-04-02-10:10,제주,2000-04-02,10:10,-15,1,mcSign|planetHouses,3.6833,1
제주-2000-04-02-10:10,제주,2000-04-02,10:10,-5,1,planetHouses,1.2167,1
제주-2000-04-02-10:10,제주,2000-04-02,10:10,5,1,planetHouses,1.2000,1
제주-2000-04-02-10:10,제주,2000-04-02,10:10,15,1,planetHouses,3.5833,1
제주-2000-04-02-10:10,제주,2000-04-02,10:10,30,1,planetHouses,7.0833,3
제주-2000-04-02-10:10,제주,2000-04-02,10:10,60,1,ascSign|planetHouses,13.9000,5
제주-2000-04-02-10:10,제주,2000-04-02,10:10,120,1,hourPillar|minggongBranch|bodyPalaceBranch|soulStar|ascSign|mcSign|planetHouses,26.9333,12
제주-2000-04-02-12:24,제주,2000-04-02,12:24,-120,1,hourPillar|minggongBranch|bodyPalaceBranch|soulStar|ascSign|mcSign|planetHouses,26.5500,11
제주-2000-04-02-12:24,제주,2000-04-02,12:24,-60,1,hourPillar|minggongBranch|bodyPalaceBranch|soulStar|mcSign|planetHouses,12.9000,5
제주-2000-04-02-12:24,제주,2000-04-02,12:24,-30,1,planetHouses,6.3833,3
제주-2000-04-02-12:24,제주,2000-04-02,12:24,-15,0,,3.1833,0
제주-2000-04-02-12:24,제주,2000-04-02,12:24,-5,0,,1.0667,0
제주-2000-04-02-12:24,제주,2000-04-02,12:24,5,1,planetHouses,1.0500,1
제주-2000-04-02-12:24,제주,2000-04-02,12:24,15,1,planetHouses,3.1500,3
제주-2000-04-02-12:24,제주,2000-04-02,12:24,30,1,planetHouses,6.2833,5
제주-2000-04-02-12:24,제주,2000-04-02,12:24,60,1,ascSign|planetHouses,12.5167,7
제주-2000-04-02-12:24,제주,2000-04-02,12:24,120,1,hourPillar|minggongBranch|bodyPalaceBranch|soulStar|ascSign|mcSign|planetHouses,24.9333,12
제주-2000-04-02-14:38,제주,2000-04-02,14:38,-120,1,hourPillar|minggongBranch|bodyPalaceBranch|soulStar|ascSign|mcSign|planetHouses,24.9000,10
제주-2000-04-02-14:38,제주,2000-04-02,14:38,-60,1,mcSign|planetHouses,12.4167,4
제주-2000-04-02-14:38,제주,2000-04-02,14:38,-30,1,planetHouses,6.2167,4
제주-2000-04-02-14:38,제주,2000-04-02,14:38,-15,1,planetHouses,3.1000,1
제주-2000-04-02-14:38,제주,2000-04-02,14:38,-5,0,,1.0333,0
제주-2000-04-02-14:38,제주,2000-04-02,14:38,5,1,planetHouses,1.0333,2
제주-2000-04-02-14:38,제주,2000-04-02,14:38,15,1,planetHouses,3.1167,4
제주-2000-04-02-14:38,제주,2000-04-02,14:38,30,1,planetHouses,6.2333,4
제주-2000-04-02-14:38,제주,2000-04-02,14:38,60,1,hourPillar|minggongBranch|bodyPalaceBranch|soulStar|ascSign|planetHouses,12.5000,7
제주-2000-04-02-14:38,제주,2000-04-02,14:38,120,1,hourPillar|minggongBranch|bodyPalaceBranch|soulStar|ascSign|mcSign|planetHouses,25.1167,12
제주-2000-04-02-16:52,제주,2000-04-02,16:52,-120,1,hourPillar|minggongBranch|bodyPalaceBranch|soulStar|ascSign|mcSign|planetHouses,25.1833,11
제주-2000-04-02-16:52,제주,2000-04-02,16:52,-60,1,planetHouses,12.6500,7
제주-2000-04-02-16:52,제주,2000-04-02,16:52,-30,1,planetHouses,6.3333,7
제주-2000-04-02-16:52,제주,2000-04-02,16:52,-15,1,planetHouses,3.1667,3
제주-2000-04-02-16:52,제주,2000-04-02,16:52,-5,1,planetHouses,1.0667,1
제주-2000-04-02-16:52,제주,2000-04-02,16:52,5,0,,1.0500,0
제주-2000-04-02-16:52,제주,2000-04-02,16:52,15,1,planetHouses,3.1667,1
제주-2000-04-02-16:52,제주,2000-04-02,16:52,30,1,planetHouses,6.3500,1
제주-2000-04-02-16:52,제주,2000-04-02,16:52,60,1,hourPillar|minggongBranch|bodyPalaceBranch|soulStar|ascSign|mcSign|planetHouses,12.7167,4
제주-2000-04-02-16:52,제주,2000-04-02,16:52,120,1,hourPillar|minggongBranch|bodyPalaceBranch|soulStar|ascSign|mcSign|planetHouses,25.4500,10
제주-2000-04-02-18:06,제주,2000-04-02,18:06,-120,1,hourPillar|minggongBranch|bodyPalaceBranch|soulStar|ascSign|mcSign|planetHouses,25.4167,11
제주-2000-04-02-18:06,제주,2000-04-02,18:06,-60,1,hourPillar|minggongBranch|bodyPalaceBranch|soulStar|ascSign|mcSign|planetHouses,12.7333,3
제주-2000-04-02-18:06,제주,2000-04-02,18:06,-30,1,ascSign|mcSign|planetHouses,6.3667,2
제주-2000-04-02-18:06,제주,2000-04-02,18:06,-15,0,,3.1833,0
제주-2000-04-02-18:06,제주,2000-04-02,18:06,-5,0,,1.0667,0
제주-2000-04-02-18:06,제주,2000-04-02,18:06,5,1,planetHouses,1.0500,1
제주-2000-04-02-18:06,제주,2000-04-02,18:06,15,1,planetHouses,3.1833,1
제주-2000-04-02-18:06,제주,2000-04-02,18:06,30,1,planetHouses,6.3500,2
제주-2000-04-02-18:06,제주,2000-04-02,18:06,60,1,planetHouses,12.7000,8
제주-2000-04-02-18:06,제주,2000-04-02,18:06,120,1,hourPillar|minggongBranch|bodyPalaceBranch|soulStar|mcSign|planetHouses,25.3167,12
제주-2000-04-02-20:20,제주,2000-04-02,20:20,-120,1,hourPillar|minggongBranch|bodyPalaceBranch|soulStar|ascSign|mcSign|planetHouses,25.2667,11
제주-2000-04-02-20:20,제주,2000-04-02,20:20,-60,1,hourPillar|minggongBranch|bodyPalaceBranch|soulStar|ascSign|mcSign|planetHouses,12.5833,3
제주-2000-04-02-20:20,제주,2000-04-02,20:20,-30,1,ascSign|mcSign|planetHouses,6.2667,2
제주-2000-04-02-20:20,제주,2000-04-02,20:20,-15,1,ascSign,3.1333,0
제주-2000-04-02-20:20,제주,2000-04-02,20:20,-5,0,,1.0333,0
제주-2000-04-02-20:20,제주,2000-04-02,20:20,5,1,planetHouses,1.0500,1
제주-2000-04-02-20:20,제주,2000-04-02,20:20,15,1,planetHouses,3.1333,1
제주-2000-04-02-20:20,제주,2000-04-02,20:20,30,1,planetHouses,6.2500,4
제주-2000-04-02-20:20,제주,2000-04-02,20:20,60,1,planetHouses,12.4667,8
제주-2000-04-02-20:20,제주,2000-04-02,20:20,120,1,hourPillar|minggongBranch|bodyPalaceBranch|soulStar|mcSign|planetHouses,24.9000,12
제주-2000-04-02-22:34,제주,2000-04-02,22:34,-120,1,hourPillar|minggongBranch|bodyPalaceBranch|soulStar|mcSign|planetHouses,24.8667,11
제주-2000-04-02-22:34,제주,2000-04-02,22:34,-60,1,mcSign|planetHouses,12.4333,2
제주-2000-04-02-22:34,제주,2000-04-02,22:34,-30,1,planetHouses,6.2167,2
제주-2000-04-02-22:34,제주,2000-04-02,22:34,-15,0,,3.1167,0
제주-2000-04-02-22:34,제주,2000-04-02,22:34,-5,0,,1.0333,0
제주-2000-04-02-22:34,제주,2000-04-02,22:34,5,1,ascSign|planetHouses,1.0333,1
제주-2000-04-02-22:34,제주,2000-04-02,22:34,15,1,ascSign|planetHouses,3.1167,4
제주-2000-04-02-22:34,제주,2000-04-02,22:34,30,1,ascSign|planetHouses,6.2667,6
제주-2000-04-02-22:34,제주,2000-04-02,22:34,60,1,hourPillar|minggongBranch|bodyPalaceBranch|soulStar|ascSign|planetHouses,12.6000,9
제주-2000-04-02-22:34,제주,2000-04-02,22:34,120,1,dayPillar|hourPillar|minggongBranch|bodyPalaceBranch|soulStar|ascSign|mcSign|planetHouses,25.6833,10
제주-2000-05-09-00:00,제주,2000-05-09,00:00,-120,1,hourPillar|minggongBranch|bodyPalaceBranch|soulStar|ascSign|mcSign|planetHouses,28.8667,12
제주-2000-05-09-00:00,제주,2000-05-09,00:00,-60,1,hourPillar|minggongBranch|bodyPalaceBranch|soulStar|mcSign|planetHouses,15.1000,4
제주-2000-05-09-00:00,제주,2000-05-09,00:00,-30,1,hourPillar|minggongBranch|bodyPalaceBranch|soulStar|planetHouses,7.7667,3
제주-2000-05-09-00:00,제주,2000-05-09,00:00,-15,1,planetHouses,3.9333,3
제주-2000-05-09-00:00,제주,2000-05-09,00:00,-5,0,,1.3333,0
제주-2000-05-09-00:00,제주,2000-05-09,00:00,5,0,,1.3333,0
제주-2000-05-09-00:00,제주,2000-05-09,00:00,15,0,,4.0667,0
제주-2000-05-09-00:00,제주,2000-05-09,00:00,30,1,planetHouses,8.2667,4
제주-2000-05-09-00:00,제주,2000-05-09,00:00,60,1,dayPillar|ascSign|planetHouses,17.1000,8
제주-2000-05-09-00:00,제주,2000-05-09,00:00,120,1,dayPillar|hourPillar|minggongBranch|bodyPalaceBranch|soulStar|ascSign|mcSign|planetHouses,36.7333,12
제주-2000-05-09-02:14,제주,2000-05-09,02:14,-120,1,dayPillar|hourPillar|minggongBranch|bodyPalaceBranch|soulStar|ascSign|mcSign|planetHouses,37.9000,12
제주-2000-05-09-02:14,제주,2000-05-09,02:14,-60,1,hourPillar|minggongBranch|bodyPalaceBranch|soulStar|ascSign|mcSign|planetHouses,20.2333,9
제주-2000-05-09-02:14,제주,2000-05-09,02:14,-30,1,ascSign|planetHouses,10.4333,5
제주-2000-05-09-02:14,제주,2000-05-09,02:14,-15,1,ascSign|planetHouses,5.3000,5
제주-2000-05-09-02:14,제주,2000-05-09,02:14,-5,1,planetHouses,1.7833,3
제주-2000-05-09-02:14,제주,2000-05-09,02:14,5,1,planetHouses,1.8000,1
제주-2000-05-09-02:14,제주,2000-05-09,02:14,15,1,planetHouses,5.4333,2
제주-2000-05-09-02:14,제주,2000-05-09,02:14,30,1,planetHouses,11.0000,3
제주-2000-05-09-02:14,제주,2000-05-09,02:14,60,1,planetHouses,22.3500,4
제주-2000-05-09-02:14,제주,2000-05-09,02:14,120,1,hourPillar|minggongBranch|bodyPalaceBranch|soulStar|ascSign|mcSign|planetHouses,45.1500,12
제주-2000-05-09-04:28,제주,2000-05-09,04:28,-120,1,hourPillar|minggongBranch|bodyPalaceBranch|soulStar|ascSign|mcSign|planetHouses,45.2500,12
제주-2000-05-09-04:28,제주,2000-05-09,04:28,-60,1,hourPillar|minggongBranch|bodyPalaceBranch|soulStar|planetHouses,22.6000,8
제주-2000-05-09-04:28,제주,2000-05-09,04:28,-30,1,planetHouses,11.1500,3
제주-2000-05-09-04:28,제주,2000-05-09,04:28,-15,1,planetHouses,5.5333,1
제주-2000-05-09-04:28,제주,2000-05-09,04:28,-5,0,,1.8333,0
제주-2000-05-09-04:28,제주,2000-05-09,04:28,5,0,,1.8000,0
제주-2000-05-09-04:28,제주,2000-05-09,04:28,15,0,,5.4000,0
제주-2000-05-09-04:28,제주,2000-05-09,04:28,30,1,ascSign|planetHouses,10.6500,1
제주-2000-05-09-04:28,제주,2000-05-09,04:28,60,1,ascSign|planetHouses,20.6667,7
제주-2000-05-09-04:28,제주,2000-05-09,04:28,120,1,hourPillar|minggongBranch|bodyPalaceBranch|soulStar|ascSign|mcSign|planetHouses,38.7833,12
제주-2000-05-09-06:42,제주,2000-05-09,06:42,-120,1,hourPillar|minggongBranch|bodyPalaceBranch|soulStar|ascSign|mcSign|planetHouses,37.6167,12
제주-2000-05-09-06:42,제주,2000-05-09,06:42,-60,1,ascSign|planetHouses,17.5167,4
제주-2000-05-09-06:42,제주,2000-05-09,06:42,-30,1,ascSign|planetHouses,8.4500,1
제주-2000-05-09-06:42,제주,2000-05-09,06:42,-15,1,planetHouses,4.1500,1
제주-2000-05-09-06:42,제주,2000-05-09,06:42,-5,0,,1.3667,0
제주-2000-05-09-06:42,제주,2000-05-09,06:42,5,1,planetHouses,1.3667,1
제주-2000-05-09-06:42,제주,2000-05-09,06:42,15,1,planetHouses,4.0333,1
제주-2000-05-09-06:42,제주,2000-05-09,06:42,30,1,planetHouses,7.9333,5
제주-2000-05-09-06:42,제주,2000-05-09,06:42,60,1,hourPillar|minggongBranch|bodyPalaceBranch|soulStar|mcSign|planetHouses,15.4167,6
제주-2000-05-09-06:42,제주,2000-05-09,06:42,120,1,hourPillar|minggongBranch|bodyPalaceBranch|soulStar|ascSign|mcSign|planetHouses,29.3667,11
제주-2000-05-09-08:56,제주,2000-05-09,08:56,-120,1,hourPillar|minggongBranch|bodyPalaceBranch|soulStar|ascSign|mcSign|planetHouses,28.7167,12
제주-2000-05-09-08:56,제주,2000-05-09,08:56,-60,1,ascSign|planetHouses,13.7000,9
제주-2000-05-09-08:56,제주,2000-05-09,08:56,-30,1,planetHouses,6.7333,5
제주-2000-05-09-08:56,제주,2000-05-09,08:56,-15,1,planetHouses,3.3333,4
제주-2000-05-09-08:56,제주,2000-05-09,08:56,-5,1,planetHouses,1.1167,1
제주-2000-05-09-08:56,제주,2000-05-09,08:56,5,0,,1.1000,0
제주-2000-05-09-08:56,제주,2000-05-09,08:56,15,0,,3.2833,0
제주-2000-05-09-08:56,제주,2000-05-09,08:56,30,1,mcSign,6.5167,0
제주-2000-05-09-08:56,제주,2000-05-09,08:56,60,1,hourPillar|minggongBranch|bodyPalaceBranch|soulStar|mcSign|planetHouses,12.9167,3
제주-2000-05-09-08:56,제주,2000-05-09,08:56,120,1,hourPillar|minggongBranch|bodyPalaceBranch|soulStar|ascSign|mcSign|planetHouses,25.4333,11
제주-2000-05-09-10:10,제주,2000-05-09,10:10,-120,1,hourPillar|minggongBranch|bodyPalaceBranch|soulStar|ascSign|mcSign|planetHouses,26.2667,8
제주-2000-05-09-10:10,제주,2000-05-09,10:10,-60,1,hourPillar|minggongBranch|bodyPalaceBranch|soulStar|mcSign|planetHouses,12.7833,3
제주-2000-05-09-10:10,제주,2000-05-09,10:10,-30,1,planetHouses,6.3333,1
제주-2000-05-09-10:10,제주,2000-05-09,10:10,-15,0,,3.1500,0
제주-2000-05-09-10:10,제주,2000-05-09,10:10,-5,0,,1.0500,0
제주-2000-05-09-10:10,제주,2000-05-09,10:10,5,1,planetHouses,1.0500,3
제주-2000-05-09-10:10,제주,2000-05-09,10:10,15,1,planetHouses,3.1500,5
제주-2000-05-09-10:10,제주,2000-05-09,10:10,30,1,ascSign|planetHouses,6.2667,8
제주-2000-05-09-10:10,제주,2000-05-09,10:10,60,1,ascSign|planetHouses,12.5000,9
제주-2000-05-09-10:10,제주,2000-05-09,10:10,120,1,hourPillar|minggongBranch|bodyPalaceBranch|soulStar|ascSign|mcSign|planetHouses,24.9167,12
제주-2000-05-09-12:24,제주,2000-05-09,12:24,-120,1,hourPillar|minggongBranch|bodyPalaceBranch|soulStar|ascSign|mcSign|planetHouses,24.8833,7
제주-2000-05-09-12:24,제주,2000-05-09,12:24,-60,1,hourPillar|minggongBranch|bodyPalaceBranch|soulStar|planetHouses,12.4333,3
제주-2000-05-09-12:24,제주,2000-05-09,12:24,-30,1,planetHouses,6.2167,2
제주-2000-05-09-12:24,제주,2000-05-09,12:24,-15,1,planetHouses,3.1167,1
제주-2000-05-09-12:24,제주,2000-05-09,12:24,-5,0,,1.0333,0
제주-2000-05-09-12:24,제주,2000-05-09,12:24,5,1,planetHouses,1.0333,1
제주-2000-05-09-12:24,제주,2000-05-09,12:24,15,1,planetHouses,3.1167,4
제주-2000-05-09-12:24,제주,2000-05-09,12:24,30,1,planetHouses,6.2500,7
제주-2000-05-09-12:24,제주,2000-05-09,12:24,60,1,ascSign|mcSign|planetHouses,12.5167,7
제주-2000-05-09-12:24,제주,2000-05-09,12:24,120,1,hourPillar|minggongBranch|bodyPalaceBranch|soulStar|ascSign|mcSign|planetHouses,25.1667,11
제주-2000-05-09-14:38,제주,2000-05-09,14:38,-120,1,hourPillar|minggongBranch|bodyPalaceBranch|soulStar|ascSign|mcSign|planetHouses,25.2167,8
제주-2000-05-09-14:38,제주,2000-05-09,14:38,-60,1,planetHouses,12.6667,3
제주-2000-05-09-14:38,제주,2000-05-09,14:38,-30,1,planetHouses,6.3500,2
제주-2000-05-09-14:38,제주,2000-05-09,14:38,-15,1,planetHouses,3.1833,1
제주-2000-05-09-14:38,제주,2000-05-09,14:38,-5,0,,1.0667,0
제주-2000-05-09-14:38,제주,2000-05-09,14:38,5,1,planetHouses,1.0500,1
제주-2000-05-09-14:38,제주,2000-05-09,14:38,15,1,planetHouses,3.1667,4
제주-2000-05-09-14:38,제주,2000-05-09,14:38,30,1,planetHouses,6.3500,7
제주-2000-05-09-14:38,제주,2000-05-09,14:38,60,1,hourPillar|minggongBranch|bodyPalaceBranch|soulStar|ascSign|mcSign|planetHouses,12.7333,7
제주-2000-05-09-14:38,제주,2000-05-09,14:38,120,1,hourPillar|minggongBranch|bodyPalaceBranch|soulStar|ascSign|mcSign|planetHouses,25.4333,11
제주-2000-05-09-16:52,제주,2000-05-09,16:52,-120,1,hourPillar|minggongBranch|bodyPalaceBranch|soulStar|ascSign|mcSign|planetHouses,25.4333,9
제주-2000-05-09-16:52,제주,2000-05-09,16:52,-60,1,planetHouses,12.7000,3
제주-2000-05-09-16:52,제주,2000-05-09,16:52,-30,1,planetHouses,6.3500,2
제주-2000-05-09-16:52,제주,2000-05-09,16:52,-15,1,planetHouses,3.1667,1
제주-2000-05-09-16:52,제주,2000-05-09,16:52,-5,0,,1.0667,0
제주-2000-05-09-16:52,제주,2000-05-09,16:52,5,0,,1.0500,0
제주-2000-05-09-16:52,제주,2000-05-09,16:52,15,1,planetHouses,3.1500,3
제주-2000-05-09-16:52,제주,2000-05-09,16:52,30,1,planetHouses,6.3000,4
제주-2000-05-09-16:52,제주,2000-05-09,16:52,60,1,hourPillar|minggongBranch|bodyPalaceBranch|soulStar|ascSign|mcSign|planetHouses,12.5833,7
제주-2000-05-09-16:52,제주,2000-05-09,16:52,120,1,hourPillar|minggongBranch|bodyPalaceBranch|soulStar|ascSign|mcSign|planetHouses,25.0500,11
제주-2000-05-09-18:06,제주,2000-05-09,18:06,-120,1,hourPillar|minggongBranch|bodyPalaceBranch|soulStar|ascSign|mcSign|planetHouses,25.2333,11
제주-2000-05-09-18:06,제주,2000-05-09,18:06,-60,1,hourPillar|minggongBranch|bodyPalaceBranch|soulStar|ascSign|mcSign|planetHouses,12.5667,5
제주-2000-05-09-18:06,제주,2000-05-09,18:06,-30,1,ascSign|planetHouses,6.2667,1
제주-2000-05-09-18:06,제주,2000-05-09,18:06,-15,1,planetHouses,3.1333,1
제주-2000-05-09-18:06,제주,2000-05-09,18:06,-5,0,,1.0333,0
제주-2000-05-09-18:06,제주,2000-05-09,18:06,5,1,planetHouses,1.0333,1
제주-2000-05-09-18:06,제주,2000-05-09,18:06,15,1,planetHouses,3.1167,1
제주-2000-05-09-18:06,제주,2000-05-09,18:06,30,1,planetHouses,6.2333,2
제주-2000-05-09-18:06,제주,2000-05-09,18:06,60,1,planetHouses,12.4500,4
제주-2000-05-09-18:06,제주,2000-05-09,18:06,120,1,hourPillar|minggongBranch|bodyPalaceBranch|soulStar|mcSign|planetHouses,24.8833,11
제주-2000-05-09-20:20,제주,2000-05-09,20:20,-120,1,hourPillar|minggongBranch|bodyPalaceBranch|soulStar|ascSign|mcSign|planetHouses,24.8667,11
제주-2000-05-09-20:20,제주,2000-05-09,20:20,-60,1,hourPillar|minggongBranch|bodyPalaceBranch|soulStar|ascSign|mcSign|planetHouses,12.4333,6
제주-2000-05-09-20:20,제주,2000-05-09,20:20,-30,1,ascSign|planetHouses,6.2333,2
제주-2000-05-09-20:20,제주,2000-05-09,20:20,-15,1,ascSign|planetHouses,3.1167,1
제주-2000-05-09-20:20,제주,2000-05-09,20:20,-5,1,planetHouses,1.0333,1
제주-2000-05-09-20:20,제주,2000-05-09,20:20,5,1,planetHouses,1.0500,1
제주-2000-05-09-20:20,제주,2000-05-09,20:20,15,1,planetHouses,3.1333,2
제주-2000-05-09-20:20,제주,2000-05-09,20:20,30,1,planetHouses,6.3000,2
제주-2000-05-09-20:20,제주,2000-05-09,20:20,60,1,planetHouses,12.6667,8
제주-2000-05-09-20:20,제주,2000-05-09,20:20,120,1,hourPillar|minggongBranch|bodyPalaceBranch|soulStar|mcSign|planetHouses,25.8833,11
제주-2000-05-09-22:34,제주,2000-05-09,22:34,-120,1,hourPillar|minggongBranch|bodyPalaceBranch|soulStar|ascSign|mcSign|planetHouses,26.1667,12
제주-2000-05-09-22:34,제주,2000-05-09,22:34,-60,1,ascSign|planetHouses,13.4167,6
제주-2000-05-09-22:34,제주,2000-05-09,22:34,-30,1,ascSign|planetHouses,6.8167,4
제주-2000-05-09-22:34,제주,2000-05-09,22:34,-15,1,ascSign|planetHouses,3.4500,1
제주-2000-05-09-22:34,제주,2000-05-09,22:34,-5,1,ascSign|planetHouses,1.1667,1
제주-2000-05-09-22:34,제주,2000-05-09,22:34,5,0,,1.1500,0
제주-2000-05-09-22:34,제주,2000-05-09,22:34,15,1,planetHouses,3.5000,4
제주-2000-05-09-22:34,제주,2000-05-09,22:34,30,1,planetHouses,7.0833,5
제주-2000-05-09-22:34,제주,2000-05-09,22:34,60,1,hourPillar|minggongBranch|bodyPalaceBranch|soulStar|mcSign|planetHouses,14.5333,6
제주-2000-05-09-22:34,제주,2000-05-09,22:34,120,1,dayPillar|hourPillar|minggongBranch|bodyPalaceBranch|soulStar|ascSign|mcSign|planetHouses,30.8167,10
제주-2000-06-16-00:00,제주,2000-06-16,00:00,-120,1,hourPillar|minggongBranch|bodyPalaceBranch|soulStar|ascSign|mcSign|planetHouses,39.1667,12
제주-2000-06-16-00:00,제주,2000-06-16,00:00,-60,1,hourPillar|minggongBranch|bodyPalaceBranch|soulStar|ascSign|planetHouses,20.8667,7
제주-2000-06-16-00:00,제주,2000-06-16,00:00,-30,1,hourPillar|minggongBranch|bodyPalaceBranch|soulStar|ascSign|planetHouses,10.7333,2
제주-2000-06-16-00:00,제주,2000-06-16,00:00,-15,0,,5.4333,0
제주-2000-06-16-00:00,제주,2000-06-16,00:00,-5,0,,1.8333,0
제주-2000-06-16-00:00,제주,2000-06-16,00:00,5,0,,1.8500,0
제주-2000-06-16-00:00,제주,2000-06-16,00:00,15,1,planetHouses,5.5667,2
제주-2000-06-16-00:00,제주,2000-06-16,00:00,30,1,planetHouses,11.2167,3
제주-2000-06-16-00:00,제주,2000-06-16,00:00,60,1,dayPillar|ascSign|mcSign|planetHouses,22.6833,8
제주-2000-06-16-00:00,제주,2000-06-16,00:00,120,1,dayPillar|hourPillar|minggongBranch|bodyPalaceBranch|soulStar|ascSign|mcSign|planetHouses,45.2333,12
제주-2000-06-16-02:14,제주,2000-06-16,02:14,-120,1,dayPillar|hourPillar|minggongBranch|bodyPalaceBranch|soulStar|ascSign|mcSign|planetHouses,45.0833,12
제주-2000-06-16-02:14,제주,2000-06-16,02:14,-60,1,hourPillar|minggongBranch|bodyPalaceBranch|soulStar|planetHouses,22.2333,6
제주-2000-06-16-02:14,제주,2000-06-16,02:14,-30,1,planetHouses,10.9167,5
제주-2000-06-16-02:14,제주,2000-06-16,02:14,-15,1,planetHouses,5.3833,2
제주-2000-06-16-02:14,제주,2000-06-16,02:14,-5,1,planetHouses,1.7833,2
제주-2000-06-16-02:14,제주,2000-06-16,02:14,5,1,ascSign|planetHouses,1.7667,1
제주-2000-06-16-02:14,제주,2000-06-16,02:14,15,1,ascSign|planetHouses,5.2500,1
제주-2000-06-16-02:14,제주,2000-06-16,02:14,30,1,ascSign|planetHouses,10.3500,3
제주-2000-06-16-02:14,제주,2000-06-16,02:14,60,1,ascSign|mcSign|planetHouses,20.0333,7
제주-2000-06-16-02:14,제주,2000-06-16,02:14,120,1,hourPillar|minggongBranch|bodyPalaceBranch|soulStar|ascSign|mcSign|planetHouses,37.5000,12
제주-2000-06-16-04:28,제주,2000-06-16,04:28,-120,1,hourPillar|minggongBranch|bodyPalaceBranch|soulStar|ascSign|mcSign|planetHouses,36.3500,12
제주-2000-06-16-04:28,제주,2000-06-16,04:28,-60,1,hourPillar|minggongBranch|bodyPalaceBranch|soulStar|ascSign|planetHouses,16.9167,7
제주-2000-06-16-04:28,제주,2000-06-16,04:28,-30,1,planetHouses,8.1667,1
제주-2000-06-16-04:28,제주,2000-06-16,04:28,-15,0,,4.0167,0
제주-2000-06-16-04:28,제주,2000-06-16,04:28,-5,0,,1.3167,0
제주-2000-06-16-04:28,제주,2000-06-16,04:28,5,1,planetHouses,1.3167,4
제주-2000-06-16-04:28,제주,2000-06-16,04:28,15,1,planetHouses,3.9000,5
제주-2000-06-16-04:28,제주,2000-06-16,04:28,30,1,planetHouses,7.7000,5
제주-2000-06-16-04:28,제주,2000-06-16,04:28,60,1,mcSign|planetHouses,14.9833,6
제주-2000-06-16-04:28,제주,2000-06-16,04:28,120,1,hourPillar|minggongBranch|bodyPalaceBranch|soulStar|ascSign|mcSign|planetHouses,28.6500,12
제주-2000-06-16-06:42,제주,2000-06-16,06:42,-120,1,hourPillar|minggongBranch|bodyPalaceBranch|soulStar|ascSign|mcSign|planetHouses,28.0667,10
제주-2000-06-16-06:42,제주,2000-06-16,06:42,-60,1,ascSign|planetHouses,13.4500,6
제주-2000-06-16-06:42,제주,2000-06-16,06:42,-30,1,planetHouses,6.6167,1
제주-2000-06-16-06:42,제주,2000-06-16,06:42,-15,0,,3.2833,0
제주-2000-06-16-06:42,제주,2000-06-16,06:42,-5,0,,1.0833,0
제주-2000-06-16-06:42,제주,2000-06-16,06:42,5,0,,1.0833,0
제주-2000-06-16-06:42,제주,2000-06-16,06:42,15,1,mcSign|planetHouses,3.2500,2
제주-2000-06-16-06:42,제주,2000-06-16,06:42,30,1,mcSign|planetHouses,6.4500,4
제주-2000-06-16-06:42,제주,2000-06-16,06:42,60,1,hourPillar|minggongBranch|bodyPalaceBranch|soulStar|mcSign|planetHouses,12.7833,4
제주-2000-06-16-06:42,제주,2000-06-16,06:42,120,1,hourPillar|minggongBranch|bodyPalaceBranch|soulStar|ascSign|mcSign|planetHouses,25.2667,12
제주-2000-06-16-08:56,제주,2000-06-16,08:56,-120,1,hourPillar|minggongBranch|bodyPalaceBranch|soulStar|ascSign|mcSign|planetHouses,25.1333,11
제주-2000-06-16-08:56,제주,2000-06-16,08:56,-60,1,ascSign|mcSign|planetHouses,12.4500,5
제주-2000-06-16-08:56,제주,2000-06-16,08:56,-30,1,mcSign|planetHouses,6.2167,1
제주-2000-06-16-08:56,제주,2000-06-16,08:56,-15,1,mcSign,3.1000,0
제주-2000-06-16-08:56,제주,2000-06-16,08:56,-5,0,,1.0333,0
제주-2000-06-16-08:56,제주,2000-06-16,08:56,5,0,,1.0333,0
제주-2000-06-16-08:56,제주,2000-06-16,08:56,15,0,,3.1000,0
제주-2000-06-16-08:56,제주,2000-06-16,08:56,30,1,planetHouses,6.2000,1
제주-2000-06-16-08:56,제주,2000-06-16,08:56,60,1,hourPillar|minggongBranch|bodyPalaceBranch|soulStar|planetHouses,12.4333,4
제주-2000-06-16-08:56,제주,2000-06-16,08:56,120,1,hourPillar|minggongBranch|bodyPalaceBranch|soulStar|ascSign|mcSign|planetHouses,24.9500,12
제주-2000-06-16-10:10,제주,2000-06-16,10:10,-120,1,hourPillar|minggongBranch|bodyPalaceBranch|soulStar|mcSign|planetHouses,24.8667,8
제주-2000-06-16-10:10,제주,2000-06-16,10:10,-60,1,hourPillar|minggongBranch|bodyPalaceBranch|soulStar|planetHouses,12.4333,6
제주-2000-06-16-10:10,제주,2000-06-16,10:10,-30,1,planetHouses,6.2333,3
제주-2000-06-16-10:10,제주,2000-06-16,10:10,-15,1,planetHouses,3.1167,2
제주-2000-06-16-10:10,제주,2000-06-16,10:10,-5,1,planetHouses,1.0333,2
제주-2000-06-16-10:10,제주,2000-06-16,10:10,5,1,planetHouses,1.0500,1
제주-2000-06-16-10:10,제주,2000-06-16,10:10,15,1,planetHouses,3.1333,2
제주-2000-06-16-10:10,제주,2000-06-16,10:10,30,1,ascSign|planetHouses,6.2667,5
제주-2000-06-16-10:10,제주,2000-06-16,10:10,60,1,ascSign|mcSign|planetHouses,12.5500,6
제주-2000-06-16-10:10,제주,2000-06-16,10:10,120,1,hourPillar|minggongBranch|bodyPalaceBranch|soulStar|ascSign|mcSign|planetHouses,25.2333,10
제주-2000-06-16-12:24,제주,2000-06-16,12:24,-120,1,hourPillar|minggongBranch|bodyPalaceBranch|soulStar|ascSign|mcSign|planetHouses,25.2833,8
제주-2000-06-16-12:24,제주,2000-06-16,12:24,-60,1,hourPillar|minggongBranch|bodyPalaceBranch|soulStar|planetHouses,12.7000,4
제주-2000-06-16-12:24,제주,2000-06-16,12:24,-30,1,planetHouses,6.3667,2
제주-2000-06-16-12:24,제주,2000-06-16,12:24,-15,0,,3.1833,0
제주-2000-06-16-12:24,제주,2000-06-16,12:24,-5,0,,1.0667,0
제주-2000-06-16-12:24,제주,2000-06-16,12:24,5,1,planetHouses,1.0500,2
제주-2000-06-16-12:24,제주,2000-06-16,12:24,15,1,planetHouses,3.1833,3
제주-2000-06-16-12:24,제주,2000-06-16,12:24,30,1,planetHouses,6.3667,7
제주-2000-06-16-12:24,제주,2000-06-16,12:24,60,1,ascSign|mcSign|planetHouses,12.7333,8
제주-2000-06-16-12:24,제주,2000-06-16,12:24,120,1,hourPillar|minggongBranch|bodyPalaceBranch|soulStar|ascSign|mcSign|planetHouses,25.4167,12
제주-2000-06-16-14:38,제주,2000-06-16,14:38,-120,1,hourPillar|minggongBranch|bodyPalaceBranch|soulStar|ascSign|mcSign|planetHouses,25.4000,9
제주-2000-06-16-14:38,제주,2000-06-16,14:38,-60,1,planetHouses,12.6667,4
제주-2000-06-16-14:38,제주,2000-06-16,14:38,-30,1,planetHouses,6.3167,3
제주-2000-06-16-14:38,제주,2000-06-16,14:38,-15,0,,3.1500,0
제주-2000-06-16-14:38,제주,2000-06-16,14:38,-5,0,,1.0500,0
제주-2000-06-16-14:38,제주,2000-06-16,14:38,5,0,,1.0500,0
제주-2000-06-16-14:38,제주,2000-06-16,14:38,15,1,planetHouses,3.1500,2
제주-2000-06-16-14:38,제주,2000-06-16,14:38,30,1,mcSign|planetHouses,6.3000,5
제주-2000-06-16-14:38,제주,2000-06-16,14:38,60,1,hourPillar|minggongBranch|bodyPalaceBranch|soulStar|ascSign|mcSign|planetHouses,12.5667,8
제주-2000-06-16-14:38,제주,2000-06-16,14:38,120,1,hourPillar|minggongBranch|bodyPalaceBranch|soulStar|ascSign|mcSign|planetHouses,25.0000,11
제주-2000-06-16-16:52,제주,2000-06-16,16:52,-120,1,hourPillar|minggongBranch|bodyPalaceBranch|soulStar|ascSign|mcSign|planetHouses,24.9500,10
제주-2000-06-16-16:52,제주,2000-06-16,16:52,-60,1,planetHouses,12.4333,4
제주-2000-06-16-16:52,제주,2000-06-16,16:52,-30,1,planetHouses,6.2000,3
제주-2000-06-16-16:52,제주,2000-06-16,16:52,-15,1,planetHouses,3.1000,1
제주-2000-06-16-16:52,제주,2000-06-16,16:52,-5,1,planetHouses,1.0333,1
제주-2000-06-16-16:52,제주,2000-06-16,16:52,5,0,,1.0333,0
제주-2000-06-16-16:52,제주,2000-06-16,16:52,15,1,mcSign|planetHouses,3.1000,2
제주-2000-06-16-16:52,제주,2000-06-16,16:52,30,1,mcSign|planetHouses,6.2167,4
제주-2000-06-16-16:52,제주,2000-06-16,16:52,60,1,hourPillar|minggongBranch|bodyPalaceBranch|soulStar|ascSign|mcSign|planetHouses,12.4500,8
제주-2000-06-16-16:52,제주,2000-06-16,16:52,120,1,hourPillar|minggongBranch|bodyPalaceBranch|soulStar|ascSign|mcSign|planetHouses,25.1167,10
제주-2000-06-16-18:06,제주,2000-06-16,18:06,-120,1,hourPillar|minggongBranch|bodyPalaceBranch|soulStar|ascSign|mcSign|planetHouses,24.9000,12
제주-2000-06-16-18:06,제주,2000-06-16,18:06,-60,1,hourPillar|minggongBranch|bodyPalaceBranch|soulStar|ascSign|planetHouses,12.4833,8
제주-2000-06-16-18:06,제주,2000-06-16,18:06,-30,1,ascSign|planetHouses,6.2667,2
제주-2000-06-16-18:06,제주,2000-06-16,18:06,-15,0,,3.1500,0
제주-2000-06-16-18:06,제주,2000-06-16,18:06,-5,0,,1.0500,0
제주-2000-06-16-18:06,제주,2000-06-16,18:06,5,0,,1.0500,0
제주-2000-06-16-18:06,제주,2000-06-16,18:06,15,0,,3.1500,0
제주-2000-06-16-18:06,제주,2000-06-16,18:06,30,1,planetHouses,6.3167,1
제주-2000-06-16-18:06,제주,2000-06-16,18:06,60,1,mcSign|planetHouses,12.7667,4
제주-2000-06-16-18:06,제주,2000-06-16,18:06,120,1,hourPillar|minggongBranch|bodyPalaceBranch|soulStar|ascSign|mcSign|planetHouses,26.1833,12
제주-2000-06-16-20:20,제주,2000-06-16,20:20,-120,1,hourPillar|minggongBranch|bodyPalaceBranch|soulStar|ascSign|mcSign|planetHouses,26.5333,12
제주-2000-06-16-20:20,제주,2000-06-16,20:20,-60,1,hourPillar|minggongBranch|bodyPalaceBranch|soulStar|ascSign|planetHouses,13.6500,7
제주-2000-06-16-20:20,제주,2000-06-16,20:20,-30,1,ascSign|planetHouses,6.9500,3
제주-2000-06-16-20:20,제주,2000-06-16,20:20,-15,1,planetHouses,3.5167,1
제주-2000-06-16-20:20,제주,2000-06-16,20:20,-5,0,,1.1833,0
제주-2000-06-16-20:20,제주,2000-06-16,20:20,5,0,,1.1833,0
제주-2000-06-16-20:20,제주,2000-06-16,20:20,15,0,,3.5833,0
제주-2000-06-16-20:20,제주,2000-06-16,20:20,30,1,mcSign|planetHouses,7.2667,1
제주-2000-06-16-20:20,제주,2000-06-16,20:20,60,1,mcSign|planetHouses,14.9167,6
제주-2000-06-16-20:20,제주,2000-06-16,20:20,120,1,hourPillar|minggongBranch|bodyPalaceBranch|soulStar|ascSign|mcSign|planetHouses,31.7667,12
제주-2000-06-16-22:34,제주,2000-06-16,22:34,-120,1,hourPillar|minggongBranch|bodyPalaceBranch|soulStar|ascSign|mcSign|planetHouses,32.7167,12
제주-2000-06-16-22:34,제주,2000-06-16,22:34,-60,1,ascSign|planetHouses,17.4000,7
제주-2000-06-16-22:34,제주,2000-06-16,22:34,-30,1,planetHouses,9.0000,3
제주-2000-06-16-22:34,제주,2000-06-16,22:34,-15,1,planetHouses,4.5833,3
제주-2000-06-16-22:34,제주,2000-06-16,22:34,-5,1,planetHouses,1.5500,1
제주-2000-06-16-22:34,제주,2000-06-16,22:34,5,0,,1.5667,0
제주-2000-06-16-22:34,제주,2000-06-16,22:34,15,1,mcSign|planetHouses,4.7333,1
제주-2000-06-16-22:34,제주,2000-06-16,22:34,30,1,mcSign|planetHouses,9.6500,4
제주-2000-06-16-22:34,제주,2000-06-16,22:34,60,1,hourPillar|minggongBranch|bodyPalaceBranch|soulStar|ascSign|mcSign|planetHouses,19.9500,9
제주-2000-06-16-22:34,제주,2000-06-16,22:34,120,1,dayPillar|hourPillar|minggongBranch|bodyPalaceBranch|soulStar|ascSign|mcSign|planetHouses,42.1333,12
제주-2000-07-23-00:00,제주,2000-07-23,00:00,-120,1,hourPillar|minggongBranch|bodyPalaceBranch|soulStar|ascSign|mcSign|planetHouses,44.8000,12
제주-2000-07-23-00:00,제주,2000-07-23,00:00,-60,1,hourPillar|minggongBranch|bodyPalaceBranch|soulStar|ascSign|planetHouses,21.9000,4
제주-2000-07-23-00:00,제주,2000-07-23,00:00,-30,1,hourPillar|minggongBranch|bodyPalaceBranch|soulStar|ascSign|planetHouses,10.7167,2
제주-2000-07-23-00:00,제주,2000-07-23,00:00,-15,1,ascSign,5.2833,0
제주-2000-07-23-00:00,제주,2000-07-23,00:00,-5,0,,1.7500,0
제주-2000-07-23-00:00,제주,2000-07-23,00:00,5,1,planetHouses,1.7333,1
제주-2000-07-23-00:00,제주,2000-07-23,00:00,15,1,planetHouses,5.1333,3
제주-2000-07-23-00:00,제주,2000-07-23,00:00,30,1,planetHouses,10.1000,6
제주-2000-07-23-00:00,제주,2000-07-23,00:00,60,1,dayPillar|mcSign|planetHouses,19.5333,9
제주-2000-07-23-00:00,제주,2000-07-23,00:00,120,1,dayPillar|hourPillar|minggongBranch|bodyPalaceBranch|soulStar|ascSign|mcSign|planetHouses,36.5500,12
제주-2000-07-23-02:14,제주,2000-07-23,02:14,-120,1,dayPillar|hourPillar|minggongBranch|bodyPalaceBranch|soulStar|ascSign|mcSign|planetHouses,35.4167,12
제주-2000-07-23-02:14,제주,2000-07-23,02:14,-60,1,hourPillar|minggongBranch|bodyPalaceBranch|soulStar|ascSign|planetHouses,16.5000,8
제주-2000-07-23-02:14,제주,2000-07-23,02:14,-30,1,planetHouses,7.9833,5
제주-2000-07-23-02:14,제주,2000-07-23,02:14,-15,1,planetHouses,3.9333,1
제주-2000-07-23-02:14,제주,2000-07-23,02:14,-5,0,,1.3000,0
제주-2000-07-23-02:14,제주,2000-07-23,02:14,5,0,,1.2833,0
제주-2000-07-23-02:14,제주,2000-07-23,02:14,15,1,planetHouses,3.8167,1
제주-2000-07-23-02:14,제주,2000-07-23,02:14,30,1,mcSign|planetHouses,7.5333,3
제주-2000-07-23-02:14,제주,2000-07-23,02:14,60,1,mcSign|planetHouses,14.6833,5
제주-2000-07-23-02:14,제주,2000-07-23,02:14,120,1,hourPillar|minggongBranch|bodyPalaceBranch|soulStar|ascSign|mcSign|planetHouses,28.1667,11
제주-2000-07-23-04:28,제주,2000-07-23,04:28,-120,1,hourPillar|minggongBranch|bodyPalaceBranch|soulStar|ascSign|mcSign|planetHouses,27.6333,12
제주-2000-07-23-04:28,제주,2000-07-23,04:28,-60,1,hourPillar|minggongBranch|bodyPalaceBranch|soulStar|planetHouses,13.2833,10
제주-2000-07-23-04:28,제주,2000-07-23,04:28,-30,1,planetHouses,6.5500,5
제주-2000-07-23-04:28,제주,2000-07-23,04:28,-15,1,planetHouses,3.2500,3
제주-2000-07-23-04:28,제주,2000-07-23,04:28,-5,1,planetHouses,1.0833,2
제주-2000-07-23-04:28,제주,2000-07-23,04:28,5,1,mcSign,1.0833,0
제주-2000-07-23-04:28,제주,2000-07-23,04:28,15,1,mcSign,3.2167,0
제주-2000-07-23-04:28,제주,2000-07-23,04:28,30,1,mcSign|planetHouses,6.4000,1
제주-2000-07-23-04:28,제주,2000-07-23,04:28,60,1,mcSign|planetHouses,12.7000,5
제주-2000-07-23-04:28,제주,2000-07-23,04:28,120,1,hourPillar|minggongBranch|bodyPalaceBranch|soulStar|ascSign|mcSign|planetHouses,25.1667,10
제주-2000-07-23-06:42,제주,2000-07-23,06:42,-120,1,hourPillar|minggongBranch|bodyPalaceBranch|soulStar|ascSign|mcSign|planetHouses,25.0500,11
제주-2000-07-23-06:42,제주,2000-07-23,06:42,-60,1,ascSign|mcSign|planetHouses,12.4333,6
제주-2000-07-23-06:42,제주,2000-07-23,06:42,-30,1,mcSign|planetHouses,6.2000,3
제주-2000-07-23-06:42,제주,2000-07-23,06:42,-15,1,planetHouses,3.1000,2
제주-2000-07-23-06:42,제주,2000-07-23,06:42,-5,1,planetHouses,1.0333,2
제주-2000-07-23-06:42,제주,2000-07-23,06:42,5,1,planetHouses,1.0333,1
제주-2000-07-23-06:42,제주,2000-07-23,06:42,15,1,planetHouses,3.1167,1
제주-2000-07-23-06:42,제주,2000-07-23,06:42,30,1,planetHouses,6.2167,1
제주-2000-07-23-06:42,제주,2000-07-23,06:42,60,1,hourPillar|minggongBranch|bodyPalaceBranch|soulStar|planetHouses,12.4500,6
제주-2000-07-23-06:42,제주,2000-07-23,06:42,120,1,hourPillar|minggongBranch|bodyPalaceBranch|soulStar|ascSign|mcSign|planetHouses,25.0000,10
제주-2000-07-23-08:56,제주,2000-07-23,08:56,-120,1,hourPillar|minggongBranch|bodyPalaceBranch|soulStar|ascSign|mcSign|planetHouses,25.0333,10
제주-2000-07-23-08:56,제주,2000-07-23,08:56,-60,1,ascSign|mcSign|planetHouses,12.5667,5
제주-2000-07-23-08:56,제주,2000-07-23,08:56,-30,1,planetHouses,6.3000,2
제주-2000-07-23-08:56,제주,2000-07-23,08:56,-15,1,planetHouses,3.1500,1
제주-2000-07-23-08:56,제주,2000-07-23,08:56,-5,1,planetHouses,1.0500,1
제주-2000-07-23-08:56,제주,2000-07-23,08:56,5,1,planetHouses,1.0667,1
제주-2000-07-23-08:56,제주,2000-07-23,08:56,15,1,planetHouses,3.1667,2
제주-2000-07-23-08:56,제주,2000-07-23,08:56,30,1,planetHouses,6.3333,2
제주-2000-07-23-08:56,제주,2000-07-23,08:56,60,1,hourPillar|minggongBranch|bodyPalaceBranch|soulStar|planetHouses,12.7000,7
제주-2000-07-23-08:56,제주,2000-07-23,08:56,120,1,hourPillar|minggongBranch|bodyPalaceBranch|soulStar|ascSign|mcSign|planetHouses,25.4333,10
제주-2000-07-23-10:10,제주,2000-07-23,10:10,-120,1,hourPillar|minggongBranch|bodyPalaceBranch|soulStar|mcSign|planetHouses,25.3167,11
제주-2000-07-23-10:10,제주,2000-07-23,10:10,-60,1,hourPillar|minggongBranch|bodyPalaceBranch|soulStar|planetHouses,12.7167,5
제주-2000-07-23-10:10,제주,2000-07-23,10:10,-30,1,planetHouses,6.3667,3
제주-2000-07-23-10:10,제주,2000-07-23,10:10,-15,0,,3.1833,0
제주-2000-07-23-10:10,제주,2000-07-23,10:10,-5,0,,1.0667,0
제주-2000-07-23-10:10,제주,2000-07-23,10:10,5,0,,1.0500,0
제주-2000-07-23-10:10,제주,2000-07-23,10:10,15,1,planetHouses,3.1833,1
제주-2000-07-23-10:10,제주,2000-07-23,10:10,30,1,ascSign|mcSign|planetHouses,6.3667,2
제주-2000-07-23-10:10,제주,2000-07-23,10:10,60,1,ascSign|mcSign|planetHouses,12.7333,4
제주-2000-07-23-10:10,제주,2000-07-23,10:10,120,1,hourPillar|minggongBranch|bodyPalaceBranch|soulStar|ascSign|mcSign|planetHouses,25.4000,9
제주-2000-07-23-12:24,제주,2000-07-23,12:24,-120,1,hourPillar|minggongBranch|bodyPalaceBranch|soulStar|ascSign|mcSign|planetHouses,25.3833,11
제주-2000-07-23-12:24,제주,2000-07-23,12:24,-60,1,hourPillar|minggongBranch|bodyPalaceBranch|soulStar|planetHouses,12.6500,6
제주-2000-07-23-12:24,제주,2000-07-23,12:24,-30,1,planetHouses,6.3167,3
제주-2000-07-23-12:24,제주,2000-07-23,12:24,-15,1,planetHouses,3.1500,3
제주-2000-07-23-12:24,제주,2000-07-23,12:24,-5,0,,1.0500,0
제주-2000-07-23-12:24,제주,2000-07-23,12:24,5,0,,1.0500,0
제주-2000-07-23-12:24,제주,2000-07-23,12:24,15,1,mcSign,3.1500,0
제주-2000-07-23-12:24,제주,2000-07-23,12:24,30,1,ascSign|mcSign|planetHouses,6.2833,2
제주-2000-07-23-12:24,제주,2000-07-23,12:24,60,1,ascSign|mcSign|planetHouses,12.5333,4
제주-2000-07-23-12:24,제주,2000-07-23,12:24,120,1,hourPillar|minggongBranch|bodyPalaceBranch|soulStar|ascSign|mcSign|planetHouses,24.9667,9
제주-2000-07-23-14:38,제주,2000-07-23,14:38,-120,1,hourPillar|minggongBranch|bodyPalaceBranch|soulStar|ascSign|mcSign|planetHouses,24.9333,12
제주-2000-07-23-14:38,제주,2000-07-23,14:38,-60,1,mcSign|planetHouses,12.4333,6
제주-2000-07-23-14:38,제주,2000-07-23,14:38,-30,1,mcSign|planetHouses,6.2167,3
제주-2000-07-23-14:38,제주,2000-07-23,14:38,-15,1,mcSign|planetHouses,3.1000,3
제주-2000-07-23-14:38,제주,2000-07-23,14:38,-5,1,mcSign|planetHouses,1.0333,3
제주-2000-07-23-14:38,제주,2000-07-23,14:38,5,0,,1.0333,0
제주-2000-07-23-14:38,제주,2000-07-23,14:38,15,0,,3.1000,0
제주-2000-07-23-14:38,제주,2000-07-23,14:38,30,1,planetHouses,6.2167,1
제주-2000-07-23-14:38,제주,2000-07-23,14:38,60,1,hourPillar|minggongBranch|bodyPalaceBranch|soulStar|ascSign|planetHouses,12.4667,5
제주-2000-07-23-14:38,제주,2000-07-23,14:38,120,1,hourPillar|minggongBranch|bodyPalaceBranch|soulStar|ascSign|mcSign|planetHouses,25.2167,9
제주-2000-07-23-16:52,제주,2000-07-23,16:52,-120,1,hourPillar|minggongBranch|bodyPalaceBranch|soulStar|ascSign|mcSign|planetHouses,25.3667,9
제주-2000-07-23-16:52,제주,2000-07-23,16:52,-60,1,mcSign|planetHouses,12.8667,4
제주-2000-07-23-16:52,제주,2000-07-23,16:52,-30,1,mcSign|planetHouses,6.5000,1
제주-2000-07-23-16:52,제주,2000-07-23,16:52,-15,1,planetHouses,3.2667,1
제주-2000-07-23-16:52,제주,2000-07-23,16:52,-5,1,planetHouses,1.1000,1
제주-2000-07-23-16:52,제주,2000-07-23,16:52,5,1,planetHouses,1.1000,3
제주-2000-07-23-16:52,제주,2000-07-23,16:52,15,1,planetHouses,3.3167,3
제주-2000-07-23-16:52,제주,2000-07-23,16:52,30,1,planetHouses,6.6833,5
제주-2000-07-23-16:52,제주,2000-07-23,16:52,60,1,hourPillar|minggongBranch|bodyPalaceBranch|soulStar|ascSign|planetHouses,13.6000,8
제주-2000-07-23-16:52,제주,2000-07-23,16:52,120,1,hourPillar|minggongBranch|bodyPalaceBranch|soulStar|ascSign|mcSign|planetHouses,28.4667,12
제주-2000-07-23-18:06,제주,2000-07-23,18:06,-120,1,hourPillar|minggongBranch|bodyPalaceBranch|soulStar|ascSign|mcSign|planetHouses,26.8333,11
제주-2000-07-23-18:06,제주,2000-07-23,18:06,-60,1,hourPillar|minggongBranch|bodyPalaceBranch|soulStar|ascSign|planetHouses,13.8500,6
제주-2000-07-23-18:06,제주,2000-07-23,18:06,-30,1,planetHouses,7.0667,2
제주-2000-07-23-18:06,제주,2000-07-23,18:06,-15,1,planetHouses,3.5667,1
제주-2000-07-23-18:06,제주,2000-07-23,18:06,-5,0,,1.2000,0
제주-2000-07-23-18:06,제주,2000-07-23,18:06,5,0,,1.2000,0
제주-2000-07-23-18:06,제주,2000-07-23,18:06,15,1,mcSign,3.6500,0
제주-2000-07-23-18:06,제주,2000-07-23,18:06,30,1,mcSign|planetHouses,7.4000,3
제주-2000-07-23-18:06,제주,2000-07-23,18:06,60,1,mcSign|planetHouses,15.2333,4
제주-2000-07-23-18:06,제주,2000-07-23,18:06,120,1,hourPillar|minggongBranch|bodyPalaceBranch|soulStar|ascSign|mcSign|planetHouses,32.5333,11
제주-2000-07-23-20:20,제주,2000-07-23,20:20,-120,1,hourPillar|minggongBranch|bodyPalaceBranch|soulStar|ascSign|mcSign|planetHouses,33.5333,12
제주-2000-07-23-20:20,제주,2000-07-23,20:20,-60,1,hourPillar|minggongBranch|bodyPalaceBranch|soulStar|ascSign|mcSign|planetHouses,17.8667,7
제주-2000-07-23-20:20,제주,2000-07-23,20:20,-30,1,mcSign|planetHouses,9.2500,4
제주-2000-07-23-20:20,제주,2000-07-23,20:20,-15,1,mcSign|planetHouses,4.7000,2
제주-2000-07-23-20:20,제주,2000-07-23,20:20,-5,1,mcSign,1.5833,0
제주-2000-07-23-20:20,제주,2000-07-23,20:20,5,0,,1.6000,0
제주-2000-07-23-20:20,제주,2000-07-23,20:20,15,0,,4.8667,0
제주-2000-07-23-20:20,제주,2000-07-23,20:20,30,1,planetHouses,9.9000,2
제주-2000-07-23-20:20,제주,2000-07-23,20:20,60,1,ascSign|planetHouses,20.4333,7
제주-2000-07-23-20:20,제주,2000-07-23,20:20,120,1,hourPillar|minggongBranch|bodyPalaceBranch|soulStar|ascSign|planetHouses,42.9000,12
제주-2000-07-23-22:34,제주,2000-07-23,22:34,-120,1,hourPillar|minggongBranch|bodyPalaceBranch|soulStar|ascSign|mcSign|planetHouses,43.7333,12
제주-2000-07-23-22:34,제주,2000-07-23,22:34,-60,1,ascSign|mcSign|planetHouses,22.7333,8
제주-2000-07-23-22:34,제주,2000-07-23,22:34,-30,1,ascSign|mcSign|planetHouses,11.4667,5
제주-2000-07-23-22:34,제주,2000-07-23,22:34,-15,1,ascSign|mcSign|planetHouses,5.7500,4
제주-2000-07-23-22:34,제주,2000-07-23,22:34,-5,1,planetHouses,1.9167,3
제주-2000-07-23-22:34,제주,2000-07-23,22:34,5,0,,1.9167,0
제주-2000-07-23-22:34,제주,2000-07-23,22:34,15,1,planetHouses,5.7333,1
제주-2000-07-23-22:34,제주,2000-07-23,22:34,30,1,planetHouses,11.4167,2
제주-2000-07-23-22:34,제주,2000-07-23,22:34,60,1,hourPillar|minggongBranch|bodyPalaceBranch|soulStar|planetHouses,22.5000,5
제주-2000-07-23-22:34,제주,2000-07-23,22:34,120,1,dayPillar|hourPillar|minggongBranch|bodyPalaceBranch|soulStar|ascSign|planetHouses,42.9667,12
제주-2000-08-03-00:00,제주,2000-08-03,00:00,-120,1,hourPillar|minggongBranch|bodyPalaceBranch|soulStar|ascSign|mcSign|planetHouses,42.6333,12
제주-2000-08-03-00:00,제주,2000-08-03,00:00,-60,1,hourPillar|minggongBranch|bodyPalaceBranch|soulStar|ascSign|mcSign|planetHouses,20.2667,9
제주-2000-08-03-00:00,제주,2000-08-03,00:00,-30,1,hourPillar|minggongBranch|bodyPalaceBranch|soulStar|mcSign|planetHouses,9.8167,4
제주-2000-08-03-00:00,제주,2000-08-03,00:00,-15,1,mcSign|planetHouses,4.8167,1
제주-2000-08-03-00:00,제주,2000-08-03,00:00,-5,1,mcSign,1.6000,0
제주-2000-08-03-00:00,제주,2000-08-03,00:00,5,1,planetHouses,1.5667,1
제주-2000-08-03-00:00,제주,2000-08-03,00:00,15,1,planetHouses,4.6500,1
제주-2000-08-03-00:00,제주,2000-08-03,00:00,30,1,planetHouses,9.1500,2
제주-2000-08-03-00:00,제주,2000-08-03,00:00,60,1,dayPillar|ascSign|planetHouses,17.6833,4
제주-2000-08-03-00:00,제주,2000-08-03,00:00,120,1,dayPillar|hourPillar|minggongBranch|bodyPalaceBranch|soulStar|ascSign|mcSign|planetHouses,33.2167,12
제주-2000-08-03-02:14,제주,2000-08-03,02:14,-120,1,dayPillar|hourPillar|minggongBranch|bodyPalaceBranch|soulStar|ascSign|mcSign|planetHouses,32.2500,12
제주-2000-08-03-02:14,제주,2000-08-03,02:14,-60,1,hourPillar|minggongBranch|bodyPalaceBranch|soulStar|mcSign|planetHouses,15.1333,5
제주-2000-08-03-02:14,제주,2000-08-03,02:14,-30,1,mcSign|planetHouses,7.3500,1
제주-2000-08-03-02:14,제주,2000-08-03,02:14,-15,1,planetHouses,3.6333,1
제주-2000-08-03-02:14,제주,2000-08-03,02:14,-5,0,,1.2000,0
제주-2000-08-03-02:14,제주,2000-08-03,02:14,5,0,,1.1833,0
제주-2000-08-03-02:14,제주,2000-08-03,02:14,15,1,planetHouses,3.5333,1
제주-2000-08-03-02:14,제주,2000-08-03,02:14,30,1,ascSign|planetHouses,7.0000,1
제주-2000-08-03-02:14,제주,2000-08-03,02:14,60,1,ascSign|planetHouses,13.7500,7
제주-2000-08-03-02:14,제주,2000-08-03,02:14,120,1,hourPillar|minggongBranch|bodyPalaceBranch|soulStar|ascSign|mcSign|planetHouses,26.7167,12
제주-2000-08-03-04:28,제주,2000-08-03,04:28,-120,1,hourPillar|minggongBranch|bodyPalaceBranch|soulStar|ascSign|mcSign|planetHouses,26.3667,12
제주-2000-08-03-04:28,제주,2000-08-03,04:28,-60,1,hourPillar|minggongBranch|bodyPalaceBranch|soulStar|mcSign|planetHouses,12.8333,4
제주-2000-08-03-04:28,제주,2000-08-03,04:28,-30,1,planetHouses,6.3500,2
제주-2000-08-03-04:28,제주,2000-08-03,04:28,-15,1,planetHouses,3.1667,1
제주-2000-08-03-04:28,제주,2000-08-03,04:28,-5,1,planetHouses,1.0500,1
제주-2000-08-03-04:28,제주,2000-08-03,04:28,5,1,planetHouses,1.0500,2
제주-2000-08-03-04:28,제주,2000-08-03,04:28,15,1,planetHouses,3.1333,2
제주-2000-08-03-04:28,제주,2000-08-03,04:28,30,1,planetHouses,6.2667,3
제주-2000-08-03-04:28,제주,2000-08-03,04:28,60,1,ascSign|planetHouses,12.5000,8
제주-2000-08-03-04:28,제주,2000-08-03,04:28,120,1,hourPillar|minggongBranch|bodyPalaceBranch|soulStar|ascSign|mcSign|planetHouses,24.9167,11
제주-2000-08-03-06:42,제주,2000-08-03,06:42,-120,1,hourPillar|minggongBranch|bodyPalaceBranch|soulStar|ascSign|mcSign|planetHouses,24.8833,9
제주-2000-08-03-06:42,제주,2000-08-03,06:42,-60,1,planetHouses,12.4333,4
제주-2000-08-03-06:42,제주,2000-08-03,06:42,-30,1,planetHouses,6.2167,1
제주-2000-08-03-06:42,제주,2000-08-03,06:42,-15,1,planetHouses,3.1167,1
제주-2000-08-03-06:42,제주,2000-08-03,06:42,-5,0,,1.0333,0
제주-2000-08-03-06:42,제주,2000-08-03,06:42,5,1,planetHouses,1.0333,1
제주-2000-08-03-06:42,제주,2000-08-03,06:42,15,1,planetHouses,3.1167,3
제주-2000-08-03-06:42,제주,2000-08-03,06:42,30,1,planetHouses,6.2333,5
제주-2000-08-03-06:42,제주,2000-08-03,06:42,60,1,hourPillar|minggongBranch|bodyPalaceBranch|soulStar|ascSign|mcSign|planetHouses,12.5167,8
제주-2000-08-03-06:42,제주,2000-08-03,06:42,120,1,hourPillar|minggongBranch|bodyPalaceBranch|soulStar|ascSign|mcSign|planetHouses,25.1500,11
제주-2000-08-03-08:56,제주,2000-08-03,08:56,-120,1,hourPillar|minggongBranch|bodyPalaceBranch|soulStar|ascSign|mcSign|planetHouses,25.2167,9
제주-2000-08-03-08:56,제주,2000-08-03,08:56,-60,1,planetHouses,12.6667,4
제주-2000-08-03-08:56,제주,2000-08-03,08:56,-30,1,planetHouses,6.3500,1
제주-2000-08-03-08:56,제주,2000-08-03,08:56,-15,1,planetHouses,3.1833,1
제주-2000-08-03-08:56,제주,2000-08-03,08:56,-5,0,,1.0667,0
제주-2000-08-03-08:56,제주,2000-08-03,08:56,5,0,,1.0500,0
제주-2000-08-03-08:56,제주,2000-08-03,08:56,15,1,planetHouses,3.1667,4
제주-2000-08-03-08:56,제주,2000-08-03,08:56,30,1,planetHouses,6.3500,5
제주-2000-08-03-08:56,제주,2000-08-03,08:56,60,1,hourPillar|minggongBranch|bodyPalaceBranch|soulStar|ascSign|mcSign|planetHouses,12.7167,7
제주-2000-08-03-08:56,제주,2000-08-03,08:56,120,1,hourPillar|minggongBranch|bodyPalaceBranch|soulStar|ascSign|mcSign|planetHouses,25.4333,11
제주-2000-08-03-10:10,제주,2000-08-03,10:10,-120,1,hourPillar|minggongBranch|bodyPalaceBranch|soulStar|ascSign|mcSign|planetHouses,25.4167,10
제주-2000-08-03-10:10,제주,2000-08-03,10:10,-60,1,hourPillar|minggongBranch|bodyPalaceBranch|soulStar|ascSign|mcSign|planetHouses,12.7333,4
제주-2000-08-03-10:10,제주,2000-08-03,10:10,-30,1,ascSign|mcSign|planetHouses,6.3667,3
제주-2000-08-03-10:10,제주,2000-08-03,10:10,-15,1,planetHouses,3.1833,1
제주-2000-08-03-10:10,제주,2000-08-03,10:10,-5,0,,1.0667,0
제주-2000-08-03-10:10,제주,2000-08-03,10:10,5,0,,1.0500,0
제주-2000-08-03-10:10,제주,2000-08-03,10:10,15,1,planetHouses,3.1833,2
제주-2000-08-03-10:10,제주,2000-08-03,10:10,30,1,planetHouses,6.3500,2
제주-2000-08-03-10:10,제주,2000-08-03,10:10,60,1,planetHouses,12.7000,4
제주-2000-08-03-10:10,제주,2000-08-03,10:10,120,1,hourPillar|minggongBranch|bodyPalaceBranch|soulStar|ascSign|mcSign|planetHouses,25.2833,10
제주-2000-08-03-12:24,제주,2000-08-03,12:24,-120,1,hourPillar|minggongBranch|bodyPalaceBranch|soulStar|ascSign|mcSign|planetHouses,25.2500,11
제주-2000-08-03-12:24,제주,2000-08-03,12:24,-60,1,hourPillar|minggongBranch|bodyPalaceBranch|soulStar|ascSign|mcSign|planetHouses,12.5667,7
제주-2000-08-03-12:24,제주,2000-08-03,12:24,-30,1,ascSign|mcSign|planetHouses,6.2667,3
제주-2000-08-03-12:24,제주,2000-08-03,12:24,-15,1,planetHouses,3.1333,2
제주-2000-08-03-12:24,제주,2000-08-03,12:24,-5,0,,1.0500,0
제주-2000-08-03-12:24,제주,2000-08-03,12:24,5,0,,1.0333,0
제주-2000-08-03-12:24,제주,2000-08-03,12:24,15,0,,3.1167,0
제주-2000-08-03-12:24,제주,2000-08-03,12:24,30,1,planetHouses,6.2333,2
제주-2000-08-03-12:24,제주,2000-08-03,12:24,60,1,planetHouses,12.4500,5
제주-2000-08-03-12:24,제주,2000-08-03,12:24,120,1,hourPillar|minggongBranch|bodyPalaceBranch|soulStar|mcSign|planetHouses,24.8667,10
제주-2000-08-03-14:38,제주,2000-08-03,14:38,-120,1,hourPillar|minggongBranch|bodyPalaceBranch|soulStar|ascSign|mcSign|planetHouses,24.8667,12
제주-2000-08-03-14:38,제주,2000-08-03,14:38,-60,1,ascSign|mcSign|planetHouses,12.4333,6
제주-2000-08-03-14:38,제주,2000-08-03,14:38,-30,1,ascSign|planetHouses,6.2333,3
제주-2000-08-03-14:38,제주,2000-08-03,14:38,-15,1,ascSign|planetHouses,3.1167,2
제주-2000-08-03-14:38,제주,2000-08-03,14:38,-5,0,,1.0333,0
제주-2000-08-03-14:38,제주,2000-08-03,14:38,5,0,,1.0500,0
제주-2000-08-03-14:38,제주,2000-08-03,14:38,15,0,,3.1333,0
제주-2000-08-03-14:38,제주,2000-08-03,14:38,30,1,planetHouses,6.2833,2
제주-2000-08-03-14:38,제주,2000-08-03,14:38,60,1,hourPillar|minggongBranch|bodyPalaceBranch|soulStar|planetHouses,12.6500,5
제주-2000-08-03-14:38,제주,2000-08-03,14:38,120,1,hourPillar|minggongBranch|bodyPalaceBranch|soulStar|mcSign|planetHouses,25.8167,11
제주-2000-08-03-16:52,제주,2000-08-03,16:52,-120,1,hourPillar|minggongBranch|bodyPalaceBranch|soulStar|ascSign|mcSign|planetHouses,26.0833,12
제주-2000-08-03-16:52,제주,2000-08-03,16:52,-60,1,ascSign|planetHouses,13.3500,7
제주-2000-08-03-16:52,제주,2000-08-03,16:52,-30,1,ascSign|planetHouses,6.7833,3
제주-2000-08-03-16:52,제주,2000-08-03,16:52,-15,1,ascSign|planetHouses,3.4167,2
제주-2000-08-03-16:52,제주,2000-08-03,16:52,-5,1,ascSign|planetHouses,1.1500,1
제주-2000-08-03-16:52,제주,2000-08-03,16:52,5,0,,1.1500,0
제주-2000-08-03-16:52,제주,2000-08-03,16:52,15,1,planetHouses,3.4833,1
제주-2000-08-03-16:52,제주,2000-08-03,16:52,30,1,planetHouses,7.0500,2
제주-2000-08-03-16:52,제주,2000-08-03,16:52,60,1,hourPillar|minggongBranch|bodyPalaceBranch|soulStar|mcSign|planetHouses,14.4500,4
제주-2000-08-03-16:52,제주,2000-08-03,16:52,120,1,hourPillar|minggongBranch|bodyPalaceBranch|soulStar|ascSign|mcSign|planetHouses,30.6167,10
제주-2000-08-03-18:06,제주,2000-08-03,18:06,-120,1,hourPillar|minggongBranch|bodyPalaceBranch|soulStar|ascSign|mcSign|planetHouses,28.3333,12
제주-2000-08-03-18:06,제주,2000-08-03,18:06,-60,1,hourPillar|minggongBranch|bodyPalaceBranch|soulStar|mcSign|planetHouses,14.7833,5
제주-2000-08-03-18:06,제주,2000-08-03,18:06,-30,1,mcSign|planetHouses,7.5833,3
제주-2000-08-03-18:06,제주,2000-08-03,18:06,-15,1,planetHouses,3.8333,2
제주-2000-08-03-18:06,제주,2000-08-03,18:06,-5,0,,1.2833,0
제주-2000-08-03-18:06,제주,2000-08-03,18:06,5,0,,1.3167,0
제주-2000-08-03-18:06,제주,2000-08-03,18:06,15,0,,3.9667,0
제주-2000-08-03-18:06,제주,2000-08-03,18:06,30,1,planetHouses,8.0667,4
제주-2000-08-03-18:06,제주,2000-08-03,18:06,60,1,ascSign|planetHouses,16.6667,6
제주-2000-08-03-18:06,제주,2000-08-03,18:06,120,1,hourPillar|minggongBranch|bodyPalaceBranch|soulStar|ascSign|mcSign|planetHouses,35.7667,11
제주-2000-08-03-20:20,제주,2000-08-03,20:20,-120,1,hourPillar|minggongBranch|bodyPalaceBranch|soulStar|ascSign|mcSign|planetHouses,36.9000,12
제주-2000-08-03-20:20,제주,2000-08-03,20:20,-60,1,hourPillar|minggongBranch|bodyPalaceBranch|soulStar|mcSign|planetHouses,19.7167,10
제주-2000-08-03-20:20,제주,2000-08-03,20:20,-30,1,planetHouses,10.1833,7
제주-2000-08-03-20:20,제주,2000-08-03,20:20,-15,1,planetHouses,5.1667,5
제주-2000-08-03-20:20,제주,2000-08-03,20:20,-5,1,planetHouses,1.7333,1
제주-2000-08-03-20:20,제주,2000-08-03,20:20,5,1,ascSign,1.7667,0
제주-2000-08-03-20:20,제주,2000-08-03,20:20,15,1,ascSign,5.3333,0
제주-2000-08-03-20:20,제주,2000-08-03,20:20,30,1,ascSign|planetHouses,10.8000,2
제주-2000-08-03-20:20,제주,2000-08-03,20:20,60,1,ascSign|planetHouses,22.0500,4
제주-2000-08-03-20:20,제주,2000-08-03,20:20,120,1,hourPillar|minggongBranch|bodyPalaceBranch|soulStar|ascSign|mcSign|planetHouses,44.9333,12
제주-2000-08-03-22:34,제주,2000-08-03,22:34,-120,1,hourPillar|minggongBranch|bodyPalaceBranch|soulStar|ascSign|mcSign|planetHouses,45.2000,12
제주-2000-08-03-22:34,제주,2000-08-03,22:34,-60,1,ascSign|mcSign|planetHouses,22.7833,10
제주-2000-08-03-22:34,제주,2000-08-03,22:34,-30,1,planetHouses,11.3000,2
제주-2000-08-03-22:34,제주,2000-08-03,22:34,-15,1,planetHouses,5.6167,1
제주-2000-08-03-22:34,제주,2000-08-03,22:34,-5,1,planetHouses,1.8667,1
제주-2000-08-03-22:34,제주,2000-08-03,22:34,5,0,,1.8333,0
제주-2000-08-03-22:34,제주,2000-08-03,22:34,15,0,,5.5000,0
제주-2000-08-03-22:34,제주,2000-08-03,22:34,30,1,planetHouses,10.8667,2
제주-2000-08-03-22:34,제주,2000-08-03,22:34,60,1,hourPillar|minggongBranch|bodyPalaceBranch|soulStar|ascSign|planetHouses,21.1500,7
제주-2000-08-03-22:34,제주,2000-08-03,22:34,120,1,dayPillar|hourPillar|minggongBranch|bodyPalaceBranch|soulStar|ascSign|mcSign|planetHouses,39.7500,12
제주-2000-09-10-00:00,제주,2000-09-10,00:00,-120,1,hourPillar|minggongBranch|bodyPalaceBranch|soulStar|ascSign|mcSign|planetHouses,31.2667,12
제주-2000-09-10-00:00,제주,2000-09-10,00:00,-60,1,hourPillar|minggongBranch|bodyPalaceBranch|soulStar|mcSign|planetHouses,14.7167,5
제주-2000-09-10-00:00,제주,2000-09-10,00:00,-30,1,hourPillar|minggongBranch|bodyPalaceBranch|soulStar|planetHouses,7.1667,1
제주-2000-09-10-00:00,제주,2000-09-10,00:00,-15,1,planetHouses,3.5500,1
제주-2000-09-10-00:00,제주,2000-09-10,00:00,-5,1,planetHouses,1.1667,1
제주-2000-09-10-00:00,제주,2000-09-10,00:00,5,0,,1.1667,0
제주-2000-09-10-00:00,제주,2000-09-10,00:00,15,1,ascSign|planetHouses,3.4667,2
제주-2000-09-10-00:00,제주,2000-09-10,00:00,30,1,ascSign|planetHouses,6.8667,3
제주-2000-09-10-00:00,제주,2000-09-10,00:00,60,1,dayPillar|ascSign|planetHouses,13.5167,7
제주-2000-09-10-00:00,제주,2000-09-10,00:00,120,1,dayPillar|hourPillar|minggongBranch|bodyPalaceBranch|soulStar|ascSign|mcSign|planetHouses,26.3167,11
제주-2000-09-10-02:14,제주,2000-09-10,02:14,-120,1,dayPillar|hourPillar|minggongBranch|bodyPalaceBranch|soulStar|mcSign|planetHouses,26.0167,12
제주-2000-09-10-02:14,제주,2000-09-10,02:14,-60,1,hourPillar|minggongBranch|bodyPalaceBranch|soulStar|mcSign|planetHouses,12.7000,5
제주-2000-09-10-02:14,제주,2000-09-10,02:14,-30,1,planetHouses,6.3000,4
제주-2000-09-10-02:14,제주,2000-09-10,02:14,-15,1,planetHouses,3.1333,2
제주-2000-09-10-02:14,제주,2000-09-10,02:14,-5,1,planetHouses,1.0333,1
제주-2000-09-10-02:14,제주,2000-09-10,02:14,5,0,,1.0500,0
제주-2000-09-10-02:14,제주,2000-09-10,02:14,15,1,planetHouses,3.1333,1
제주-2000-09-10-02:14,제주,2000-09-10,02:14,30,1,ascSign|planetHouses,6.2500,2
제주-2000-09-10-02:14,제주,2000-09-10,02:14,60,1,ascSign|mcSign|planetHouses,12.4667,5
제주-2000-09-10-02:14,제주,2000-09-10,02:14,120,1,hourPillar|minggongBranch|bodyPalaceBranch|soulStar|ascSign|mcSign|planetHouses,24.8833,12
제주-2000-09-10-04:28,제주,2000-09-10,04:28,-120,1,hourPillar|minggongBranch|bodyPalaceBranch|soulStar|ascSign|mcSign|planetHouses,24.8667,12
제주-2000-09-10-04:28,제주,2000-09-10,04:28,-60,1,hourPillar|minggongBranch|bodyPalaceBranch|soulStar|planetHouses,12.4333,8
제주-2000-09-10-04:28,제주,2000-09-10,04:28,-30,1,planetHouses,6.2333,4
제주-2000-09-10-04:28,제주,2000-09-10,04:28,-15,1,planetHouses,3.1167,1
제주-2000-09-10-04:28,제주,2000-09-10,04:28,-5,0,,1.0333,0
제주-2000-09-10-04:28,제주,2000-09-10,04:28,5,1,planetHouses,1.0333,1
제주-2000-09-10-04:28,제주,2000-09-10,04:28,15,1,planetHouses,3.1333,1
제주-2000-09-10-04:28,제주,2000-09-10,04:28,30,1,ascSign|planetHouses,6.2500,1
제주-2000-09-10-04:28,제주,2000-09-10,04:28,60,1,ascSign|mcSign|planetHouses,12.5500,4
제주-2000-09-10-04:28,제주,2000-09-10,04:28,120,1,hourPillar|minggongBranch|bodyPalaceBranch|soulStar|ascSign|mcSign|planetHouses,25.2000,10
제주-2000-09-10-06:42,제주,2000-09-10,06:42,-120,1,hourPillar|minggongBranch|bodyPalaceBranch|soulStar|ascSign|mcSign|planetHouses,25.2667,11
제주-2000-09-10-06:42,제주,2000-09-10,06:42,-60,1,planetHouses,12.7000,7
제주-2000-09-10-06:42,제주,2000-09-10,06:42,-30,1,planetHouses,6.3667,3
제주-2000-09-10-06:42,제주,2000-09-10,06:42,-15,1,planetHouses,3.1833,2
제주-2000-09-10-06:42,제주,2000-09-10,06:42,-5,0,,1.0667,0
제주-2000-09-10-06:42,제주,2000-09-10,06:42,5,1,planetHouses,1.0500,1
제주-2000-09-10-06:42,제주,2000-09-10,06:42,15,1,planetHouses,3.1667,1
제주-2000-09-10-06:42,제주,2000-09-10,06:42,30,1,planetHouses,6.3667,1
제주-2000-09-10-06:42,제주,2000-09-10,06:42,60,1,hourPillar|minggongBranch|bodyPalaceBranch|soulStar|ascSign|mcSign|planetHouses,12.7333,5
제주-2000-09-10-06:42,제주,2000-09-10,06:42,120,1,hourPillar|minggongBranch|bodyPalaceBranch|soulStar|ascSign|mcSign|planetHouses,25.4167,10
제주-2000-09-10-08:56,제주,2000-09-10,08:56,-120,1,hourPillar|minggongBranch|bodyPalaceBranch|soulStar|ascSign|mcSign|planetHouses,25.4000,11
제주-2000-09-10-08:56,제주,2000-09-10,08:56,-60,1,planetHouses,12.6667,7
제주-2000-09-10-08:56,제주,2000-09-10,08:56,-30,1,planetHouses,6.3167,2
제주-2000-09-10-08:56,제주,2000-09-10,08:56,-15,1,planetHouses,3.1500,2
제주-2000-09-10-08:56,제주,2000-09-10,08:56,-5,0,,1.0500,0
제주-2000-09-10-08:56,제주,2000-09-10,08:56,5,1,planetHouses,1.0667,1
제주-2000-09-10-08:56,제주,2000-09-10,08:56,15,1,planetHouses,3.1667,1
제주-2000-09-10-08:56,제주,2000-09-10,08:56,30,1,mcSign|planetHouses,6.3000,1
제주-2000-09-10-08:56,제주,2000-09-10,08:56,60,1,hourPillar|minggongBranch|bodyPalaceBranch|soulStar|ascSign|mcSign|planetHouses,12.5667,5
제주-2000-09-10-08:56,제주,2000-09-10,08:56,120,1,hourPillar|minggongBranch|bodyPalaceBranch|soulStar|ascSign|mcSign|planetHouses,25.0167,10
제주-2000-09-10-10:10,제주,2000-09-10,10:10,-120,1,hourPillar|minggongBranch|bodyPalaceBranch|soulStar|ascSign|mcSign|planetHouses,25.1833,12
제주-2000-09-10-10:10,제주,2000-09-10,10:10,-60,1,hourPillar|minggongBranch|bodyPalaceBranch|soulStar|ascSign|mcSign|planetHouses,12.5333,5
제주-2000-09-10-10:10,제주,2000-09-10,10:10,-30,1,planetHouses,6.2500,4
제주-2000-09-10-10:10,제주,2000-09-10,10:10,-15,1,planetHouses,3.1167,1
제주-2000-09-10-10:10,제주,2000-09-10,10:10,-5,1,planetHouses,1.0333,1
제주-2000-09-10-10:10,제주,2000-09-10,10:10,5,0,,1.0500,0
제주-2000-09-10-10:10,제주,2000-09-10,10:10,15,0,,3.1167,0
제주-2000-09-10-10:10,제주,2000-09-10,10:10,30,1,planetHouses,6.2333,4
제주-2000-09-10-10:10,제주,2000-09-10,10:10,60,1,planetHouses,12.4333,5
제주-2000-09-10-10:10,제주,2000-09-10,10:10,120,1,hourPillar|minggongBranch|bodyPalaceBranch|soulStar|ascSign|mcSign|planetHouses,24.8833,12
제주-2000-09-10-12:24,제주,2000-09-10,12:24,-120,1,hourPillar|minggongBranch|bodyPalaceBranch|soulStar|ascSign|mcSign|planetHouses,24.8833,12
제주-2000-09-10-12:24,제주,2000-09-10,12:24,-60,1,hourPillar|minggongBranch|bodyPalaceBranch|soulStar|ascSign|mcSign|planetHouses,12.4667,5
제주-2000-09-10-12:24,제주,2000-09-10,12:24,-30,1,ascSign|planetHouses,6.2500,4
제주-2000-09-10-12:24,제주,2000-09-10,12:24,-15,0,,3.1333,0
제주-2000-09-10-12:24,제주,2000-09-10,12:24,-5,0,,1.0500,0
제주-2000-09-10-12:24,제주,2000-09-10,12:24,5,0,,1.0500,0
제주-2000-09-10-12:24,제주,2000-09-10,12:24,15,1,planetHouses,3.1500,1
제주-2000-09-10-12:24,제주,2000-09-10,12:24,30,1,planetHouses,6.3167,3
제주-2000-09-10-12:24,제주,2000-09-10,12:24,60,1,mcSign|planetHouses,12.7500,5
제주-2000-09-10-12:24,제주,2000-09-10,12:24,120,1,hourPillar|minggongBranch|bodyPalaceBranch|soulStar|ascSign|mcSign|planetHouses,26.1167,11
제주-2000-09-10-14:38,제주,2000-09-10,14:38,-120,1,hourPillar|minggongBranch|bodyPalaceBranch|soulStar|ascSign|mcSign|planetHouses,26.4333,12
제주-2000-09-10-14:38,제주,2000-09-10,14:38,-60,1,ascSign|planetHouses,13.5833,7
제주-2000-09-10-14:38,제주,2000-09-10,14:38,-30,1,ascSign|planetHouses,6.9000,5
제주-2000-09-10-14:38,제주,2000-09-10,14:38,-15,1,planetHouses,3.4833,4
제주-2000-09-10-14:38,제주,2000-09-10,14:38,-5,1,planetHouses,1.1667,2
제주-2000-09-10-14:38,제주,2000-09-10,14:38,5,0,,1.1833,0
제주-2000-09-10-14:38,제주,2000-09-10,14:38,15,0,,3.5667,0
제주-2000-09-10-14:38,제주,2000-09-10,14:38,30,1,mcSign|planetHouses,7.2167,1
제주-2000-09-10-14:38,제주,2000-09-10,14:38,60,1,hourPillar|minggongBranch|bodyPalaceBranch|soulStar|mcSign|planetHouses,14.8333,4
제주-2000-09-10-14:38,제주,2000-09-10,14:38,120,1,hourPillar|minggongBranch|bodyPalaceBranch|soulStar|ascSign|mcSign|planetHouses,31.5333,10
제주-2000-09-10-16:52,제주,2000-09-10,16:52,-120,1,hourPillar|minggongBranch|bodyPalaceBranch|soulStar|ascSign|mcSign|planetHouses,32.4333,12
제주-2000-09-10-16:52,제주,2000-09-10,16:52,-60,1,ascSign|planetHouses,17.2333,6
제주-2000-09-10-16:52,제주,2000-09-10,16:52,-30,1,planetHouses,8.9167,3
제주-2000-09-10-16:52,제주,2000-09-10,16:52,-15,1,planetHouses,4.5333,2
제주-2000-09-10-16:52,제주,2000-09-10,16:52,-5,1,planetHouses,1.5167,1
제주-2000-09-10-16:52,제주,2000-09-10,16:52,5,0,,1.5500,0
제주-2000-09-10-16:52,제주,2000-09-10,16:52,15,1,mcSign,4.7000,0
제주-2000-09-10-16:52,제주,2000-09-10,16:52,30,1,mcSign|planetHouses,9.5667,2
제주-2000-09-10-16:52,제주,2000-09-10,16:52,60,1,hourPillar|minggongBranch|bodyPalaceBranch|soulStar|mcSign|planetHouses,19.7833,8
제주-2000-09-10-16:52,제주,2000-09-10,16:52,120,1,hourPillar|minggongBranch|bodyPalaceBranch|soulStar|ascSign|mcSign|planetHouses,41.8667,12
제주-2000-09-10-18:06,제주,2000-09-10,18:06,-120,1,hourPillar|minggongBranch|bodyPalaceBranch|soulStar|ascSign|mcSign|planetHouses,38.1833,12
제주-2000-09-10-18:06,제주,2000-09-10,18:06,-60,1,hourPillar|minggongBranch|bodyPalaceBranch|soulStar|ascSign|mcSign|planetHouses,20.3833,9
제주-2000-09-10-18:06,제주,2000-09-10,18:06,-30,1,ascSign|planetHouses,10.5167,4
제주-2000-09-10-18:06,제주,2000-09-10,18:06,-15,1,ascSign|planetHouses,5.3333,2
제주-2000-09-10-18:06,제주,2000-09-10,18:06,-5,0,,1.8000,0
제주-2000-09-10-18:06,제주,2000-09-10,18:06,5,0,,1.8000,0
제주-2000-09-10-18:06,제주,2000-09-10,18:06,15,1,planetHouses,5.4667,1
제주-2000-09-10-18:06,제주,2000-09-10,18:06,30,1,planetHouses,11.0500,2
제주-2000-09-10-18:06,제주,2000-09-10,18:06,60,1,planetHouses,22.4333,5
제주-2000-09-10-18:06,제주,2000-09-10,18:06,120,1,hourPillar|minggongBranch|bodyPalaceBranch|soulStar|ascSign|mcSign|planetHouses,45.2000,12
제주-2000-09-10-20:20,제주,2000-09-10,20:20,-120,1,hourPillar|minggongBranch|bodyPalaceBranch|soulStar|ascSign|mcSign|planetHouses,45.2167,12
제주-2000-09-10-20:20,제주,2000-09-10,20:20,-60,1,hourPillar|minggongBranch|bodyPalaceBranch|soulStar|planetHouses,22.5167,6
제주-2000-09-10-20:20,제주,2000-09-10,20:20,-30,1,planetHouses,11.1000,1
제주-2000-09-10-20:20,제주,2000-09-10,20:20,-15,0,,5.4833,0
제주-2000-09-10-20:20,제주,2000-09-10,20:20,-5,0,,1.8167,0
제주-2000-09-10-20:20,제주,2000-09-10,20:20,5,1,planetHouses,1.8167,1
제주-2000-09-10-20:20,제주,2000-09-10,20:20,15,1,planetHouses,5.3667,2
제주-2000-09-10-20:20,제주,2000-09-10,20:20,30,1,ascSign|planetHouses,10.5833,6
제주-2000-09-10-20:20,제주,2000-09-10,20:20,60,1,ascSign|planetHouses,20.5500,9
제주-2000-09-10-20:20,제주,2000-09-10,20:20,120,1,hourPillar|minggongBranch|bodyPalaceBranch|soulStar|ascSign|mcSign|planetHouses,38.5000,12
제주-2000-09-10-22:34,제주,2000-09-10,22:34,-120,1,hourPillar|minggongBranch|bodyPalaceBranch|soulStar|ascSign|mcSign|planetHouses,37.3333,12
제주-2000-09-10-22:34,제주,2000-09-10,22:34,-60,1,ascSign|planetHouses,17.3833,6
제주-2000-09-10-22:34,제주,2000-09-10,22:34,-30,1,ascSign|planetHouses,8.4000,4
제주-2000-09-10-22:34,제주,2000-09-10,22:34,-15,1,planetHouses,4.1333,2
제주-2000-09-10-22:34,제주,2000-09-10,22:34,-5,0,,1.3667,0
제주-2000-09-10-22:34,제주,2000-09-10,22:34,5,1,planetHouses,1.3500,2
제주-2000-09-10-22:34,제주,2000-09-10,22:34,15,1,planetHouses,4.0000,4
제주-2000-09-10-22:34,제주,2000-09-10,22:34,30,1,planetHouses,7.8667,4
제주-2000-09-10-22:34,제주,2000-09-10,22:34,60,1,hourPillar|minggongBranch|bodyPalaceBranch|soulStar|mcSign|planetHouses,15.3167,7
제주-2000-09-10-22:34,제주,2000-09-10,22:34,120,1,dayPillar|hourPillar|minggongBranch|bodyPalaceBranch|soulStar|ascSign|mcSign|planetHouses,29.2000,12
제주-2000-10-17-00:00,제주,2000-10-17,00:00,-120,1,hourPillar|minggongBranch|bodyPalaceBranch|soulStar|mcSign|planetHouses,25.8000,11
제주-2000-10-17-00:00,제주,2000-10-17,00:00,-60,1,hourPillar|minggongBranch|bodyPalaceBranch|soulStar|planetHouses,12.6333,4
제주-2000-10-17-00:00,제주,2000-10-17,00:00,-30,1,hourPillar|minggongBranch|bodyPalaceBranch|soulStar|planetHouses,6.2833,1
제주-2000-10-17-00:00,제주,2000-10-17,00:00,-15,0,,3.1333,0
제주-2000-10-17-00:00,제주,2000-10-17,00:00,-5,0,,1.0333,0
제주-2000-10-17-00:00,제주,2000-10-17,00:00,5,1,ascSign,1.0500,0
제주-2000-10-17-00:00,제주,2000-10-17,00:00,15,1,ascSign|planetHouses,3.1167,2
제주-2000-10-17-00:00,제주,2000-10-17,00:00,30,1,ascSign|planetHouses,6.2333,5
제주-2000-10-17-00:00,제주,2000-10-17,00:00,60,1,dayPillar|ascSign|mcSign|planetHouses,12.4333,6
제주-2000-10-17-00:00,제주,2000-10-17,00:00,120,1,dayPillar|hourPillar|minggongBranch|bodyPalaceBranch|soulStar|ascSign|mcSign|planetHouses,24.8833,12
제주-2000-10-17-02:14,제주,2000-10-17,02:14,-120,1,dayPillar|hourPillar|minggongBranch|bodyPalaceBranch|soulStar|mcSign|planetHouses,24.8667,11
제주-2000-10-17-02:14,제주,2000-10-17,02:14,-60,1,hourPillar|minggongBranch|bodyPalaceBranch|soulStar|planetHouses,12.4500,5
제주-2000-10-17-02:14,제주,2000-10-17,02:14,-30,1,planetHouses,6.2333,2
제주-2000-10-17-02:14,제주,2000-10-17,02:14,-15,1,planetHouses,3.1167,1
제주-2000-10-17-02:14,제주,2000-10-17,02:14,-5,0,,1.0333,0
제주-2000-10-17-02:14,제주,2000-10-17,02:14,5,0,,1.0500,0
제주-2000-10-17-02:14,제주,2000-10-17,02:14,15,1,planetHouses,3.1333,1
제주-2000-10-17-02:14,제주,2000-10-17,02:14,30,1,ascSign|mcSign|planetHouses,6.2833,4
제주-2000-10-17-02:14,제주,2000-10-17,02:14,60,1,ascSign|mcSign|planetHouses,12.5833,5
제주-2000-10-17-02:14,제주,2000-10-17,02:14,120,1,hourPillar|minggongBranch|bodyPalaceBranch|soulStar|ascSign|mcSign|planetHouses,25.2500,12
제주-2000-10-17-04:28,제주,2000-10-17,04:28,-120,1,hourPillar|minggongBranch|bodyPalaceBranch|soulStar|ascSign|mcSign|planetHouses,25.3000,11
제주-2000-10-17-04:28,제주,2000-10-17,04:28,-60,1,hourPillar|minggongBranch|bodyPalaceBranch|soulStar|planetHouses,12.7000,7
제주-2000-10-17-04:28,제주,2000-10-17,04:28,-30,1,planetHouses,6.3667,1
제주-2000-10-17-04:28,제주,2000-10-17,04:28,-15,0,,3.1833,0
제주-2000-10-17-04:28,제주,2000-10-17,04:28,-5,0,,1.0667,0
제주-2000-10-17-04:28,제주,2000-10-17,04:28,5,0,,1.0500,0
제주-2000-10-17-04:28,제주,2000-10-17,04:28,15,1,planetHouses,3.1833,1
제주-2000-10-17-04:28,제주,2000-10-17,04:28,30,1,ascSign|mcSign|planetHouses,6.3667,3
제주-2000-10-17-04:28,제주,2000-10-17,04:28,60,1,ascSign|mcSign|planetHouses,12.7333,4
제주-2000-10-17-04:28,제주,2000-10-17,04:28,120,1,hourPillar|minggongBranch|bodyPalaceBranch|soulStar|ascSign|mcSign|planetHouses,25.4167,12
제주-2000-10-17-06:42,제주,2000-10-17,06:42,-120,1,hourPillar|minggongBranch|bodyPalaceBranch|soulStar|ascSign|mcSign|planetHouses,25.3833,11
제주-2000-10-17-06:42,제주,2000-10-17,06:42,-60,1,planetHouses,12.6500,7
제주-2000-10-17-06:42,제주,2000-10-17,06:42,-30,1,planetHouses,6.3167,3
제주-2000-10-17-06:42,제주,2000-10-17,06:42,-15,0,,3.1500,0
제주-2000-10-17-06:42,제주,2000-10-17,06:42,-5,0,,1.0500,0
제주-2000-10-17-06:42,제주,2000-10-17,06:42,5,1,planetHouses,1.0500,1
제주-2000-10-17-06:42,제주,2000-10-17,06:42,15,1,planetHouses,3.1500,1
제주-2000-10-17-06:42,제주,2000-10-17,06:42,30,1,mcSign|planetHouses,6.2833,2
제주-2000-10-17-06:42,제주,2000-10-17,06:42,60,1,hourPillar|minggongBranch|bodyPalaceBranch|soulStar|ascSign|mcSign|planetHouses,12.5500,4
제주-2000-10-17-06:42,제주,2000-10-17,06:42,120,1,hourPillar|minggongBranch|bodyPalaceBranch|soulStar|ascSign|mcSign|planetHouses,24.9833,12
제주-2000-10-17-08:56,제주,2000-10-17,08:56,-120,1,hourPillar|minggongBranch|bodyPalaceBranch|soulStar|ascSign|mcSign|planetHouses,24.9500,12
제주-2000-10-17-08:56,제주,2000-10-17,08:56,-60,1,planetHouses,12.4333,9
제주-2000-10-17-08:56,제주,2000-10-17,08:56,-30,1,planetHouses,6.2167,4
제주-2000-10-17-08:56,제주,2000-10-17,08:56,-15,0,,3.1000,0
제주-2000-10-17-08:56,제주,2000-10-17,08:56,-5,0,,1.0333,0
제주-2000-10-17-08:56,제주,2000-10-17,08:56,5,1,mcSign,1.0333,0
제주-2000-10-17-08:56,제주,2000-10-17,08:56,15,1,mcSign,3.1000,0
제주-2000-10-17-08:56,제주,2000-10-17,08:56,30,1,mcSign|planetHouses,6.2167,1
제주-2000-10-17-08:56,제주,2000-10-17,08:56,60,1,hourPillar|minggongBranch|bodyPalaceBranch|soulStar|ascSign|mcSign|planetHouses,12.4500,3
제주-2000-10-17-08:56,제주,2000-10-17,08:56,120,1,hourPillar|minggongBranch|bodyPalaceBranch|soulStar|ascSign|mcSign|planetHouses,25.1833,10
제주-2000-10-17-10:10,제주,2000-10-17,10:10,-120,1,hourPillar|minggongBranch|bodyPalaceBranch|soulStar|ascSign|mcSign|planetHouses,24.9167,9
제주-2000-10-17-10:10,제주,2000-10-17,10:10,-60,1,hourPillar|minggongBranch|bodyPalaceBranch|soulStar|ascSign|planetHouses,12.4833,4
제주-2000-10-17-10:10,제주,2000-10-17,10:10,-30,1,planetHouses,6.2667,1
제주-2000-10-17-10:10,제주,2000-10-17,10:10,-15,1,planetHouses,3.1333,1
제주-2000-10-17-10:10,제주,2000-10-17,10:10,-5,1,planetHouses,1.0500,1
제주-2000-10-17-10:10,제주,2000-10-17,10:10,5,1,planetHouses,1.0667,1
제주-2000-10-17-10:10,제주,2000-10-17,10:10,15,1,planetHouses,3.1667,2
제주-2000-10-17-10:10,제주,2000-10-17,10:10,30,1,planetHouses,6.3667,6
제주-2000-10-17-10:10,제주,2000-10-17,10:10,60,1,mcSign|planetHouses,12.8333,9
제주-2000-10-17-10:10,제주,2000-10-17,10:10,120,1,hourPillar|minggongBranch|bodyPalaceBranch|soulStar|ascSign|mcSign|planetHouses,26.3833,11
제주-2000-10-17-12:24,제주,2000-10-17,12:24,-120,1,hourPillar|minggongBranch|bodyPalaceBranch|soulStar|ascSign|mcSign|planetHouses,26.7167,11
제주-2000-10-17-12:24,제주,2000-10-17,12:24,-60,1,hourPillar|minggongBranch|bodyPalaceBranch|soulStar|ascSign|planetHouses,13.7667,7
제주-2000-10-17-12:24,제주,2000-10-17,12:24,-30,1,ascSign|planetHouses,7.0167,6
제주-2000-10-17-12:24,제주,2000-10-17,12:24,-15,1,planetHouses,3.5500,4
제주-2000-10-17-12:24,제주,2000-10-17,12:24,-5,1,planetHouses,1.1833,1
제주-2000-10-17-12:24,제주,2000-10-17,12:24,5,0,,1.2000,0
제주-2000-10-17-12:24,제주,2000-10-17,12:24,15,1,planetHouses,3.6333,1
제주-2000-10-17-12:24,제주,2000-10-17,12:24,30,1,mcSign|planetHouses,7.3667,2
제주-2000-10-17-12:24,제주,2000-10-17,12:24,60,1,mcSign|planetHouses,15.1333,5
제주-2000-10-17-12:24,제주,2000-10-17,12:24,120,1,hourPillar|minggongBranch|bodyPalaceBranch|soulStar|ascSign|mcSign|planetHouses,32.2833,12
제주-2000-10-17-14:38,제주,2000-10-17,14:38,-120,1,hourPillar|minggongBranch|bodyPalaceBranch|soulStar|ascSign|mcSign|planetHouses,33.2500,11
제주-2000-10-17-14:38,제주,2000-10-17,14:38,-60,1,ascSign|planetHouses,17.7000,8
제주-2000-10-17-14:38,제주,2000-10-17,14:38,-30,1,planetHouses,9.1500,3
제주-2000-10-17-14:38,제주,2000-10-17,14:38,-15,1,planetHouses,4.6500,1
제주-2000-10-17-14:38,제주,2000-10-17,14:38,-5,0,,1.5667,0
제주-2000-10-17-14:38,제주,2000-10-17,14:38,5,1,mcSign|planetHouses,1.5833,1
제주-2000-10-17-14:38,제주,2000-10-17,14:38,15,1,mcSign|planetHouses,4.8333,2
제주-2000-10-17-14:38,제주,2000-10-17,14:38,30,1,mcSign|planetHouses,9.8167,4
제주-2000-10-17-14:38,제주,2000-10-17,14:38,60,1,hourPillar|minggongBranch|bodyPalaceBranch|soulStar|ascSign|mcSign|planetHouses,20.2667,7
제주-2000-10-17-14:38,제주,2000-10-17,14:38,120,1,hourPillar|minggongBranch|bodyPalaceBranch|soulStar|ascSign|mcSign|planetHouses,42.6500,12
제주-2000-10-17-16:52,제주,2000-10-17,16:52,-120,1,hourPillar|minggongBranch|bodyPalaceBranch|soulStar|ascSign|mcSign|planetHouses,43.5167,12
제주-2000-10-17-16:52,제주,2000-10-17,16:52,-60,1,ascSign|mcSign|planetHouses,22.6667,7
제주-2000-10-17-16:52,제주,2000-10-17,16:52,-30,1,ascSign|mcSign|planetHouses,11.4500,3
제주-2000-10-17-16:52,제주,2000-10-17,16:52,-15,1,ascSign|mcSign,5.7500,0
제주-2000-10-17-16:52,제주,2000-10-17,16:52,-5,1,ascSign|mcSign,1.9167,0
제주-2000-10-17-16:52,제주,2000-10-17,16:52,5,0,,1.9167,0
제주-2000-10-17-16:52,제주,2000-10-17,16:52,15,1,planetHouses,5.7333,2
제주-2000-10-17-16:52,제주,2000-10-17,16:52,30,1,planetHouses,11.4333,3
제주-2000-10-17-16:52,제주,2000-10-17,16:52,60,1,hourPillar|minggongBranch|bodyPalaceBranch|soulStar|planetHouses,22.5667,5
제주-2000-10-17-16:52,제주,2000-10-17,16:52,120,1,hourPillar|minggongBranch|bodyPalaceBranch|soulStar|ascSign|planetHouses,43.2167,12
제주-2000-10-17-18:06,제주,2000-10-17,18:06,-120,1,hourPillar|minggongBranch|bodyPalaceBranch|soulStar|ascSign|mcSign|planetHouses,45.1000,12
제주-2000-10-17-18:06,제주,2000-10-17,18:06,-60,1,hourPillar|minggongBranch|bodyPalaceBranch|soulStar|planetHouses,22.2667,7
제주-2000-10-17-18:06,제주,2000-10-17,18:06,-30,1,planetHouses,10.9333,3
제주-2000-10-17-18:06,제주,2000-10-17,18:06,-15,1,planetHouses,5.4000,3
제주-2000-10-17-18:06,제주,2000-10-17,18:06,-5,1,planetHouses,1.8000,1
제주-2000-10-17-18:06,제주,2000-10-17,18:06,5,1,ascSign,1.7667,0
제주-2000-10-17-18:06,제주,2000-10-17,18:06,15,1,ascSign|planetHouses,5.2500,3
제주-2000-10-17-18:06,제주,2000-10-17,18:06,30,1,ascSign|planetHouses,10.3500,4
제주-2000-10-17-18:06,제주,2000-10-17,18:06,60,1,ascSign|mcSign|planetHouses,20.0333,7
제주-2000-10-17-18:06,제주,2000-10-17,18:06,120,1,hourPillar|minggongBranch|bodyPalaceBranch|soulStar|ascSign|mcSign|planetHouses,37.5333,12
제주-2000-10-17-20:20,제주,2000-10-17,20:20,-120,1,hourPillar|minggongBranch|bodyPalaceBranch|soulStar|ascSign|mcSign|planetHouses,36.3833,12
제주-2000-10-17-20:20,제주,2000-10-17,20:20,-60,1,hourPillar|minggongBranch|bodyPalaceBranch|soulStar|ascSign|planetHouses,16.9333,7
제주-2000-10-17-20:20,제주,2000-10-17,20:20,-30,1,planetHouses,8.1833,5
제주-2000-10-17-20:20,제주,2000-10-17,20:20,-15,1,planetHouses,4.0333,2
제주-2000-10-17-20:20,제주,2000-10-17,20:20,-5,0,,1.3333,0
제주-2000-10-17-20:20,제주,2000-10-17,20:20,5,1,planetHouses,1.3167,2
제주-2000-10-17-20:20,제주,2000-10-17,20:20,15,1,planetHouses,3.9000,2
제주-2000-10-17-20:20,제주,2000-10-17,20:20,30,1,planetHouses,7.7000,3
제주-2000-10-17-20:20,제주,2000-10-17,20:20,60,1,mcSign|planetHouses,14.9833,5
제주-2000-10-17-20:20,제주,2000-10-17,20:20,120,1,hourPillar|minggongBranch|bodyPalaceBranch|soulStar|ascSign|mcSign|planetHouses,28.6667,12
제주-2000-10-17-22:34,제주,2000-10-17,22:34,-120,1,hourPillar|minggongBranch|bodyPalaceBranch|soulStar|ascSign|mcSign|planetHouses,28.0833,10
제주-2000-10-17-22:34,제주,2000-10-17,22:34,-60,1,ascSign|planetHouses,13.4500,5
제주-2000-10-17-22:34,제주,2000-10-17,22:34,-30,1,planetHouses,6.6167,2
제주-2000-10-17-22:34,제주,2000-10-17,22:34,-15,0,,3.2833,0
제주-2000-10-17-22:34,제주,2000-10-17,22:34,-5,0,,1.0833,0
제주-2000-10-17-22:34,제주,2000-10-17,22:34,5,1,planetHouses,1.0833,1
제주-2000-10-17-22:34,제주,2000-10-17,22:34,15,1,mcSign|planetHouses,3.2500,3
제주-2000-10-17-22:34,제주,2000-10-17,22:34,30,1,mcSign|planetHouses,6.4500,3
제주-2000-10-17-22:34,제주,2000-10-17,22:34,60,1,hourPillar|minggongBranch|bodyPalaceBranch|soulStar|mcSign|planetHouses,12.7833,7
제주-2000-10-17-22:34,제주,2000-10-17,22:34,120,1,dayPillar|hourPillar|minggongBranch|bodyPalaceBranch|soulStar|ascSign|mcSign|planetHouses,25.2667,12
제주-2000-11-24-00:00,제주,2000-11-24,00:00,-120,1,hourPillar|minggongBranch|bodyPalaceBranch|soulStar|ascSign|mcSign|planetHouses,24.9000,10
제주-2000-11-24-00:00,제주,2000-11-24,00:00,-60,1,hourPillar|minggongBranch|bodyPalaceBranch|soulStar|ascSign|planetHouses,12.4667,2
제주-2000-11-24-00:00,제주,2000-11-24,00:00,-30,1,hourPillar|minggongBranch|bodyPalaceBranch|soulStar|ascSign,6.2500,0
제주-2000-11-24-00:00,제주,2000-11-24,00:00,-15,1,ascSign,3.1167,0
제주-2000-11-24-00:00,제주,2000-11-24,00:00,-5,1,ascSign,1.0333,0
제주-2000-11-24-00:00,제주,2000-11-24,00:00,5,1,planetHouses,1.0500,1
제주-2000-11-24-00:00,제주,2000-11-24,00:00,15,1,mcSign|planetHouses,3.1500,2
제주-2000-11-24-00:00,제주,2000-11-24,00:00,30,1,mcSign|planetHouses,6.2833,3
제주-2000-11-24-00:00,제주,2000-11-24,00:00,60,1,dayPillar|mcSign|planetHouses,12.6000,6
제주-2000-11-24-00:00,제주,2000-11-24,00:00,120,1,dayPillar|hourPillar|minggongBranch|bodyPalaceBranch|soulStar|mcSign|planetHouses,25.3167,12
제주-2000-11-24-02:14,제주,2000-11-24,02:14,-120,1,dayPillar|hourPillar|minggongBranch|bodyPalaceBranch|soulStar|planetHouses,25.3500,10
제주-2000-11-24-02:14,제주,2000-11-24,02:14,-60,1,hourPillar|minggongBranch|bodyPalaceBranch|soulStar|planetHouses,12.7167,4
제주-2000-11-24-02:14,제주,2000-11-24,02:14,-30,0,,6.3667,0
제주-2000-11-24-02:14,제주,2000-11-24,02:14,-15,0,,3.1833,0
제주-2000-11-24-02:14,제주,2000-11-24,02:14,-5,0,,1.0667,0
제주-2000-11-24-02:14,제주,2000-11-24,02:14,5,0,,1.0667,0
제주-2000-11-24-02:14,제주,2000-11-24,02:14,15,1,ascSign|mcSign|planetHouses,3.1833,1
제주-2000-11-24-02:14,제주,2000-11-24,02:14,30,1,ascSign|mcSign|planetHouses,6.3667,3
제주-2000-11-24-02:14,제주,2000-11-24,02:14,60,1,ascSign|mcSign|planetHouses,12.7333,5
제주-2000-11-24-02:14,제주,2000-11-24,02:14,120,1,hourPillar|minggongBranch|bodyPalaceBranch|soulStar|ascSign|mcSign|planetHouses,25.3833,12
제주-2000-11-24-04:28,제주,2000-11-24,04:28,-120,1,hourPillar|minggongBranch|bodyPalaceBranch|soulStar|planetHouses,25.3500,11
제주-2000-11-24-04:28,제주,2000-11-24,04:28,-60,1,hourPillar|minggongBranch|bodyPalaceBranch|soulStar|planetHouses,12.6333,3
제주-2000-11-24-04:28,제주,2000-11-24,04:28,-30,0,,6.3000,0
제주-2000-11-24-04:28,제주,2000-11-24,04:28,-15,0,,3.1500,0
제주-2000-11-24-04:28,제주,2000-11-24,04:28,-5,0,,1.0500,0
제주-2000-11-24-04:28,제주,2000-11-24,04:28,5,1,mcSign,1.0500,0
제주-2000-11-24-04:28,제주,2000-11-24,04:28,15,1,mcSign|planetHouses,3.1500,1
제주-2000-11-24-04:28,제주,2000-11-24,04:28,30,1,ascSign|mcSign|planetHouses,6.2667,2
제주-2000-11-24-04:28,제주,2000-11-24,04:28,60,1,ascSign|mcSign|planetHouses,12.5167,6
제주-2000-11-24-04:28,제주,2000-11-24,04:28,120,1,hourPillar|minggongBranch|bodyPalaceBranch|soulStar|ascSign|mcSign|planetHouses,24.9333,12
제주-2000-11-24-06:42,제주,2000-11-24,06:42,-120,1,hourPillar|minggongBranch|bodyPalaceBranch|soulStar|ascSign|mcSign|planetHouses,24.9000,11
제주-2000-11-24-06:42,제주,2000-11-24,06:42,-60,1,mcSign|planetHouses,12.4167,4
제주-2000-11-24-06:42,제주,2000-11-24,06:42,-30,1,mcSign,6.2000,0
제주-2000-11-24-06:42,제주,2000-11-24,06:42,-15,1,mcSign,3.1000,0
제주-2000-11-24-06:42,제주,2000-11-24,06:42,-5,0,,1.0333,0
제주-2000-11-24-06:42,제주,2000-11-24,06:42,5,0,,1.0333,0
제주-2000-11-24-06:42,제주,2000-11-24,06:42,15,1,planetHouses,3.1167,1
제주-2000-11-24-06:42,제주,2000-11-24,06:42,30,1,ascSign|planetHouses,6.2333,4
제주-2000-11-24-06:42,제주,2000-11-24,06:42,60,1,hourPillar|minggongBranch|bodyPalaceBranch|soulStar|ascSign|planetHouses,12.5000,7
제주-2000-11-24-06:42,제주,2000-11-24,06:42,120,1,hourPillar|minggongBranch|bodyPalaceBranch|soulStar|ascSign|mcSign|planetHouses,25.3500,12
제주-2000-11-24-08:56,제주,2000-11-24,08:56,-120,1,hourPillar|minggongBranch|bodyPalaceBranch|soulStar|ascSign|mcSign|planetHouses,25.5333,12
제주-2000-11-24-08:56,제주,2000-11-24,08:56,-60,1,mcSign|planetHouses,12.9667,5
제주-2000-11-24-08:56,제주,2000-11-24,08:56,-30,1,planetHouses,6.5667,1
제주-2000-11-24-08:56,제주,2000-11-24,08:56,-15,0,,3.3000,0
제주-2000-11-24-08:56,제주,2000-11-24,08:56,-5,0,,1.1167,0
제주-2000-11-24-08:56,제주,2000-11-24,08:56,5,1,planetHouses,1.1000,2
제주-2000-11-24-08:56,제주,2000-11-24,08:56,15,1,planetHouses,3.3500,3
제주-2000-11-24-08:56,제주,2000-11-24,08:56,30,1,planetHouses,6.7667,5
제주-2000-11-24-08:56,제주,2000-11-24,08:56,60,1,hourPillar|minggongBranch|bodyPalaceBranch|soulStar|ascSign|planetHouses,13.8000,7
제주-2000-11-24-08:56,제주,2000-11-24,08:56,120,1,hourPillar|minggongBranch|bodyPalaceBranch|soulStar|ascSign|mcSign|planetHouses,28.9667,12
제주-2000-11-24-10:10,제주,2000-11-24,10:10,-120,1,hourPillar|minggongBranch|bodyPalaceBranch|soulStar|ascSign|mcSign|planetHouses,27.1833,11
제주-2000-11-24-10:10,제주,2000-11-24,10:10,-60,1,hourPillar|minggongBranch|bodyPalaceBranch|soulStar|ascSign|planetHouses,14.0667,5
제주-2000-11-24-10:10,제주,2000-11-24,10:10,-30,1,planetHouses,7.1833,2
제주-2000-11-24-10:10,제주,2000-11-24,10:10,-15,1,planetHouses,3.6333,1
제주-2000-11-24-10:10,제주,2000-11-24,10:10,-5,1,planetHouses,1.2167,1
제주-2000-11-24-10:10,제주,2000-11-24,10:10,5,1,mcSign,1.2333,0
제주-2000-11-24-10:10,제주,2000-11-24,10:10,15,1,mcSign|planetHouses,3.7333,2
제주-2000-11-24-10:10,제주,2000-11-24,10:10,30,1,mcSign|planetHouses,7.5667,3
제주-2000-11-24-10:10,제주,2000-11-24,10:10,60,1,mcSign|planetHouses,15.5833,8
제주-2000-11-24-10:10,제주,2000-11-24,10:10,120,1,hourPillar|minggongBranch|bodyPalaceBranch|soulStar|ascSign|mcSign|planetHouses,33.3500,11
제주-2000-11-24-12:24,제주,2000-11-24,12:24,-120,1,hourPillar|minggongBranch|bodyPalaceBranch|soulStar|ascSign|mcSign|planetHouses,34.3833,12
제주-2000-11-24-12:24,제주,2000-11-24,12:24,-60,1,hourPillar|minggongBranch|bodyPalaceBranch|soulStar|ascSign|mcSign|planetHouses,18.3500,8
제주-2000-11-24-12:24,제주,2000-11-24,12:24,-30,1,mcSign|planetHouses,9.5000,6
제주-2000-11-24-12:24,제주,2000-11-24,12:24,-15,1,mcSign|planetHouses,4.8333,4
제주-2000-11-24-12:24,제주,2000-11-24,12:24,-5,1,planetHouses,1.6333,2
제주-2000-11-24-12:24,제주,2000-11-24,12:24,5,0,,1.6333,0
제주-2000-11-24-12:24,제주,2000-11-24,12:24,15,0,,4.9833,0
제주-2000-11-24-12:24,제주,2000-11-24,12:24,30,1,planetHouses,10.1500,2
제주-2000-11-24-12:24,제주,2000-11-24,12:24,60,1,ascSign|planetHouses,20.9000,6
제주-2000-11-24-12:24,제주,2000-11-24,12:24,120,1,hourPillar|minggongBranch|bodyPalaceBranch|soulStar|ascSign|mcSign|planetHouses,43.5833,12
제주-2000-11-24-14:38,제주,2000-11-24,14:38,-120,1,hourPillar|minggongBranch|bodyPalaceBranch|soulStar|ascSign|mcSign|planetHouses,44.3000,12
제주-2000-11-24-14:38,제주,2000-11-24,14:38,-60,1,ascSign|mcSign|planetHouses,22.8500,8
제주-2000-11-24-14:38,제주,2000-11-24,14:38,-30,1,ascSign|mcSign|planetHouses,11.4833,2
제주-2000-11-24-14:38,제주,2000-11-24,14:38,-15,1,planetHouses,5.7333,1
제주-2000-11-24-14:38,제주,2000-11-24,14:38,-5,0,,1.9167,0
제주-2000-11-24-14:38,제주,2000-11-24,14:38,5,1,planetHouses,1.9000,2
제주-2000-11-24-14:38,제주,2000-11-24,14:38,15,1,planetHouses,5.6833,3
제주-2000-11-24-14:38,제주,2000-11-24,14:38,30,1,planetHouses,11.3167,4
제주-2000-11-24-14:38,제주,2000-11-24,14:38,60,1,hourPillar|minggongBranch|bodyPalaceBranch|soulStar|planetHouses,22.2167,8
제주-2000-11-24-14:38,제주,2000-11-24,14:38,120,1,hourPillar|minggongBranch|bodyPalaceBranch|soulStar|ascSign|mcSign|planetHouses,42.2000,12
제주-2000-11-24-16:52,제주,2000-11-24,16:52,-120,1,hourPillar|minggongBranch|bodyPalaceBranch|soulStar|ascSign|mcSign|planetHouses,41.1667,12
제주-2000-11-24-16:52,제주,2000-11-24,16:52,-60,1,mcSign|planetHouses,19.3833,6
제주-2000-11-24-16:52,제주,2000-11-24,16:52,-30,1,mcSign|planetHouses,9.3667,2
제주-2000-11-24-16:52,제주,2000-11-24,16:52,-15,1,planetHouses,4.6000,1
제주-2000-11-24-16:52,제주,2000-11-24,16:52,-5,0,,1.5167,0
제주-2000-11-24-16:52,제주,2000-11-24,16:52,5,1,planetHouses,1.5000,2
제주-2000-11-24-16:52,제주,2000-11-24,16:52,15,1,planetHouses,4.4333,3
제주-2000-11-24-16:52,제주,2000-11-24,16:52,30,1,ascSign|planetHouses,8.7333,5
제주-2000-11-24-16:52,제주,2000-11-24,16:52,60,1,hourPillar|minggongBranch|bodyPalaceBranch|soulStar|ascSign|planetHouses,16.8833,8
제주-2000-11-24-16:52,제주,2000-11-24,16:52,120,1,hourPillar|minggongBranch|bodyPalaceBranch|soulStar|ascSign|mcSign|planetHouses,31.8333,12
제주-2000-11-24-18:06,제주,2000-11-24,18:06,-120,1,hourPillar|minggongBranch|bodyPalaceBranch|soulStar|ascSign|mcSign|planetHouses,35.1500,12
제주-2000-11-24-18:06,제주,2000-11-24,18:06,-60,1,hourPillar|minggongBranch|bodyPalaceBranch|soulStar|ascSign|planetHouses,16.3833,6
제주-2000-11-24-18:06,제주,2000-11-24,18:06,-30,1,planetHouses,7.9333,3
제주-2000-11-24-18:06,제주,2000-11-24,18:06,-15,1,planetHouses,3.9000,1
제주-2000-11-24-18:06,제주,2000-11-24,18:06,-5,0,,1.3000,0
제주-2000-11-24-18:06,제주,2000-11-24,18:06,5,0,,1.2667,0
제주-2000-11-24-18:06,제주,2000-11-24,18:06,15,0,,3.7833,0
제주-2000-11-24-18:06,제주,2000-11-24,18:06,30,1,mcSign|planetHouses,7.4667,2
제주-2000-11-24-18:06,제주,2000-11-24,18:06,60,1,mcSign|planetHouses,14.5833,7
제주-2000-11-24-18:06,제주,2000-11-24,18:06,120,1,hourPillar|minggongBranch|bodyPalaceBranch|soulStar|ascSign|mcSign|planetHouses,28.0167,11
제주-2000-11-24-20:20,제주,2000-11-24,20:20,-120,1,hourPillar|minggongBranch|bodyPalaceBranch|soulStar|ascSign|mcSign|planetHouses,27.5167,11
제주-2000-11-24-20:20,제주,2000-11-24,20:20,-60,1,hourPillar|minggongBranch|bodyPalaceBranch|soulStar|mcSign|planetHouses,13.2500,6
제주-2000-11-24-20:20,제주,2000-11-24,20:20,-30,1,mcSign|planetHouses,6.5333,3
제주-2000-11-24-20:20,제주,2000-11-24,20:20,-15,1,mcSign|planetHouses,3.2500,2
제주-2000-11-24-20:20,제주,2000-11-24,20:20,-5,1,mcSign,1.0833,0
제주-2000-11-24-20:20,제주,2000-11-24,20:20,5,1,planetHouses,1.0667,1
제주-2000-11-24-20:20,제주,2000-11-24,20:20,15,1,planetHouses,3.2000,3
제주-2000-11-24-20:20,제주,2000-11-24,20:20,30,1,planetHouses,6.3833,3
제주-2000-11-24-20:20,제주,2000-11-24,20:20,60,1,planetHouses,12.6833,7
제주-2000-11-24-20:20,제주,2000-11-24,20:20,120,1,hourPillar|minggongBranch|bodyPalaceBranch|soulStar|ascSign|mcSign|planetHouses,25.1333,11
제주-2000-11-24-22:34,제주,2000-11-24,22:34,-120,1,hourPillar|minggongBranch|bodyPalaceBranch|soulStar|ascSign|mcSign|planetHouses,25.0167,8
제주-2000-11-24-22:34,제주,2000-11-24,22:34,-60,1,mcSign|planetHouses,12.4167,4
제주-2000-11-24-22:34,제주,2000-11-24,22:34,-30,1,mcSign|planetHouses,6.2000,1
제주-2000-11-24-22:34,제주,2000-11-24,22:34,-15,0,,3.1000,0
제주-2000-11-24-22:34,제주,2000-11-24,22:34,-5,0,,1.0333,0
제주-2000-11-24-22:34,제주,2000-11-24,22:34,5,1,planetHouses,1.0500,1
제주-2000-11-24-22:34,제주,2000-11-24,22:34,15,1,planetHouses,3.1167,2
제주-2000-11-24-22:34,제주,2000-11-24,22:34,30,1,planetHouses,6.2167,5
제주-2000-11-24-22:34,제주,2000-11-24,22:34,60,1,hourPillar|minggongBranch|bodyPalaceBranch|soulStar|planetHouses,12.4500,8
제주-2000-11-24-22:34,제주,2000-11-24,22:34,120,1,dayPillar|hourPillar|minggongBranch|bodyPalaceBranch|soulStar|ascSign|mcSign|planetHouses,25.0000,11
제주-2000-12-04-00:00,제주,2000-12-04,00:00,-120,1,hourPillar|minggongBranch|bodyPalaceBranch|soulStar|ascSign|mcSign|planetHouses,25.0000,12
제주-2000-12-04-00:00,제주,2000-12-04,00:00,-60,1,hourPillar|minggongBranch|bodyPalaceBranch|soulStar|ascSign|mcSign|planetHouses,12.5500,5
제주-2000-12-04-00:00,제주,2000-12-04,00:00,-30,1,hourPillar|minggongBranch|bodyPalaceBranch|soulStar|mcSign|planetHouses,6.3000,4
제주-2000-12-04-00:00,제주,2000-12-04,00:00,-15,1,planetHouses,3.1500,2
제주-2000-12-04-00:00,제주,2000-12-04,00:00,-5,1,planetHouses,1.0500,1
제주-2000-12-04-00:00,제주,2000-12-04,00:00,5,0,,1.0500,0
제주-2000-12-04-00:00,제주,2000-12-04,00:00,15,0,,3.1500,0
제주-2000-12-04-00:00,제주,2000-12-04,00:00,30,1,planetHouses,6.3167,2
제주-2000-12-04-00:00,제주,2000-12-04,00:00,60,1,dayPillar|planetHouses,12.6667,5
제주-2000-12-04-00:00,제주,2000-12-04,00:00,120,1,dayPillar|hourPillar|minggongBranch|bodyPalaceBranch|soulStar|ascSign|mcSign|planetHouses,25.4000,10
제주-2000-12-04-02:14,제주,2000-12-04,02:14,-120,1,dayPillar|hourPillar|minggongBranch|bodyPalaceBranch|soulStar|ascSign|mcSign|planetHouses,25.4333,11
제주-2000-12-04-02:14,제주,2000-12-04,02:14,-60,1,hourPillar|minggongBranch|bodyPalaceBranch|soulStar|ascSign|mcSign|planetHouses,12.7500,4
제주-2000-12-04-02:14,제주,2000-12-04,02:14,-30,1,planetHouses,6.3667,3
제주-2000-12-04-02:14,제주,2000-12-04,02:14,-15,1,planetHouses,3.1833,1
제주-2000-12-04-02:14,제주,2000-12-04,02:14,-5,0,,1.0667,0
제주-2000-12-04-02:14,제주,2000-12-04,02:14,5,1,planetHouses,1.0500,1
제주-2000-12-04-02:14,제주,2000-12-04,02:14,15,1,planetHouses,3.1667,1
제주-2000-12-04-02:14,제주,2000-12-04,02:14,30,1,planetHouses,6.3500,1
제주-2000-12-04-02:14,제주,2000-12-04,02:14,60,1,planetHouses,12.6833,7
제주-2000-12-04-02:14,제주,2000-12-04,02:14,120,1,hourPillar|minggongBranch|bodyPalaceBranch|soulStar|ascSign|mcSign|planetHouses,25.2667,12
제주-2000-12-04-04:28,제주,2000-12-04,04:28,-120,1,hourPillar|minggongBranch|bodyPalaceBranch|soulStar|ascSign|mcSign|planetHouses,25.2167,11
제주-2000-12-04-04:28,제주,2000-12-04,04:28,-60,1,hourPillar|minggongBranch|bodyPalaceBranch|soulStar|ascSign|mcSign|planetHouses,12.5500,5
제주-2000-12-04-04:28,제주,2000-12-04,04:28,-30,1,ascSign|planetHouses,6.2667,3
제주-2000-12-04-04:28,제주,2000-12-04,04:28,-15,0,,3.1333,0
제주-2000-12-04-04:28,제주,2000-12-04,04:28,-5,0,,1.0500,0
제주-2000-12-04-04:28,제주,2000-12-04,04:28,5,0,,1.0333,0
제주-2000-12-04-04:28,제주,2000-12-04,04:28,15,1,planetHouses,3.1167,1
제주-2000-12-04-04:28,제주,2000-12-04,04:28,30,1,planetHouses,6.2333,1
제주-2000-12-04-04:28,제주,2000-12-04,04:28,60,1,planetHouses,12.4500,7
제주-2000-12-04-04:28,제주,2000-12-04,04:28,120,1,hourPillar|minggongBranch|bodyPalaceBranch|soulStar|mcSign|planetHouses,24.8667,11
제주-2000-12-04-06:42,제주,2000-12-04,06:42,-120,1,hourPillar|minggongBranch|bodyPalaceBranch|soulStar|ascSign|mcSign|planetHouses,24.8667,11
제주-2000-12-04-06:42,제주,2000-12-04,06:42,-60,1,ascSign|mcSign|planetHouses,12.4500,5
제주-2000-12-04-06:42,제주,2000-12-04,06:42,-30,1,ascSign|planetHouses,6.2333,3
제주-2000-12-04-06:42,제주,2000-12-04,06:42,-15,1,ascSign|planetHouses,3.1167,1
제주-2000-12-04-06:42,제주,2000-12-04,06:42,-5,0,,1.0333,0
제주-2000-12-04-06:42,제주,2000-12-04,06:42,5,0,,1.0500,0
제주-2000-12-04-06:42,제주,2000-12-04,06:42,15,1,planetHouses,3.1500,2
제주-2000-12-04-06:42,제주,2000-12-04,06:42,30,1,planetHouses,6.3000,2
제주-2000-12-04-06:42,제주,2000-12-04,06:42,60,1,hourPillar|minggongBranch|bodyPalaceBranch|soulStar|mcSign|planetHouses,12.7000,7
제주-2000-12-04-06:42,제주,2000-12-04,06:42,120,1,hourPillar|minggongBranch|bodyPalaceBranch|soulStar|mcSign|planetHouses,25.9500,11
제주-2000-12-04-08:56,제주,2000-12-04,08:56,-120,1,hourPillar|minggongBranch|bodyPalaceBranch|soulStar|ascSign|mcSign|planetHouses,26.2500,12
제주-2000-12-04-08:56,제주,2000-12-04,08:56,-60,1,ascSign|planetHouses,13.4667,6
제주-2000-12-04-08:56,제주,2000-12-04,08:56,-30,1,ascSign|planetHouses,6.8500,4
제주-2000-12-04-08:56,제주,2000-12-04,08:56,-15,1,ascSign|planetHouses,3.4500,2
제주-2000-12-04-08:56,제주,2000-12-04,08:56,-5,0,,1.1667,0
제주-2000-12-04-08:56,제주,2000-12-04,08:56,5,0,,1.1667,0
제주-2000-12-04-08:56,제주,2000-12-04,08:56,15,1,planetHouses,3.5167,2
제주-2000-12-04-08:56,제주,2000-12-04,08:56,30,1,planetHouses,7.1333,2
제주-2000-12-04-08:56,제주,2000-12-04,08:56,60,1,hourPillar|minggongBranch|bodyPalaceBranch|soulStar|mcSign|planetHouses,14.6167,5
제주-2000-12-04-08:56,제주,2000-12-04,08:56,120,1,hourPillar|minggongBranch|bodyPalaceBranch|soulStar|ascSign|mcSign|planetHouses,31.0500,11
제주-2000-12-04-10:10,제주,2000-12-04,10:10,-120,1,hourPillar|minggongBranch|bodyPalaceBranch|soulStar|ascSign|mcSign|planetHouses,28.6667,11
제주-2000-12-04-10:10,제주,2000-12-04,10:10,-60,1,hourPillar|minggongBranch|bodyPalaceBranch|soulStar|mcSign|planetHouses,14.9833,5
제주-2000-12-04-10:10,제주,2000-12-04,10:10,-30,1,planetHouses,7.7000,3
제주-2000-12-04-10:10,제주,2000-12-04,10:10,-15,1,planetHouses,3.9000,2
제주-2000-12-04-10:10,제주,2000-12-04,10:10,-5,0,,1.3167,0
제주-2000-12-04-10:10,제주,2000-12-04,10:10,5,1,planetHouses,1.3333,1
제주-2000-12-04-10:10,제주,2000-12-04,10:10,15,1,planetHouses,4.0333,1
제주-2000-12-04-10:10,제주,2000-12-04,10:10,30,1,planetHouses,8.1833,2
제주-2000-12-04-10:10,제주,2000-12-04,10:10,60,1,ascSign|planetHouses,16.9500,7
제주-2000-12-04-10:10,제주,2000-12-04,10:10,120,1,hourPillar|minggongBranch|bodyPalaceBranch|soulStar|ascSign|mcSign|planetHouses,36.3833,12
제주-2000-12-04-12:24,제주,2000-12-04,12:24,-120,1,hourPillar|minggongBranch|bodyPalaceBranch|soulStar|ascSign|mcSign|planetHouses,37.5500,12
제주-2000-12-04-12:24,제주,2000-12-04,12:24,-60,1,hourPillar|minggongBranch|bodyPalaceBranch|soulStar|ascSign|mcSign|planetHouses,20.0500,6
제주-2000-12-04-12:24,제주,2000-12-04,12:24,-30,1,ascSign|planetHouses,10.3500,2
제주-2000-12-04-12:24,제주,2000-12-04,12:24,-15,1,ascSign,5.2667,0
제주-2000-12-04-12:24,제주,2000-12-04,12:24,-5,1,ascSign,1.7833,0
제주-2000-12-04-12:24,제주,2000-12-04,12:24,5,1,planetHouses,1.7833,2
제주-2000-12-04-12:24,제주,2000-12-04,12:24,15,1,planetHouses,5.3833,3
제주-2000-12-04-12:24,제주,2000-12-04,12:24,30,1,planetHouses,10.9167,5
제주-2000-12-04-12:24,제주,2000-12-04,12:24,60,1,planetHouses,22.2500,9
제주-2000-12-04-12:24,제주,2000-12-04,12:24,120,1,hourPillar|minggongBranch|bodyPalaceBranch|soulStar|ascSign|mcSign|planetHouses,45.0833,12
제주-2000-12-04-14:38,제주,2000-12-04,14:38,-120,1,hourPillar|minggongBranch|bodyPalaceBranch|soulStar|ascSign|mcSign|planetHouses,45.2333,12
제주-2000-12-04-14:38,제주,2000-12-04,14:38,-60,1,ascSign|mcSign|planetHouses,22.6667,5
제주-2000-12-04-14:38,제주,2000-12-04,14:38,-30,1,planetHouses,11.2167,2
제주-2000-12-04-14:38,제주,2000-12-04,14:38,-15,1,planetHouses,5.5500,2
제주-2000-12-04-14:38,제주,2000-12-04,14:38,-5,0,,1.8333,0
제주-2000-12-04-14:38,제주,2000-12-04,14:38,5,1,planetHouses,1.8333,1
제주-2000-12-04-14:38,제주,2000-12-04,14:38,15,1,planetHouses,5.4333,2
제주-2000-12-04-14:38,제주,2000-12-04,14:38,30,1,ascSign|planetHouses,10.7333,5
제주-2000-12-04-14:38,제주,2000-12-04,14:38,60,1,hourPillar|minggongBranch|bodyPalaceBranch|soulStar|ascSign|planetHouses,20.8500,8
제주-2000-12-04-14:38,제주,2000-12-04,14:38,120,1,hourPillar|minggongBranch|bodyPalaceBranch|soulStar|ascSign|mcSign|planetHouses,39.1333,12
제주-2000-12-04-16:52,제주,2000-12-04,16:52,-120,1,hourPillar|minggongBranch|bodyPalaceBranch|soulStar|ascSign|mcSign|planetHouses,37.9667,12
제주-2000-12-04-16:52,제주,2000-12-04,16:52,-60,1,ascSign|planetHouses,17.7000,7
제주-2000-12-04-16:52,제주,2000-12-04,16:52,-30,1,ascSign|planetHouses,8.5333,6
제주-2000-12-04-16:52,제주,2000-12-04,16:52,-15,1,planetHouses,4.2000,2
제주-2000-12-04-16:52,제주,2000-12-04,16:52,-5,1,planetHouses,1.3833,1
제주-2000-12-04-16:52,제주,2000-12-04,16:52,5,1,planetHouses,1.3667,1
제주-2000-12-04-16:52,제주,2000-12-04,16:52,15,1,planetHouses,4.0667,2
제주-2000-12-04-16:52,제주,2000-12-04,16:52,30,1,planetHouses,8.0000,4
제주-2000-12-04-16:52,제주,2000-12-04,16:52,60,1,hourPillar|minggongBranch|bodyPalaceBranch|soulStar|mcSign|planetHouses,15.5500,6
제주-2000-12-04-16:52,제주,2000-12-04,16:52,120,1,hourPillar|minggongBranch|bodyPalaceBranch|soulStar|ascSign|mcSign|planetHouses,29.5833,11
제주-2000-12-04-18:06,제주,2000-12-04,18:06,-120,1,hourPillar|minggongBranch|bodyPalaceBranch|soulStar|ascSign|mcSign|planetHouses,32.2833,12
제주-2000-12-04-18:06,제주,2000-12-04,18:06,-60,1,hourPillar|minggongBranch|bodyPalaceBranch|soulStar|mcSign|planetHouses,15.1333,4
제주-2000-12-04-18:06,제주,2000-12-04,18:06,-30,1,mcSign|planetHouses,7.3500,1
제주-2000-12-04-18:06,제주,2000-12-04,18:06,-15,0,,3.6333,0
제주-2000-12-04-18:06,제주,2000-12-04,18:06,-5,0,,1.2000,0
제주-2000-12-04-18:06,제주,2000-12-04,18:06,5,0,,1.2000,0
제주-2000-12-04-18:06,제주,2000-12-04,18:06,15,1,planetHouses,3.5500,2
제주-2000-12-04-18:06,제주,2000-12-04,18:06,30,1,ascSign|planetHouses,7.0167,2
제주-2000-12-04-18:06,제주,2000-12-04,18:06,60,1,ascSign|planetHouses,13.7667,8
제주-2000-12-04-18:06,제주,2000-12-04,18:06,120,1,hourPillar|minggongBranch|bodyPalaceBranch|soulStar|ascSign|mcSign|planetHouses,26.7333,12
제주-2000-12-04-20:20,제주,2000-12-04,20:20,-120,1,hourPillar|minggongBranch|bodyPalaceBranch|soulStar|ascSign|mcSign|planetHouses,26.3667,12
제주-2000-12-04-20:20,제주,2000-12-04,20:20,-60,1,hourPillar|minggongBranch|bodyPalaceBranch|soulStar|mcSign|planetHouses,12.8333,5
제주-2000-12-04-20:20,제주,2000-12-04,20:20,-30,1,planetHouses,6.3500,2
제주-2000-12-04-20:20,제주,2000-12-04,20:20,-15,0,,3.1667,0
제주-2000-12-04-20:20,제주,2000-12-04,20:20,-5,0,,1.0500,0
제주-2000-12-04-20:20,제주,2000-12-04,20:20,5,0,,1.0500,0
제주-2000-12-04-20:20,제주,2000-12-04,20:20,15,1,planetHouses,3.1500,2
제주-2000-12-04-20:20,제주,2000-12-04,20:20,30,1,planetHouses,6.2667,4
제주-2000-12-04-20:20,제주,2000-12-04,20:20,60,1,ascSign|planetHouses,12.5000,7
제주-2000-12-04-20:20,제주,2000-12-04,20:20,120,1,hourPillar|minggongBranch|bodyPalaceBranch|soulStar|ascSign|mcSign|planetHouses,24.9167,12
제주-2000-12-04-22:34,제주,2000-12-04,22:34,-120,1,hourPillar|minggongBranch|bodyPalaceBranch|soulStar|ascSign|mcSign|planetHouses,24.8833,11
제주-2000-12-04-22:34,제주,2000-12-04,22:34,-60,1,planetHouses,12.4167,5
제주-2000-12-04-22:34,제주,2000-12-04,22:34,-30,1,planetHouses,6.2167,3
제주-2000-12-04-22:34,제주,2000-12-04,22:34,-15,0,,3.1000,0
제주-2000-12-04-22:34,제주,2000-12-04,22:34,-5,0,,1.0333,0
제주-2000-12-04-22:34,제주,2000-12-04,22:34,5,0,,1.0500,0
제주-2000-12-04-22:34,제주,2000-12-04,22:34,15,1,planetHouses,3.1167,1
제주-2000-12-04-22:34,제주,2000-12-04,22:34,30,1,planetHouses,6.2500,3
제주-2000-12-04-22:34,제주,2000-12-04,22:34,60,1,hourPillar|minggongBranch|bodyPalaceBranch|soulStar|ascSign|mcSign|planetHouses,12.5167,5
제주-2000-12-04-22:34,제주,2000-12-04,22:34,120,1,dayPillar|hourPillar|minggongBranch|bodyPalaceBranch|soulStar|ascSign|mcSign|planetHouses,25.1500,12
